[32m[09:29:23.727] [INFO] [main] Ravenmere starting[0m
[32m[09:29:23.728] [INFO] [InputManager] InputManager created[0m
[32m[09:29:24.300] [INFO] [Audio] Audio System Initialized.[0m
[32m[09:29:24.320] [INFO] [SoundRegistry] Loaded 30 sound events from resources/sounds/sounds.json[0m
[32m[09:29:24.321] [INFO] [Ambience] Loaded 9 ambience contexts from resources/sounds/ambience.json[0m
[33m[09:29:24.322] [WARN] [TTS] Piper assets not found (run tools/setup_piper.py) — NPC voices disabled[0m
[32m[09:29:24.322] [INFO] [WorldInitializer] Initializing Phyxel Application...[0m
[32m[09:29:24.322] [INFO] [WorldInitializer] Logging system initialized (check logging.ini for configuration)[0m
[32m[09:29:24.322] [INFO] [WorldInitializer] Initializing window[0m
[32m[09:29:24.322] [INFO] [WindowManager] Initializing GLFW window system[0m
[32m[09:29:24.346] [INFO] [WindowManager] Window created: 1280x720 'Ravenmere'[0m
[32m[09:29:24.346] [INFO] [WorldInitializer] Window initialization complete[0m
[32m[09:29:24.348] [INFO] [Vulkan] Instance API version requested: 1.2 (loader offers 1.4)[0m
[32m[09:29:26.039] [INFO] [Vulkan] Vulkan surface created successfully[0m
[32m[09:29:26.045] [INFO] [Vulkan] Selected GPU: NVIDIA RTX 1000 Ada Generation Laptop GPU (discrete, 2 device(s) enumerated)[0m
[32m[09:29:26.045] [INFO] [Vulkan] C2 capability set: multiDrawIndirect=yes drawIndirectFirstInstance=yes gl_DrawID(1.1)=yes drawIndirectCount(1.2)=yes deviceApi=1.4[0m
[32m[09:29:26.090] [INFO] [Vulkan] Compute queue family: 0 (shared with graphics)[0m
[32m[09:29:26.279] [INFO] [Vulkan] Swapchain created successfully[0m
[32m[09:29:26.280] [INFO] [Vulkan] Framebuffers created successfully[0m
[32m[09:29:26.303] [INFO] [Rendering] Debug graphics pipeline created successfully[0m
[32m[09:29:26.303] [INFO] [Rendering] Debug line pipeline created successfully[0m
[32m[09:29:26.304] [INFO] [Vulkan] Command buffers created successfully[0m
[32m[09:29:26.304] [INFO] [Vulkan] Compute resources initialized (2 command buffers)[0m
[32m[09:29:26.306] [INFO] [Vulkan] Created light SSBO buffers (2064 bytes each)[0m
[32m[09:29:26.306] [INFO] [Vulkan] Created atlas UV SSBO buffers (24592 bytes each)[0m
[32m[09:29:26.307] [INFO] [Vulkan] Created character bone SSBOs x2 (65536 matrices, 4194304 bytes each)[0m
[32m[09:29:26.307] [INFO] [Vulkan] Sync objects created successfully[0m
[32m[09:29:26.307] [INFO] [WorldInitializer] Vulkan subsystem initialized successfully[0m
[32m[09:29:26.307] [INFO] [WorldInitializer] Initializing texture atlas system...[0m
[32m[09:29:26.313] [INFO] [MaterialRegistry] Loaded 108 materials (648 texture slots) from resources/materials.json[0m
[32m[09:29:28.044] [INFO] [AtlasManager] Texture array class 0: BC7 cache hit, 468 layers @ 512px - source decode skipped (312 MB)[0m
[32m[09:29:28.507] [INFO] [AtlasManager] Texture array class 1: BC7 cache hit, 180 layers @ 1024px - source decode skipped (480 MB)[0m
[32m[09:29:28.601] [INFO] [AtlasManager] BC7 albedo class 0 ready (156 MB)[0m
[32m[09:29:28.636] [INFO] [Vulkan] BC7 texture array uploaded (class 0, 468 layers @ 512x512, 10 mips, 156 MB)[0m
[32m[09:29:28.636] [INFO] [AtlasManager] BC7 nr class 0 ready (156 MB)[0m
[32m[09:29:28.667] [INFO] [Vulkan] BC7 texture array uploaded (class 2, 468 layers @ 512x512, 10 mips, 156 MB)[0m
[32m[09:29:28.750] [INFO] [AtlasManager] BC7 albedo class 1 ready (240 MB)[0m
[32m[09:29:28.810] [INFO] [Vulkan] BC7 texture array uploaded (class 1, 180 layers @ 1024x1024, 11 mips, 240 MB)[0m
[32m[09:29:28.810] [INFO] [AtlasManager] BC7 nr class 1 ready (240 MB)[0m
[32m[09:29:28.858] [INFO] [Vulkan] BC7 texture array uploaded (class 3, 180 layers @ 1024x1024, 11 mips, 240 MB)[0m
[32m[09:29:28.859] [INFO] [Vulkan] Updated atlas SSBO (count512=468, count1024=180, fallback=0)[0m
[32m[09:29:28.859] [INFO] [WorldInitializer] Populated atlas SSBO with material PBR props (512 class=468, 1024 class=180)[0m
[32m[09:29:28.859] [INFO] [WorldInitializer] Texture atlas system initialized successfully[0m
[32m[09:29:28.859] [INFO] [Chunk] Physics world set for proper dynamic object cleanup[0m
[32m[09:29:28.860] [INFO] [WorldStorage] [WORLD_STORAGE] Opened database: worlds/default.db[0m
[32m[09:29:28.866] [INFO] [WorldStorage] [WORLD_STORAGE] WorldStorage initialized successfully[0m
[32m[09:29:28.866] [INFO] [ChunkStreaming] World storage initialized: worlds/default.db[0m
[32m[09:29:28.866] [INFO] [WorldStorage] [WORLD_STORAGE] Found 0 chunks in database[0m
[32m[09:29:28.866] [INFO] [ChunkStreaming] No chunks found in database[0m
[32m[09:29:28.866] [INFO] [WorldInitializer] No chunks found in database - starting with EMPTY world for Python scripting[0m
[32m[09:29:28.866] [INFO] [Chunk] Rebuilding faces for all loaded chunks with cross-chunk culling...[0m
[32m[09:29:28.866] [INFO] [Chunk] Face rebuilding complete for 0 chunks[0m
[32m[09:29:28.866] [INFO] [Chunk] Initializing voxel hash maps for all 0 chunks...[0m
[32m[09:29:28.866] [INFO] [Chunk] Completed voxel map initialization for optimized O(1) hover detection[0m
[32m[09:29:28.866] [INFO] [WorldInitializer] Created 0 chunks for testing[0m
[32m[09:29:28.866] [INFO] [InputManager] InputManager initialized successfully[0m
[32m[09:29:28.866] [INFO] [Physics] PhysicsWorld initialized (VoxelDynamicsWorld)[0m
[32m[09:29:28.866] [INFO] [WorldInitializer] Physics subsystem initialized successfully (static cubes excluded)[0m
[32m[09:29:28.866] [INFO] [WorldInitializer] Creating chunk physics bodies...[0m
[32m[09:29:28.866] [INFO] [WorldInitializer] Assets loaded successfully[0m
[32m[09:29:28.872] [INFO] [UI] Loaded terminal font: JetBrains Mono Nerd Font (bundled)[0m
[32m[09:29:28.872] [INFO] [WorldInitializer] Application initialized successfully![0m
[32m[09:29:28.872] [INFO] [EngineRuntime] Engine runtime initialized successfully[0m
[32m[09:29:28.873] [INFO] [Ravenmere] Initializing...[0m
[32m[09:29:28.885] [INFO] [ObjectTemplateManager] Loaded template: burgomaster with 1023 cubes, 5688 subcubes, 0 microcubes, 0 fine voxels, 0 interaction points, 1 parts[0m
[32m[09:29:28.914] [INFO] [ObjectTemplateManager] Loaded template: burgomaster_furnished with 2778 cubes, 15695 subcubes, 1192 microcubes, 0 fine voxels, 0 interaction points, 1 parts[0m
[32m[09:29:28.943] [INFO] [ObjectTemplateManager] Loaded template: burgomaster_grand with 2778 cubes, 15695 subcubes, 1192 microcubes, 0 fine voxels, 0 interaction points, 1 parts[0m
[32m[09:29:28.956] [INFO] [ObjectTemplateManager] Loaded template: burgomaster_v2 with 1165 cubes, 3540 subcubes, 2136 microcubes, 0 fine voxels, 0 interaction points, 1 parts[0m
[32m[09:29:28.962] [INFO] [ObjectTemplateManager] Loaded template: door_grand with 0 cubes, 8 subcubes, 1242 microcubes, 0 fine voxels, 0 interaction points, 1 parts[0m
[32m[09:29:28.965] [INFO] [ObjectTemplateManager] Loaded template: door_iron with 0 cubes, 6 subcubes, 324 microcubes, 0 fine voxels, 0 interaction points, 1 parts[0m
[33m[09:29:28.966] [WARN] [ObjectTemplateManager] Failed to parse interaction_point line: # interaction_point: handle_0 door_handle 0.5 1.0 1.0 0.0[0m
[32m[09:29:28.966] [INFO] [ObjectTemplateManager] Loaded template: door_metal with 2 cubes, 0 subcubes, 0 microcubes, 0 fine voxels, 0 interaction points, 2 parts[0m
[32m[09:29:28.971] [INFO] [ObjectTemplateManager] Loaded template: door_plank with 0 cubes, 4 subcubes, 350 microcubes, 0 fine voxels, 0 interaction points, 1 parts[0m
[32m[09:29:28.974] [INFO] [ObjectTemplateManager] Loaded template: door_wood with 0 cubes, 18 subcubes, 2 microcubes, 0 fine voxels, 1 interaction points, 1 parts[0m
[32m[09:29:28.975] [INFO] [ObjectTemplateManager] Loaded template: door_wood_wide with 0 cubes, 36 subcubes, 2 microcubes, 0 fine voxels, 1 interaction points, 1 parts[0m
[32m[09:29:28.979] [INFO] [ObjectTemplateManager] Loaded template: gate_timber with 0 cubes, 80 subcubes, 633 microcubes, 0 fine voxels, 0 interaction points, 1 parts[0m
[32m[09:29:28.985] [INFO] [ObjectTemplateManager] Loaded template: house2 with 359 cubes, 1881 subcubes, 0 microcubes, 0 fine voxels, 0 interaction points, 1 parts[0m
[32m[09:29:28.994] [INFO] [ObjectTemplateManager] Loaded template: houseL with 392 cubes, 1739 subcubes, 1339 microcubes, 0 fine voxels, 0 interaction points, 1 parts[0m
[32m[09:29:29.001] [INFO] [ObjectTemplateManager] Loaded template: house_2story with 359 cubes, 1881 subcubes, 0 microcubes, 0 fine voxels, 0 interaction points, 1 parts[0m
[32m[09:29:29.001] [INFO] [ObjectTemplateManager] Loaded template: iron_bars with 0 cubes, 12 subcubes, 0 microcubes, 0 fine voxels, 0 interaction points, 1 parts[0m
[32m[09:29:29.002] [INFO] [ObjectTemplateManager] Loaded template: ladder with 0 cubes, 14 subcubes, 0 microcubes, 0 fine voxels, 0 interaction points, 1 parts[0m
[32m[09:29:29.012] [INFO] [ObjectTemplateManager] Loaded template: manor_gen with 315 cubes, 3056 subcubes, 1447 microcubes, 0 fine voxels, 0 interaction points, 1 parts[0m
[32m[09:29:29.016] [INFO] [ObjectTemplateManager] Loaded template: market_stall with 0 cubes, 0 subcubes, 840 microcubes, 0 fine voxels, 0 interaction points, 1 parts[0m
[32m[09:29:29.017] [INFO] [ObjectTemplateManager] Loaded template: pillar_stone with 0 cubes, 23 subcubes, 0 microcubes, 0 fine voxels, 0 interaction points, 1 parts[0m
[32m[09:29:29.023] [INFO] [ObjectTemplateManager] Loaded template: shop_detailed with 284 cubes, 2328 subcubes, 0 microcubes, 0 fine voxels, 0 interaction points, 1 parts[0m
[32m[09:29:29.033] [INFO] [ObjectTemplateManager] Loaded template: statue_hero with 0 cubes, 0 subcubes, 2530 microcubes, 0 fine voxels, 0 interaction points, 1 parts[0m
[32m[09:29:29.034] [INFO] [ObjectTemplateManager] Loaded template: trapdoor with 0 cubes, 0 subcubes, 121 microcubes, 0 fine voxels, 0 interaction points, 1 parts[0m
[32m[09:29:29.034] [INFO] [ObjectTemplateManager] Loaded template: waystone with 0 cubes, 5 subcubes, 10 microcubes, 0 fine voxels, 0 interaction points, 1 parts[0m
[32m[09:29:29.038] [INFO] [ObjectTemplateManager] Loaded template: well with 0 cubes, 0 subcubes, 453 microcubes, 0 fine voxels, 0 interaction points, 1 parts[0m
[32m[09:29:29.040] [INFO] [ObjectTemplateManager] Loaded template: altar with 0 cubes, 23 subcubes, 0 microcubes, 0 fine voxels, 0 interaction points, 1 parts[0m
[32m[09:29:29.040] [INFO] [ObjectTemplateManager] Loaded template: anvil with 0 cubes, 0 subcubes, 48 microcubes, 0 fine voxels, 0 interaction points, 1 parts[0m
[32m[09:29:29.041] [INFO] [ObjectTemplateManager] Loaded template: armchair with 0 cubes, 0 subcubes, 175 microcubes, 0 fine voxels, 0 interaction points, 1 parts[0m
[32m[09:29:29.046] [INFO] [ObjectTemplateManager] Loaded template: back_bar with 0 cubes, 0 subcubes, 696 microcubes, 0 fine voxels, 0 interaction points, 1 parts[0m
[32m[09:29:29.049] [INFO] [ObjectTemplateManager] Loaded template: barrel with 0 cubes, 0 subcubes, 168 microcubes, 0 fine voxels, 0 interaction points, 1 parts[0m
[32m[09:29:29.052] [INFO] [ObjectTemplateManager] Loaded template: bar_stool with 0 cubes, 0 subcubes, 48 microcubes, 0 fine voxels, 1 interaction points, 1 parts[0m
[32m[09:29:29.056] [INFO] [ObjectTemplateManager] Loaded template: bed_single with 0 cubes, 0 subcubes, 438 microcubes, 0 fine voxels, 0 interaction points, 1 parts[0m
[32m[09:29:29.057] [INFO] [ObjectTemplateManager] Loaded template: bellows with 0 cubes, 0 subcubes, 70 microcubes, 0 fine voxels, 0 interaction points, 1 parts[0m
[32m[09:29:29.057] [INFO] [ObjectTemplateManager] Loaded template: bench_great with 0 cubes, 96 subcubes, 0 microcubes, 0 fine voxels, 1 interaction points, 1 parts[0m
[32m[09:29:29.058] [INFO] [ObjectTemplateManager] Loaded template: bench_wood with 0 cubes, 0 subcubes, 64 microcubes, 0 fine voxels, 1 interaction points, 1 parts[0m
[32m[09:29:29.062] [INFO] [ObjectTemplateManager] Loaded template: bookshelf with 0 cubes, 0 subcubes, 525 microcubes, 0 fine voxels, 0 interaction points, 1 parts[0m
[32m[09:29:29.063] [INFO] [ObjectTemplateManager] Loaded template: book_stack with 0 cubes, 0 subcubes, 126 microcubes, 0 fine voxels, 0 interaction points, 1 parts[0m
[32m[09:29:29.063] [INFO] [ObjectTemplateManager] Loaded template: bottle with 0 cubes, 0 subcubes, 3 microcubes, 0 fine voxels, 0 interaction points, 1 parts[0m
[32m[09:29:29.064] [INFO] [ObjectTemplateManager] Loaded template: brazier with 0 cubes, 13 subcubes, 0 microcubes, 0 fine voxels, 0 interaction points, 1 parts[0m
[32m[09:29:29.065] [INFO] [ObjectTemplateManager] Loaded template: campfire with 0 cubes, 11 subcubes, 0 microcubes, 0 fine voxels, 0 interaction points, 1 parts[0m
[32m[09:29:29.065] [INFO] [ObjectTemplateManager] Loaded template: candelabra with 0 cubes, 0 subcubes, 16 microcubes, 0 fine voxels, 0 interaction points, 1 parts[0m
[32m[09:29:29.066] [INFO] [ObjectTemplateManager] Loaded template: candle_holder with 0 cubes, 7 subcubes, 0 microcubes, 0 fine voxels, 0 interaction points, 1 parts[0m
[32m[09:29:29.066] [INFO] [ObjectTemplateManager] Loaded template: candle_stand with 0 cubes, 0 subcubes, 36 microcubes, 0 fine voxels, 0 interaction points, 1 parts[0m
[32m[09:29:29.067] [INFO] [ObjectTemplateManager] Loaded template: chair with 0 cubes, 0 subcubes, 40 microcubes, 0 fine voxels, 0 interaction points, 1 parts[0m
[32m[09:29:29.068] [INFO] [ObjectTemplateManager] Loaded template: chair_wood with 0 cubes, 0 subcubes, 138 microcubes, 0 fine voxels, 1 interaction points, 1 parts[0m
[32m[09:29:29.068] [INFO] [ObjectTemplateManager] Loaded template: chandelier with 0 cubes, 0 subcubes, 37 microcubes, 0 fine voxels, 0 interaction points, 1 parts[0m
[32m[09:29:29.072] [INFO] [ObjectTemplateManager] Loaded template: chest_closed with 0 cubes, 0 subcubes, 249 microcubes, 0 fine voxels, 0 interaction points, 3 parts[0m
[32m[09:29:29.072] [INFO] [ObjectTemplateManager] Loaded template: chest_open with 0 cubes, 21 subcubes, 0 microcubes, 0 fine voxels, 0 interaction points, 1 parts[0m
[32m[09:29:29.075] [INFO] [ObjectTemplateManager] Loaded template: chopping_block with 0 cubes, 0 subcubes, 95 microcubes, 0 fine voxels, 0 interaction points, 1 parts[0m
[32m[09:29:29.076] [INFO] [ObjectTemplateManager] Loaded template: counter with 0 cubes, 0 subcubes, 210 microcubes, 0 fine voxels, 0 interaction points, 1 parts[0m
[32m[09:29:29.077] [INFO] [ObjectTemplateManager] Loaded template: crate_wood with 1 cubes, 0 subcubes, 0 microcubes, 0 fine voxels, 0 interaction points, 1 parts[0m
[32m[09:29:29.078] [INFO] [ObjectTemplateManager] Loaded template: desk with 0 cubes, 4 subcubes, 212 microcubes, 0 fine voxels, 0 interaction points, 1 parts[0m
[32m[09:29:29.079] [INFO] [ObjectTemplateManager] Loaded template: dresser with 0 cubes, 0 subcubes, 171 microcubes, 0 fine voxels, 0 interaction points, 1 parts[0m
[32m[09:29:29.084] [INFO] [ObjectTemplateManager] Loaded template: fireplace with 0 cubes, 0 subcubes, 596 microcubes, 0 fine voxels, 0 interaction points, 1 parts[0m
[32m[09:29:29.088] [INFO] [ObjectTemplateManager] Loaded template: forge_hearth with 0 cubes, 0 subcubes, 528 microcubes, 0 fine voxels, 0 interaction points, 1 parts[0m
[32m[09:29:29.093] [INFO] [ObjectTemplateManager] Loaded template: four_poster with 0 cubes, 0 subcubes, 1102 microcubes, 0 fine voxels, 0 interaction points, 1 parts[0m
[32m[09:29:29.097] [INFO] [ObjectTemplateManager] Loaded template: garden_bed with 0 cubes, 0 subcubes, 382 microcubes, 0 fine voxels, 0 interaction points, 1 parts[0m
[32m[09:29:29.098] [INFO] [ObjectTemplateManager] Loaded template: hanging_sign with 0 cubes, 0 subcubes, 40 microcubes, 0 fine voxels, 0 interaction points, 1 parts[0m
[32m[09:29:29.099] [INFO] [ObjectTemplateManager] Loaded template: keg with 0 cubes, 0 subcubes, 76 microcubes, 0 fine voxels, 0 interaction points, 1 parts[0m
[32m[09:29:29.103] [INFO] [ObjectTemplateManager] Loaded template: long_table with 0 cubes, 0 subcubes, 455 microcubes, 0 fine voxels, 0 interaction points, 1 parts[0m
[32m[09:29:29.104] [INFO] [ObjectTemplateManager] Loaded template: meat_rail with 0 cubes, 0 subcubes, 70 microcubes, 0 fine voxels, 0 interaction points, 1 parts[0m
[32m[09:29:29.104] [INFO] [ObjectTemplateManager] Loaded template: mug with 0 cubes, 0 subcubes, 1 microcubes, 0 fine voxels, 0 interaction points, 1 parts[0m
[32m[09:29:29.105] [INFO] [ObjectTemplateManager] Loaded template: nightstand with 0 cubes, 0 subcubes, 98 microcubes, 0 fine voxels, 0 interaction points, 1 parts[0m
[32m[09:29:29.112] [INFO] [ObjectTemplateManager] Loaded template: oven_bread with 0 cubes, 0 subcubes, 1908 microcubes, 0 fine voxels, 0 interaction points, 1 parts[0m
[32m[09:29:29.112] [INFO] [ObjectTemplateManager] Loaded template: pot_iron with 0 cubes, 19 subcubes, 0 microcubes, 0 fine voxels, 0 interaction points, 1 parts[0m
[32m[09:29:29.113] [INFO] [ObjectTemplateManager] Loaded template: rug with 0 cubes, 0 subcubes, 234 microcubes, 0 fine voxels, 0 interaction points, 1 parts[0m
[32m[09:29:29.114] [INFO] [ObjectTemplateManager] Loaded template: sconce with 0 cubes, 0 subcubes, 7 microcubes, 0 fine voxels, 0 interaction points, 1 parts[0m
[32m[09:29:29.117] [INFO] [ObjectTemplateManager] Loaded template: sideboard with 0 cubes, 0 subcubes, 436 microcubes, 0 fine voxels, 0 interaction points, 1 parts[0m
[32m[09:29:29.122] [INFO] [ObjectTemplateManager] Loaded template: simple_table with 0 cubes, 0 subcubes, 263 microcubes, 0 fine voxels, 0 interaction points, 1 parts[0m
[32m[09:29:29.123] [INFO] [ObjectTemplateManager] Loaded template: stool with 0 cubes, 0 subcubes, 21 microcubes, 0 fine voxels, 1 interaction points, 1 parts[0m
[32m[09:29:29.124] [INFO] [ObjectTemplateManager] Loaded template: stool_low with 0 cubes, 4 subcubes, 0 microcubes, 0 fine voxels, 1 interaction points, 1 parts[0m
[32m[09:29:29.125] [INFO] [ObjectTemplateManager] Loaded template: table_wood with 0 cubes, 0 subcubes, 128 microcubes, 0 fine voxels, 0 interaction points, 1 parts[0m
[32m[09:29:29.129] [INFO] [ObjectTemplateManager] Loaded template: tavern_bar with 0 cubes, 0 subcubes, 529 microcubes, 0 fine voxels, 0 interaction points, 1 parts[0m
[32m[09:29:29.130] [INFO] [ObjectTemplateManager] Loaded template: tavern_table with 0 cubes, 0 subcubes, 143 microcubes, 0 fine voxels, 0 interaction points, 1 parts[0m
[32m[09:29:29.130] [INFO] [ObjectTemplateManager] Loaded template: tool_rack with 0 cubes, 0 subcubes, 75 microcubes, 0 fine voxels, 0 interaction points, 1 parts[0m
[32m[09:29:29.131] [INFO] [ObjectTemplateManager] Loaded template: torch_wall with 0 cubes, 5 subcubes, 0 microcubes, 0 fine voxels, 0 interaction points, 1 parts[0m
[32m[09:29:29.132] [INFO] [ObjectTemplateManager] Loaded template: wall_lantern with 0 cubes, 0 subcubes, 24 microcubes, 0 fine voxels, 0 interaction points, 1 parts[0m
[32m[09:29:29.136] [INFO] [ObjectTemplateManager] Loaded template: wall_shelf with 0 cubes, 0 subcubes, 276 microcubes, 0 fine voxels, 0 interaction points, 1 parts[0m
[32m[09:29:29.140] [INFO] [ObjectTemplateManager] Loaded template: wardrobe with 0 cubes, 0 subcubes, 437 microcubes, 0 fine voxels, 0 interaction points, 1 parts[0m
[32m[09:29:29.141] [INFO] [ObjectTemplateManager] Loaded template: wooden_throne with 0 cubes, 168 subcubes, 0 microcubes, 0 fine voxels, 0 interaction points, 1 parts[0m
[32m[09:29:29.147] [INFO] [ObjectTemplateManager] Loaded template: woodpile with 0 cubes, 0 subcubes, 660 microcubes, 0 fine voxels, 0 interaction points, 1 parts[0m
[32m[09:29:29.147] [INFO] [ObjectTemplateManager] Loaded template: workbench with 0 cubes, 18 subcubes, 0 microcubes, 0 fine voxels, 0 interaction points, 1 parts[0m
[32m[09:29:29.148] [INFO] [ObjectTemplateManager] Loaded template: barony_apple with 0 cubes, 0 subcubes, 22 microcubes, 0 fine voxels, 0 interaction points, 1 parts[0m
[32m[09:29:29.149] [INFO] [ObjectTemplateManager] Loaded template: barony_arcanechair with 0 cubes, 0 subcubes, 62 microcubes, 0 fine voxels, 0 interaction points, 1 parts[0m
[32m[09:29:29.149] [INFO] [ObjectTemplateManager] Loaded template: barony_bomb with 0 cubes, 0 subcubes, 56 microcubes, 0 fine voxels, 0 interaction points, 1 parts[0m
[32m[09:29:29.150] [INFO] [ObjectTemplateManager] Loaded template: barony_bread with 0 cubes, 0 subcubes, 35 microcubes, 0 fine voxels, 0 interaction points, 1 parts[0m
[32m[09:29:29.155] [INFO] [ObjectTemplateManager] Loaded template: barony_bunkbed with 0 cubes, 0 subcubes, 1036 microcubes, 0 fine voxels, 0 interaction points, 1 parts[0m
[32m[09:29:29.156] [INFO] [ObjectTemplateManager] Loaded template: barony_campfire with 0 cubes, 0 subcubes, 90 microcubes, 0 fine voxels, 0 interaction points, 1 parts[0m
[32m[09:29:29.157] [INFO] [ObjectTemplateManager] Loaded template: barony_chair with 0 cubes, 0 subcubes, 70 microcubes, 0 fine voxels, 0 interaction points, 1 parts[0m
[32m[09:29:29.160] [INFO] [ObjectTemplateManager] Loaded template: barony_chest with 0 cubes, 0 subcubes, 185 microcubes, 0 fine voxels, 0 interaction points, 1 parts[0m
[32m[09:29:29.167] [INFO] [ObjectTemplateManager] Loaded template: barony_column with 0 cubes, 0 subcubes, 2080 microcubes, 0 fine voxels, 0 interaction points, 1 parts[0m
[32m[09:29:29.172] [INFO] [ObjectTemplateManager] Loaded template: barony_fountain with 0 cubes, 0 subcubes, 438 microcubes, 0 fine voxels, 0 interaction points, 1 parts[0m
[32m[09:29:29.173] [INFO] [ObjectTemplateManager] Loaded template: bottle_wine with 0 cubes, 0 subcubes, 0 microcubes, 188 fine voxels (grid 81, kinematic-only), 0 interaction points, 1 parts[0m
[32m[09:29:29.174] [INFO] [ObjectTemplateManager] Loaded template: bowl with 0 cubes, 0 subcubes, 0 microcubes, 133 fine voxels (grid 81, kinematic-only), 0 interaction points, 1 parts[0m
[32m[09:29:29.174] [INFO] [ObjectTemplateManager] Loaded template: candle with 0 cubes, 0 subcubes, 0 microcubes, 55 fine voxels (grid 81, kinematic-only), 0 interaction points, 1 parts[0m
[32m[09:29:29.175] [INFO] [ObjectTemplateManager] Loaded template: candlestick with 0 cubes, 0 subcubes, 0 microcubes, 122 fine voxels (grid 81, kinematic-only), 0 interaction points, 1 parts[0m
[32m[09:29:29.179] [INFO] [ObjectTemplateManager] Loaded template: firewood with 0 cubes, 0 subcubes, 0 microcubes, 812 fine voxels (grid 81, kinematic-only), 0 interaction points, 1 parts[0m
[32m[09:29:29.183] [INFO] [ObjectTemplateManager] Loaded template: flaming_log with 0 cubes, 0 subcubes, 0 microcubes, 812 fine voxels (grid 81, kinematic-only), 0 interaction points, 1 parts[0m
[32m[09:29:29.183] [INFO] [ObjectTemplateManager] Loaded template: fork with 0 cubes, 0 subcubes, 0 microcubes, 21 fine voxels (grid 81, kinematic-only), 0 interaction points, 1 parts[0m
[32m[09:29:29.184] [INFO] [ObjectTemplateManager] Loaded template: frying_pan with 0 cubes, 0 subcubes, 0 microcubes, 167 fine voxels (grid 81, kinematic-only), 0 interaction points, 1 parts[0m
[32m[09:29:29.185] [INFO] [ObjectTemplateManager] Loaded template: goblet with 0 cubes, 0 subcubes, 0 microcubes, 116 fine voxels (grid 81, kinematic-only), 0 interaction points, 1 parts[0m
[32m[09:29:29.189] [INFO] [ObjectTemplateManager] Loaded template: jug with 0 cubes, 0 subcubes, 0 microcubes, 1110 fine voxels (grid 81, kinematic-only), 0 interaction points, 1 parts[0m
[32m[09:29:29.190] [INFO] [ObjectTemplateManager] Loaded template: knife_table with 0 cubes, 0 subcubes, 0 microcubes, 21 fine voxels (grid 81, kinematic-only), 0 interaction points, 1 parts[0m
[32m[09:29:29.190] [INFO] [ObjectTemplateManager] Loaded template: ladle with 0 cubes, 0 subcubes, 0 microcubes, 47 fine voxels (grid 81, kinematic-only), 0 interaction points, 1 parts[0m
[32m[09:29:29.194] [INFO] [ObjectTemplateManager] Loaded template: lantern with 0 cubes, 0 subcubes, 0 microcubes, 162 fine voxels (grid 81, kinematic-only), 0 interaction points, 1 parts[0m
[32m[09:29:29.198] [INFO] [ObjectTemplateManager] Loaded template: oil_lamp with 0 cubes, 0 subcubes, 0 microcubes, 532 fine voxels (grid 81, kinematic-only), 0 interaction points, 1 parts[0m
[32m[09:29:29.202] [INFO] [ObjectTemplateManager] Loaded template: plate with 0 cubes, 0 subcubes, 0 microcubes, 457 fine voxels (grid 81, kinematic-only), 0 interaction points, 1 parts[0m
[32m[09:29:29.203] [INFO] [ObjectTemplateManager] Loaded template: potion with 0 cubes, 0 subcubes, 0 microcubes, 134 fine voxels (grid 81, kinematic-only), 0 interaction points, 1 parts[0m
[32m[09:29:29.209] [INFO] [ObjectTemplateManager] Loaded template: rug_oriental with 0 cubes, 0 subcubes, 0 microcubes, 2916 fine voxels (grid 27, kinematic-only), 0 interaction points, 1 parts[0m
[32m[09:29:29.214] [INFO] [ObjectTemplateManager] Loaded template: rug_woven with 0 cubes, 0 subcubes, 0 microcubes, 2160 fine voxels (grid 27, kinematic-only), 0 interaction points, 1 parts[0m
[32m[09:29:29.215] [INFO] [ObjectTemplateManager] Loaded template: scroll with 0 cubes, 0 subcubes, 0 microcubes, 254 fine voxels (grid 81, kinematic-only), 0 interaction points, 1 parts[0m
[32m[09:29:29.222] [INFO] [ObjectTemplateManager] Loaded template: sign_apothecary with 0 cubes, 0 subcubes, 0 microcubes, 1600 fine voxels (grid 27, kinematic-only), 0 interaction points, 1 parts[0m
[32m[09:29:29.228] [INFO] [ObjectTemplateManager] Loaded template: sign_bakery with 0 cubes, 0 subcubes, 0 microcubes, 1600 fine voxels (grid 27, kinematic-only), 0 interaction points, 1 parts[0m
[32m[09:29:29.235] [INFO] [ObjectTemplateManager] Loaded template: sign_blacksmith with 0 cubes, 0 subcubes, 0 microcubes, 1600 fine voxels (grid 27, kinematic-only), 0 interaction points, 1 parts[0m
[32m[09:29:29.242] [INFO] [ObjectTemplateManager] Loaded template: sign_butcher with 0 cubes, 0 subcubes, 0 microcubes, 1600 fine voxels (grid 27, kinematic-only), 0 interaction points, 1 parts[0m
[32m[09:29:29.248] [INFO] [ObjectTemplateManager] Loaded template: sign_general_store with 0 cubes, 0 subcubes, 0 microcubes, 1600 fine voxels (grid 27, kinematic-only), 0 interaction points, 1 parts[0m
[32m[09:29:29.255] [INFO] [ObjectTemplateManager] Loaded template: sign_prancing_pony with 0 cubes, 0 subcubes, 0 microcubes, 2160 fine voxels (grid 27, kinematic-only), 0 interaction points, 1 parts[0m
[32m[09:29:29.255] [INFO] [ObjectTemplateManager] Loaded template: spoon with 0 cubes, 0 subcubes, 0 microcubes, 35 fine voxels (grid 81, kinematic-only), 0 interaction points, 1 parts[0m
[32m[09:29:29.256] [INFO] [ObjectTemplateManager] Loaded template: tankard with 0 cubes, 0 subcubes, 0 microcubes, 240 fine voxels (grid 81, kinematic-only), 0 interaction points, 1 parts[0m
[32m[09:29:29.263] [INFO] [ObjectTemplateManager] Loaded template: tome with 0 cubes, 0 subcubes, 0 microcubes, 2530 fine voxels (grid 81, kinematic-only), 0 interaction points, 1 parts[0m
[32m[09:29:29.268] [INFO] [ObjectTemplateManager] Loaded template: tome_arcane with 0 cubes, 0 subcubes, 0 microcubes, 1714 fine voxels (grid 81, kinematic-only), 0 interaction points, 1 parts[0m
[32m[09:29:29.274] [INFO] [ObjectTemplateManager] Loaded template: tome_fire with 0 cubes, 0 subcubes, 0 microcubes, 1714 fine voxels (grid 81, kinematic-only), 0 interaction points, 1 parts[0m
[32m[09:29:29.281] [INFO] [ObjectTemplateManager] Loaded template: tome_necromantic with 0 cubes, 0 subcubes, 0 microcubes, 1714 fine voxels (grid 81, kinematic-only), 0 interaction points, 1 parts[0m
[32m[09:29:29.282] [INFO] [ObjectTemplateManager] Loaded template: torch with 0 cubes, 0 subcubes, 0 microcubes, 236 fine voxels (grid 81, kinematic-only), 0 interaction points, 1 parts[0m
[32m[09:29:29.283] [INFO] [ObjectTemplateManager] Loaded template: bush_flower with 0 cubes, 18 subcubes, 0 microcubes, 0 fine voxels, 0 interaction points, 1 parts[0m
[32m[09:29:29.286] [INFO] [ObjectTemplateManager] Loaded template: bush_glow_blue with 3 cubes, 366 subcubes, 0 microcubes, 0 fine voxels, 0 interaction points, 1 parts[0m
[32m[09:29:29.290] [INFO] [ObjectTemplateManager] Loaded template: bush_glow_green with 1 cubes, 494 subcubes, 0 microcubes, 0 fine voxels, 0 interaction points, 1 parts[0m
[32m[09:29:29.294] [INFO] [ObjectTemplateManager] Loaded template: bush_leafy_m with 21 cubes, 788 subcubes, 0 microcubes, 0 fine voxels, 0 interaction points, 1 parts[0m
[32m[09:29:29.298] [INFO] [ObjectTemplateManager] Loaded template: bush_leafy_s with 9 cubes, 634 subcubes, 0 microcubes, 0 fine voxels, 0 interaction points, 1 parts[0m
[32m[09:29:29.302] [INFO] [ObjectTemplateManager] Loaded template: bush_round with 8 cubes, 506 subcubes, 0 microcubes, 0 fine voxels, 0 interaction points, 1 parts[0m
[32m[09:29:29.303] [INFO] [ObjectTemplateManager] Loaded template: fern with 0 cubes, 11 subcubes, 0 microcubes, 0 fine voxels, 0 interaction points, 1 parts[0m
[32m[09:29:29.326] [INFO] [ObjectTemplateManager] Loaded template: forge_acacia_l with 17 cubes, 6791 subcubes, 7074 microcubes, 0 fine voxels, 0 interaction points, 1 parts[0m
[32m[09:29:29.345] [INFO] [ObjectTemplateManager] Loaded template: forge_acacia_m with 9 cubes, 4028 subcubes, 5562 microcubes, 0 fine voxels, 0 interaction points, 1 parts[0m
[32m[09:29:29.379] [INFO] [ObjectTemplateManager] Loaded template: forge_autumn_l with 23 cubes, 9275 subcubes, 10937 microcubes, 0 fine voxels, 0 interaction points, 1 parts[0m
[32m[09:29:29.413] [INFO] [ObjectTemplateManager] Loaded template: forge_autumn_m with 10 cubes, 5388 subcubes, 13347 microcubes, 0 fine voxels, 0 interaction points, 1 parts[0m
[32m[09:29:29.438] [INFO] [ObjectTemplateManager] Loaded template: forge_birch_l with 18 cubes, 6473 subcubes, 7074 microcubes, 0 fine voxels, 0 interaction points, 1 parts[0m
[32m[09:29:29.462] [INFO] [ObjectTemplateManager] Loaded template: forge_birch_m with 8 cubes, 3491 subcubes, 9307 microcubes, 0 fine voxels, 0 interaction points, 1 parts[0m
[32m[09:29:29.469] [INFO] [ObjectTemplateManager] Loaded template: forge_bush_glow_blue with 0 cubes, 321 subcubes, 1138 microcubes, 0 fine voxels, 0 interaction points, 1 parts[0m
[32m[09:29:29.475] [INFO] [ObjectTemplateManager] Loaded template: forge_bush_glow_green with 0 cubes, 356 subcubes, 1134 microcubes, 0 fine voxels, 0 interaction points, 1 parts[0m
[32m[09:29:29.487] [INFO] [ObjectTemplateManager] Loaded template: forge_bush_m with 0 cubes, 625 subcubes, 1890 microcubes, 0 fine voxels, 0 interaction points, 1 parts[0m
[32m[09:29:29.493] [INFO] [ObjectTemplateManager] Loaded template: forge_bush_s with 0 cubes, 371 subcubes, 1404 microcubes, 0 fine voxels, 0 interaction points, 1 parts[0m
[32m[09:29:29.501] [INFO] [ObjectTemplateManager] Loaded template: forge_dead_m with 6 cubes, 827 subcubes, 965 microcubes, 0 fine voxels, 0 interaction points, 1 parts[0m
[32m[09:29:29.510] [INFO] [ObjectTemplateManager] Loaded template: forge_dead_s with 6 cubes, 589 subcubes, 567 microcubes, 0 fine voxels, 0 interaction points, 1 parts[0m
[32m[09:29:29.615] [INFO] [ObjectTemplateManager] Loaded template: forge_elder_oak_xl with 4491 cubes, 30928 subcubes, 33213 microcubes, 0 fine voxels, 0 interaction points, 1 parts[0m
[32m[09:29:29.797] [INFO] [ObjectTemplateManager] Loaded template: forge_elder_oak_xxl with 13788 cubes, 57981 subcubes, 50494 microcubes, 0 fine voxels, 0 interaction points, 1 parts[0m
[32m[09:29:29.870] [INFO] [ObjectTemplateManager] Loaded template: forge_enchanted_oak with 2142 cubes, 20403 subcubes, 22610 microcubes, 0 fine voxels, 0 interaction points, 1 parts[0m
[32m[09:29:29.911] [INFO] [ObjectTemplateManager] Loaded template: forge_enchanted_oak_s with 585 cubes, 9306 subcubes, 14376 microcubes, 0 fine voxels, 0 interaction points, 1 parts[0m
[32m[09:29:29.930] [INFO] [ObjectTemplateManager] Loaded template: forge_fir_l with 16 cubes, 2522 subcubes, 5422 microcubes, 0 fine voxels, 0 interaction points, 1 parts[0m
[32m[09:29:29.942] [INFO] [ObjectTemplateManager] Loaded template: forge_fir_m with 4 cubes, 1236 subcubes, 3206 microcubes, 0 fine voxels, 0 interaction points, 1 parts[0m
[32m[09:29:29.994] [INFO] [ObjectTemplateManager] Loaded template: forge_jungle_l with 84 cubes, 16978 subcubes, 14405 microcubes, 0 fine voxels, 0 interaction points, 1 parts[0m
[32m[09:29:30.026] [INFO] [ObjectTemplateManager] Loaded template: forge_jungle_m with 31 cubes, 7400 subcubes, 10866 microcubes, 0 fine voxels, 0 interaction points, 1 parts[0m
[32m[09:29:30.082] [INFO] [ObjectTemplateManager] Loaded template: forge_oak_hero with 27 cubes, 13693 subcubes, 20095 microcubes, 0 fine voxels, 0 interaction points, 1 parts[0m
[32m[09:29:30.120] [INFO] [ObjectTemplateManager] Loaded template: forge_oak_l with 29 cubes, 10898 subcubes, 9600 microcubes, 0 fine voxels, 0 interaction points, 1 parts[0m
[32m[09:29:30.166] [INFO] [ObjectTemplateManager] Loaded template: forge_oak_m with 10 cubes, 5289 subcubes, 14261 microcubes, 0 fine voxels, 0 interaction points, 1 parts[0m
[32m[09:29:30.190] [INFO] [ObjectTemplateManager] Loaded template: forge_oak_sparse with 9 cubes, 4051 subcubes, 6345 microcubes, 0 fine voxels, 0 interaction points, 1 parts[0m
[32m[09:29:30.197] [INFO] [ObjectTemplateManager] Loaded template: forge_palm_l with 0 cubes, 114 subcubes, 1636 microcubes, 0 fine voxels, 0 interaction points, 1 parts[0m
[32m[09:29:30.203] [INFO] [ObjectTemplateManager] Loaded template: forge_palm_m with 0 cubes, 128 subcubes, 1125 microcubes, 0 fine voxels, 0 interaction points, 1 parts[0m
[32m[09:29:30.226] [INFO] [ObjectTemplateManager] Loaded template: forge_pine_l with 30 cubes, 5832 subcubes, 7496 microcubes, 0 fine voxels, 0 interaction points, 1 parts[0m
[32m[09:29:30.242] [INFO] [ObjectTemplateManager] Loaded template: forge_pine_m with 5 cubes, 2571 subcubes, 4883 microcubes, 0 fine voxels, 0 interaction points, 1 parts[0m
[32m[09:29:30.365] [INFO] [ObjectTemplateManager] Loaded template: forge_redwood_xl with 6730 cubes, 40818 subcubes, 34983 microcubes, 0 fine voxels, 0 interaction points, 1 parts[0m
[32m[09:29:30.597] [INFO] [ObjectTemplateManager] Loaded template: forge_redwood_xxl with 21549 cubes, 79410 subcubes, 59079 microcubes, 0 fine voxels, 0 interaction points, 1 parts[0m
[32m[09:29:30.617] [INFO] [ObjectTemplateManager] Loaded template: forge_spruce_l with 8 cubes, 3119 subcubes, 4980 microcubes, 0 fine voxels, 0 interaction points, 1 parts[0m
[32m[09:29:30.632] [INFO] [ObjectTemplateManager] Loaded template: forge_spruce_m with 5 cubes, 1484 subcubes, 5093 microcubes, 0 fine voxels, 0 interaction points, 1 parts[0m
[32m[09:29:30.640] [INFO] [ObjectTemplateManager] Loaded template: forge_spruce_s with 4 cubes, 744 subcubes, 2126 microcubes, 0 fine voxels, 0 interaction points, 1 parts[0m
[32m[09:29:30.689] [INFO] [ObjectTemplateManager] Loaded template: forge_willow_l with 20 cubes, 15241 subcubes, 15417 microcubes, 0 fine voxels, 0 interaction points, 1 parts[0m
[32m[09:29:30.735] [INFO] [ObjectTemplateManager] Loaded template: forge_willow_m with 5 cubes, 8624 subcubes, 18414 microcubes, 0 fine voxels, 0 interaction points, 1 parts[0m
[32m[09:29:30.736] [INFO] [ObjectTemplateManager] Loaded template: hedge_section with 1 cubes, 0 subcubes, 0 microcubes, 0 fine voxels, 0 interaction points, 1 parts[0m
[32m[09:29:30.737] [INFO] [ObjectTemplateManager] Loaded template: mushroom with 0 cubes, 16 subcubes, 0 microcubes, 0 fine voxels, 0 interaction points, 1 parts[0m
[32m[09:29:30.742] [INFO] [ObjectTemplateManager] Loaded template: shrub_flat with 0 cubes, 25 subcubes, 583 microcubes, 0 fine voxels, 0 interaction points, 1 parts[0m
[32m[09:29:30.749] [INFO] [ObjectTemplateManager] Loaded template: shrub_round with 0 cubes, 62 subcubes, 877 microcubes, 0 fine voxels, 0 interaction points, 1 parts[0m
[32m[09:29:30.756] [INFO] [ObjectTemplateManager] Loaded template: tree_acacia_l with 0 cubes, 3149 subcubes, 4 microcubes, 0 fine voxels, 0 interaction points, 1 parts[0m
[32m[09:29:30.762] [INFO] [ObjectTemplateManager] Loaded template: tree_acacia_m with 0 cubes, 1475 subcubes, 2 microcubes, 0 fine voxels, 0 interaction points, 1 parts[0m
[32m[09:29:30.763] [INFO] [ObjectTemplateManager] Loaded template: tree_apple with 0 cubes, 22 subcubes, 0 microcubes, 0 fine voxels, 0 interaction points, 1 parts[0m
[32m[09:29:30.772] [INFO] [ObjectTemplateManager] Loaded template: tree_autumn_m with 11 cubes, 4675 subcubes, 0 microcubes, 0 fine voxels, 0 interaction points, 1 parts[0m
[32m[09:29:30.773] [INFO] [ObjectTemplateManager] Loaded template: tree_birch with 0 cubes, 22 subcubes, 0 microcubes, 0 fine voxels, 0 interaction points, 1 parts[0m
[32m[09:29:30.778] [INFO] [ObjectTemplateManager] Loaded template: tree_birch_l with 4 cubes, 1213 subcubes, 0 microcubes, 0 fine voxels, 0 interaction points, 1 parts[0m
[32m[09:29:30.783] [INFO] [ObjectTemplateManager] Loaded template: tree_birch_m with 3 cubes, 1117 subcubes, 0 microcubes, 0 fine voxels, 0 interaction points, 1 parts[0m
[32m[09:29:30.787] [INFO] [ObjectTemplateManager] Loaded template: tree_birch_sparse with 3 cubes, 992 subcubes, 0 microcubes, 0 fine voxels, 0 interaction points, 1 parts[0m
[32m[09:29:30.788] [INFO] [ObjectTemplateManager] Loaded template: tree_dead with 0 cubes, 12 subcubes, 0 microcubes, 0 fine voxels, 0 interaction points, 1 parts[0m
[32m[09:29:30.789] [INFO] [ObjectTemplateManager] Loaded template: tree_dead_m with 3 cubes, 116 subcubes, 1 microcubes, 0 fine voxels, 0 interaction points, 1 parts[0m
[32m[09:29:30.789] [INFO] [ObjectTemplateManager] Loaded template: tree_dead_s with 2 cubes, 116 subcubes, 2 microcubes, 0 fine voxels, 0 interaction points, 1 parts[0m
[32m[09:29:30.824] [INFO] [ObjectTemplateManager] Loaded template: tree_elder_oak with 35730 cubes, 19 subcubes, 0 microcubes, 0 fine voxels, 0 interaction points, 1 parts[0m
[32m[09:29:30.867] [INFO] [ObjectTemplateManager] Loaded template: tree_elder_oak_xl with 42041 cubes, 5 subcubes, 0 microcubes, 0 fine voxels, 0 interaction points, 1 parts[0m
[32m[09:29:30.874] [INFO] [ObjectTemplateManager] Loaded template: tree_fir_l with 40 cubes, 1391 subcubes, 1 microcubes, 0 fine voxels, 0 interaction points, 1 parts[0m
[32m[09:29:30.879] [INFO] [ObjectTemplateManager] Loaded template: tree_fir_m with 11 cubes, 784 subcubes, 1 microcubes, 0 fine voxels, 0 interaction points, 1 parts[0m
[32m[09:29:30.886] [INFO] [ObjectTemplateManager] Loaded template: tree_jungle_m with 85 cubes, 2141 subcubes, 0 microcubes, 0 fine voxels, 0 interaction points, 1 parts[0m
[32m[09:29:30.894] [INFO] [ObjectTemplateManager] Loaded template: tree_jungle_xl with 218 cubes, 3909 subcubes, 0 microcubes, 0 fine voxels, 0 interaction points, 1 parts[0m
[32m[09:29:30.895] [INFO] [ObjectTemplateManager] Loaded template: tree_oak with 0 cubes, 22 subcubes, 0 microcubes, 0 fine voxels, 0 interaction points, 1 parts[0m
[32m[09:29:30.906] [INFO] [ObjectTemplateManager] Loaded template: tree_oak_l with 19 cubes, 6503 subcubes, 0 microcubes, 0 fine voxels, 0 interaction points, 1 parts[0m
[32m[09:29:30.915] [INFO] [ObjectTemplateManager] Loaded template: tree_oak_lush with 10 cubes, 4176 subcubes, 0 microcubes, 0 fine voxels, 0 interaction points, 1 parts[0m
[32m[09:29:30.924] [INFO] [ObjectTemplateManager] Loaded template: tree_oak_m with 11 cubes, 5009 subcubes, 0 microcubes, 0 fine voxels, 0 interaction points, 1 parts[0m
[32m[09:29:30.930] [INFO] [ObjectTemplateManager] Loaded template: tree_oak_s with 7 cubes, 1978 subcubes, 0 microcubes, 0 fine voxels, 0 interaction points, 1 parts[0m
[32m[09:29:30.938] [INFO] [ObjectTemplateManager] Loaded template: tree_oak_sparse with 6 cubes, 3780 subcubes, 0 microcubes, 0 fine voxels, 0 interaction points, 1 parts[0m
[32m[09:29:30.938] [INFO] [ObjectTemplateManager] Loaded template: tree_palm with 0 cubes, 12 subcubes, 0 microcubes, 0 fine voxels, 0 interaction points, 1 parts[0m
[32m[09:29:30.939] [INFO] [ObjectTemplateManager] Loaded template: tree_palm_l with 0 cubes, 120 subcubes, 0 microcubes, 0 fine voxels, 0 interaction points, 1 parts[0m
[32m[09:29:30.940] [INFO] [ObjectTemplateManager] Loaded template: tree_palm_m with 0 cubes, 96 subcubes, 0 microcubes, 0 fine voxels, 0 interaction points, 1 parts[0m
[32m[09:29:30.940] [INFO] [ObjectTemplateManager] Loaded template: tree_pine with 0 cubes, 27 subcubes, 0 microcubes, 0 fine voxels, 0 interaction points, 1 parts[0m
[32m[09:29:30.947] [INFO] [ObjectTemplateManager] Loaded template: tree_pine_l with 8 cubes, 1696 subcubes, 28 microcubes, 0 fine voxels, 0 interaction points, 1 parts[0m
[32m[09:29:30.950] [INFO] [ObjectTemplateManager] Loaded template: tree_pine_m with 5 cubes, 506 subcubes, 20 microcubes, 0 fine voxels, 0 interaction points, 1 parts[0m
[32m[09:29:30.951] [INFO] [ObjectTemplateManager] Loaded template: tree_pine_s with 4 cubes, 291 subcubes, 16 microcubes, 0 fine voxels, 0 interaction points, 1 parts[0m
[32m[09:29:30.978] [INFO] [ObjectTemplateManager] Loaded template: tree_redwood_l with 26550 cubes, 0 subcubes, 0 microcubes, 0 fine voxels, 0 interaction points, 1 parts[0m
[32m[09:29:31.015] [INFO] [ObjectTemplateManager] Loaded template: tree_redwood_xl with 38336 cubes, 0 subcubes, 0 microcubes, 0 fine voxels, 0 interaction points, 1 parts[0m
[32m[09:29:31.025] [INFO] [ObjectTemplateManager] Loaded template: tree_spruce_crisp_l with 183 cubes, 2578 subcubes, 1 microcubes, 0 fine voxels, 0 interaction points, 1 parts[0m
[32m[09:29:31.031] [INFO] [ObjectTemplateManager] Loaded template: tree_spruce_crisp_m with 38 cubes, 1012 subcubes, 1 microcubes, 0 fine voxels, 0 interaction points, 1 parts[0m
[32m[09:29:31.038] [INFO] [ObjectTemplateManager] Loaded template: tree_spruce_l with 163 cubes, 2894 subcubes, 1 microcubes, 0 fine voxels, 0 interaction points, 1 parts[0m
[32m[09:29:31.043] [INFO] [ObjectTemplateManager] Loaded template: tree_spruce_m with 32 cubes, 1130 subcubes, 1 microcubes, 0 fine voxels, 0 interaction points, 1 parts[0m
[32m[09:29:31.047] [INFO] [ObjectTemplateManager] Loaded template: tree_spruce_s with 7 cubes, 464 subcubes, 1 microcubes, 0 fine voxels, 0 interaction points, 1 parts[0m
[32m[09:29:31.048] [INFO] [ObjectTemplateManager] Loaded template: tree_stump with 0 cubes, 14 subcubes, 0 microcubes, 0 fine voxels, 0 interaction points, 1 parts[0m
[32m[09:29:31.054] [INFO] [ObjectTemplateManager] Loaded template: tree_willow_l with 80 cubes, 2303 subcubes, 0 microcubes, 0 fine voxels, 0 interaction points, 1 parts[0m
[32m[09:29:31.055] [INFO] [ObjectTemplateManager] Loaded template: bedroll_test with 0 cubes, 6 subcubes, 0 microcubes, 0 fine voxels, 0 interaction points, 1 parts[0m
[32m[09:29:31.056] [INFO] [ObjectTemplateManager] Loaded template: chest_test with 18 cubes, 0 subcubes, 0 microcubes, 0 fine voxels, 0 interaction points, 3 parts[0m
[32m[09:29:31.056] [INFO] [ObjectTemplateManager] Loaded template: drawer_test with 6 cubes, 0 subcubes, 0 microcubes, 0 fine voxels, 0 interaction points, 2 parts[0m
[32m[09:29:31.057] [INFO] [ObjectTemplateManager] Loaded template: ladder_test with 0 cubes, 8 subcubes, 0 microcubes, 0 fine voxels, 0 interaction points, 1 parts[0m
[32m[09:29:31.057] [INFO] [ObjectTemplateManager] Loaded template: lever_test with 0 cubes, 3 subcubes, 0 microcubes, 0 fine voxels, 0 interaction points, 3 parts[0m
[32m[09:29:31.062] [INFO] [ObjectTemplateManager] Loaded template: rug_test with 0 cubes, 0 subcubes, 0 microcubes, 1600 fine voxels (grid 27, kinematic-only), 0 interaction points, 1 parts[0m
[32m[09:29:31.068] [INFO] [ObjectTemplateManager] Loaded template: tavern_test with 1168 cubes, 0 subcubes, 0 microcubes, 0 fine voxels, 0 interaction points, 1 parts[0m
[32m[09:29:31.069] [INFO] [ObjectTemplateManager] Loaded template: test_chair with 0 cubes, 0 subcubes, 99 microcubes, 0 fine voxels, 1 interaction points, 1 parts[0m
[32m[09:29:31.072] [INFO] [ObjectTemplateManager] Loaded template: axe with 0 cubes, 0 subcubes, 25 microcubes, 0 fine voxels, 0 interaction points, 1 parts[0m
[32m[09:29:31.077] [INFO] [ObjectTemplateManager] Loaded template: axe_battle with 0 cubes, 0 subcubes, 0 microcubes, 1438 fine voxels (grid 81, kinematic-only), 0 interaction points, 1 parts[0m
[32m[09:29:31.081] [INFO] [ObjectTemplateManager] Loaded template: axe_hand with 0 cubes, 0 subcubes, 0 microcubes, 492 fine voxels (grid 81, kinematic-only), 0 interaction points, 1 parts[0m
[32m[09:29:31.085] [INFO] [ObjectTemplateManager] Loaded template: bow with 0 cubes, 0 subcubes, 0 microcubes, 307 fine voxels (grid 81, kinematic-only), 0 interaction points, 1 parts[0m
[32m[09:29:31.089] [INFO] [ObjectTemplateManager] Loaded template: crossbow with 0 cubes, 0 subcubes, 0 microcubes, 487 fine voxels (grid 81, kinematic-only), 0 interaction points, 1 parts[0m
[32m[09:29:31.090] [INFO] [ObjectTemplateManager] Loaded template: dagger with 0 cubes, 0 subcubes, 0 microcubes, 234 fine voxels (grid 81, kinematic-only), 0 interaction points, 1 parts[0m
[32m[09:29:31.094] [INFO] [ObjectTemplateManager] Loaded template: mace with 0 cubes, 0 subcubes, 0 microcubes, 536 fine voxels (grid 81, kinematic-only), 0 interaction points, 1 parts[0m
[32m[09:29:31.108] [INFO] [ObjectTemplateManager] Loaded template: maul with 0 cubes, 0 subcubes, 0 microcubes, 4102 fine voxels (grid 81, kinematic-only), 0 interaction points, 1 parts[0m
[32m[09:29:31.112] [INFO] [ObjectTemplateManager] Loaded template: pickaxe with 0 cubes, 0 subcubes, 0 microcubes, 304 fine voxels (grid 81, kinematic-only), 0 interaction points, 1 parts[0m
[32m[09:29:31.116] [INFO] [ObjectTemplateManager] Loaded template: quiver with 0 cubes, 0 subcubes, 0 microcubes, 836 fine voxels (grid 81, kinematic-only), 0 interaction points, 1 parts[0m
[32m[09:29:31.121] [INFO] [ObjectTemplateManager] Loaded template: spear with 0 cubes, 0 subcubes, 0 microcubes, 637 fine voxels (grid 81, kinematic-only), 0 interaction points, 1 parts[0m
[32m[09:29:31.125] [INFO] [ObjectTemplateManager] Loaded template: staff_arcane with 0 cubes, 0 subcubes, 0 microcubes, 589 fine voxels (grid 81, kinematic-only), 0 interaction points, 1 parts[0m
[32m[09:29:31.129] [INFO] [ObjectTemplateManager] Loaded template: staff_fire with 0 cubes, 0 subcubes, 0 microcubes, 589 fine voxels (grid 81, kinematic-only), 0 interaction points, 1 parts[0m
[32m[09:29:31.133] [INFO] [ObjectTemplateManager] Loaded template: staff_frost with 0 cubes, 0 subcubes, 0 microcubes, 589 fine voxels (grid 81, kinematic-only), 0 interaction points, 1 parts[0m
[32m[09:29:31.137] [INFO] [ObjectTemplateManager] Loaded template: staff_nature with 0 cubes, 0 subcubes, 0 microcubes, 589 fine voxels (grid 81, kinematic-only), 0 interaction points, 1 parts[0m
[32m[09:29:31.138] [INFO] [ObjectTemplateManager] Loaded template: sword with 5 cubes, 0 subcubes, 0 microcubes, 0 fine voxels, 0 interaction points, 1 parts[0m
[32m[09:29:31.139] [INFO] [ObjectTemplateManager] Loaded template: sword_fine with 0 cubes, 0 subcubes, 17 microcubes, 0 fine voxels, 0 interaction points, 1 parts[0m
[32m[09:29:31.145] [INFO] [ObjectTemplateManager] Loaded template: sword_long with 0 cubes, 0 subcubes, 0 microcubes, 931 fine voxels (grid 81, kinematic-only), 0 interaction points, 1 parts[0m
[32m[09:29:31.149] [INFO] [ObjectTemplateManager] Loaded template: sword_short with 0 cubes, 0 subcubes, 0 microcubes, 567 fine voxels (grid 81, kinematic-only), 0 interaction points, 1 parts[0m
[32m[09:29:31.153] [INFO] [ObjectTemplateManager] Loaded template: throwing_knife with 0 cubes, 0 subcubes, 0 microcubes, 19 fine voxels (grid 81, kinematic-only), 0 interaction points, 1 parts[0m
[32m[09:29:31.154] [INFO] [ObjectTemplateManager] Loaded template: wand with 0 cubes, 0 subcubes, 0 microcubes, 52 fine voxels (grid 81, kinematic-only), 0 interaction points, 1 parts[0m
[32m[09:29:31.159] [INFO] [ObjectTemplateManager] Loaded template: warhammer with 0 cubes, 0 subcubes, 0 microcubes, 1239 fine voxels (grid 81, kinematic-only), 0 interaction points, 1 parts[0m
[32m[09:29:31.160] [INFO] [ObjectTemplateManager] Template scan: 238 loaded from resources/templates[0m
[32m[09:29:31.164] [INFO] [ItemRegistry] Loaded 58 item definitions[0m
[32m[09:29:31.164] [INFO] [Ravenmere] item registry: 58 items[0m
[32m[09:29:31.164] [INFO] [Ravenmere] Behavior actions registered: 4[0m
[32m[09:29:31.164] [INFO] [GameSettings] Loaded settings from 'settings.json'[0m
[32m[09:29:31.164] [INFO] [AI] LLMClient created (provider=anthropic, model=claude-sonnet-5)[0m
[32m[09:29:31.164] [INFO] [AI] ConversationMemory initialized[0m
[32m[09:29:31.164] [INFO] [AI] AIConversationService initialized (configured=0)[0m
[32m[09:29:31.164] [INFO] [Ravenmere] AI Conversation Service ready (configured=no)[0m
[32m[09:29:31.164] [INFO] [RaycastVisualizer] Raycast visualizer initialized[0m
[32m[09:29:31.187] [INFO] [ShadowMap] C2.1 chunk-data SSBO ready (16384 entries) + indirect buffer (16384 commands)[0m
[32m[09:29:31.196] [INFO] [ShadowMap] C2.1 chunk-data SSBO ready (16384 entries) + indirect buffer (16384 commands)[0m
[32m[09:29:31.199] [INFO] [ShadowMap] C2.1 chunk-data SSBO ready (16384 entries) + indirect buffer (16384 commands)[0m
[32m[09:29:31.204] [INFO] [VoxelLightOcc] ready: directory 64 KB, pool 64 MB[0m
[32m[09:29:31.209] [INFO] [GiProbeField] M5.1 probe field ready: 55296 probes (5184 KB), spacing 2[0m
[32m[09:29:31.219] [INFO] [Rendering] Debug graphics pipeline created successfully[0m
[32m[09:29:31.219] [INFO] [Rendering] Debug line pipeline created successfully[0m
[32m[09:29:31.223] [INFO] [RenderPipeline] OIT transparent pipeline created[0m
[32m[09:29:31.227] [INFO] [RenderPipeline] Sky pipeline created (atmospheric sky + sun + moon)[0m
[32m[09:29:31.228] [INFO] [RenderPipeline] Mirror pipeline created[0m
[32m[09:29:31.228] [INFO] [RenderPipeline] Reflection scene pipeline created[0m
[32m[09:29:31.228] [INFO] [Vulkan] Created reflection UBO buffers and descriptor sets[0m
[32m[09:29:31.228] [INFO] [Vulkan] Framebuffers created successfully[0m
[32m[09:29:31.234] [INFO] [UI] Loaded terminal font: JetBrains Mono Nerd Font (bundled)[0m
[32m[09:29:31.243] [INFO] [Water] sea clipmap: 4 levels, 14785 verts, 29312 tris, reach 1024u[0m
[32m[09:29:31.265] [INFO] [KinematicVoxelPipeline] Initialized (max 131072 face instances)[0m
[32m[09:29:31.271] [INFO] [GrassRenderPipeline] Initialized (grass blade layer)[0m
[32m[09:29:31.275] [INFO] [GrassRenderPipeline] Shadow caster initialized (grass casts shadows)[0m
[32m[09:29:31.281] [INFO] [FoliageRenderPipeline] Initialized (leaf card layer)[0m
[32m[09:29:31.285] [INFO] [FoliageRenderPipeline] Shadow caster initialized (dappled canopy shadows)[0m
[32m[09:29:31.288] [INFO] [FoliageRenderPipeline] Kinematic foliage initialized (falling canopies keep cards)[0m
[32m[09:29:31.291] [INFO] [FarTerrainRenderPipeline] Initialized (far-terrain LOD tiles)[0m
[32m[09:29:31.292] [INFO] [FarTerrainRenderPipeline] Far-cascade shadow caster variant initialized[0m
[32m[09:29:31.293] [INFO] [FarTreeRenderPipeline] Initialized (far-tree impostors)[0m
[32m[09:29:31.299] [INFO] [TreeLodRenderPipeline] Initialized (instanced far-tree LOD meshes)[0m
[32m[09:29:31.300] [INFO] [TreeLodRenderPipeline] Far-cascade shadow caster variant initialized[0m
[32m[09:29:31.301] [INFO] [UIRenderer] Initialized (1280x720)[0m
[32m[09:29:31.305] [INFO] [UIRenderer] Font atlas uploaded (512x512)[0m
[32m[09:29:31.305] [INFO] [BitmapFont] Loaded TTF 'resources/fonts/JetBrainsMonoNerdFontMono-Regular.ttf' baked @ 48px (norm {:.3f})[0m
[32m[09:29:31.305] [INFO] [RenderCoordinator] UISystem initialized successfully[0m
[32m[09:29:31.306] [INFO] [Ravenmere] Loaded 10 objective(s) from game.json[0m
[32m[09:29:31.306] [INFO] [Ravenmere] Combat mode: turn_based (camera: tactical)[0m
[32m[09:29:31.306] [INFO] [Ravenmere] AI decision log: combat_log.jsonl (also GET-able via POST /api/rpg/combat/log)[0m
[32m[09:29:31.312] [INFO] [Ravenmere] Player sheet: AC 18, STR 14 DEX 10 CON 14 INT 8 WIS 16 CHA 12[0m
[32m[09:29:31.314] [INFO] [Ravenmere] Spellcaster: cleric (WIS, full) DC 13 atk +5, 2 slot(s)[0m
[32m[09:29:31.314] [INFO] [Ravenmere] Progression: human cleric (kill_xp=50, objective_xp=75, spells=3)[0m
[32m[09:29:31.314] [INFO] [Ravenmere] NPC caster 'npc_Cultist2': cleric WIS lvl 1, 2 spell(s), 2 slot(s)[0m
[32m[09:29:31.314] [INFO] [Ravenmere] NPC caster 'npc_HollowPriest': wizard INT lvl 3, 3 spell(s), 6 slot(s)[0m
[32m[09:29:31.314] [INFO] [Ravenmere] NPC caster 'npc_Oswin': wizard INT lvl 2, 2 spell(s), 3 slot(s)[0m
[32m[09:29:31.314] [INFO] [Ravenmere] authored hostiles: 12[0m
[32m[09:29:31.315] [INFO] [Ravenmere] Tactics 'npc_AlphaWolf': target=weakest range=0ft flee<0.25 heal<0[0m
[32m[09:29:31.316] [INFO] [Ravenmere] Tactics 'npc_Bram': target=nearest range=0ft flee<0 heal<0[0m
[32m[09:29:31.316] [INFO] [Ravenmere] Tactics 'npc_Cultist': target=nearest range=0ft flee<0.3 heal<0[0m
[32m[09:29:31.316] [INFO] [Ravenmere] Tactics 'npc_Cultist2': target=casters range=20ft flee<0 heal<0.6[0m
[32m[09:29:31.317] [INFO] [Ravenmere] Tactics 'npc_HollowPriest': target=casters range=25ft flee<0 heal<0[0m
[32m[09:29:31.317] [INFO] [Ravenmere] Tactics 'npc_Oswin': target=weakest range=25ft flee<0 heal<0[0m
[32m[09:29:31.317] [INFO] [Ravenmere] Tactics 'npc_Rat': target=focus range=0ft flee<0 heal<0[0m
[32m[09:29:31.317] [INFO] [Ravenmere] Tactics 'npc_Rat2': target=focus range=0ft flee<0 heal<0[0m
[32m[09:29:31.317] [INFO] [Ravenmere] Tactics 'npc_Rat3': target=focus range=0ft flee<0 heal<0[0m
[32m[09:29:31.317] [INFO] [Ravenmere] Tactics 'npc_Skeleton': target=nearest range=0ft flee<0 heal<0[0m
[32m[09:29:31.317] [INFO] [Ravenmere] Tactics 'npc_Skeleton2': target=nearest range=0ft flee<0 heal<0[0m
[32m[09:29:31.317] [INFO] [Ravenmere] Tactics 'npc_Wolf': target=weakest range=0ft flee<0 heal<0[0m
[32m[09:29:31.317] [INFO] [Ravenmere] Tactics 'npc_Wolf2': target=weakest range=0ft flee<0 heal<0[0m
[32m[09:29:31.317] [INFO] [Ravenmere] Tactics 'npc_Wren': target=weakest range=0ft flee<0 heal<0[0m
[32m[09:29:31.320] [INFO] [HUD] Loaded engine default HUD (resources/ui/default_hud.json)[0m
[32m[09:29:31.320] [INFO] [HUD] HUD panel 'hud_compass' loaded[0m
[32m[09:29:31.320] [INFO] [HUD] HUD panel 'hud_health' loaded[0m
[32m[09:29:31.320] [INFO] [HUD] HUD panel 'hud_hotbar' loaded[0m
[32m[09:29:31.320] [INFO] [HUD] HUD panel 'hud_objectives' loaded[0m
[32m[09:29:31.320] [INFO] [HUD] HUD panel 'hud_dialogue' loaded[0m
[32m[09:29:31.320] [INFO] [HUD] HUD panel 'hud_combat_banner' loaded[0m
[32m[09:29:31.320] [INFO] [HUD] HUD panel 'hud_combat_order' loaded[0m
[32m[09:29:31.320] [INFO] [HUD] HUD panel 'hud_combat_turn' loaded[0m
[32m[09:29:31.320] [INFO] [HUD] HUD panel 'hud_combat_action' loaded[0m
[32m[09:29:31.321] [INFO] [HUD] HUD panel 'hud_ai_dialogue' loaded[0m
[32m[09:29:31.321] [INFO] [HUD] HUD panel 'hud_countdown' loaded[0m
[32m[09:29:31.321] [INFO] [HUD] HUD panel 'hud_action_bar' loaded[0m
[32m[09:29:31.321] [INFO] [SceneManager] Loaded manifest with 5 scene(s), startScene='main_menu'[0m
[32m[09:29:31.321] [INFO] [Ravenmere] globalStory: 21 initial story variable(s) applied[0m
[32m[09:29:31.321] [INFO] [SceneManager] Loading initial scene: 'main_menu'[0m
[32m[09:29:31.321] [INFO] [Ravenmere] Loading screen shown (-> 'Main Menu')[0m
[32m[09:29:31.321] [INFO] [Ravenmere] Loaded multi-scene game (5 scenes)[0m
[33m[09:29:31.321] [WARN] [NPCManager] Cannot build NavGrid: no chunks loaded[0m
[32m[09:29:31.321] [INFO] [Ravenmere] navigation: pathService=NULL[0m
[32m[09:29:31.321] [INFO] [Ravenmere] NPC weapons: equipped=0 unknownItem=0 noTemplate=0 noGripBone=0[0m
[32m[09:29:31.323] [INFO] [Ravenmere] Game initialized[0m
[32m[09:29:31.344] [INFO] [EngineAPIServer] HTTP API server started on port 8104[0m
[32m[09:29:31.344] [INFO] [GameApiService] Standalone test API listening on 127.0.0.1:8104 (Ravenmere)[0m
[33m[09:29:31.345] [WARN] [GameShell] *** TEST API ENABLED on 127.0.0.1:8104 — dev/test build, do NOT ship ***[0m
[32m[09:29:31.345] [INFO] [WorldStorage] [WORLD_STORAGE] Database closed[0m
[32m[09:29:31.345] [INFO] [ChunkStreaming] World storage disconnected[0m
[32m[09:29:31.346] [INFO] [WorldStorage] [WORLD_STORAGE] Opened database: worlds\title.db[0m
[32m[09:29:31.347] [INFO] [WorldStorage] [WORLD_STORAGE] WorldStorage initialized successfully[0m
[32m[09:29:31.347] [INFO] [ChunkStreaming] World storage initialized: worlds\title.db[0m
[32m[09:29:31.347] [INFO] [GameDefinitionLoader] Loading game definition: Untitled Game[0m
[32m[09:29:31.352] [INFO] [WorldGenerator] Loaded 8 biomes from resources/biomes.json[0m
[32m[09:29:31.352] [INFO] [WorldGenerator] Applied world recipe (climateFreq=0.002, 8 biome tunings)[0m
[32m[09:29:31.352] [INFO] [GameDefinitionLoader] World: applied generation recipe from world.db[0m
[33m[09:29:31.352] [WARN] [GameDefinitionLoader] World: 9 of 9 chunks are already saved in the world DB - the inline world block is IGNORED (the DB is the source of truth; set world.regenerate=true to overwrite it deliberately)[0m
[32m[09:29:31.869] [INFO] [ChunkArena] initialized (block size 64 MB)[0m
[32m[09:29:31.869] [INFO] [ChunkArena] block 0 created (64 MB)[0m
[32m[09:29:31.886] [INFO] [ChunkArena] block 1 created (64 MB)[0m
[32m[09:29:31.924] [INFO] [ChunkArena] block 2 created (64 MB)[0m
[32m[09:29:31.965] [INFO] [ChunkArena] block 3 created (64 MB)[0m
[32m[09:29:32.028] [INFO] [GameDefinitionLoader] World: loaded 9 saved chunks of the region from the DB (faces + physics built)[0m
[32m[09:29:32.028] [INFO] [GameDefinitionLoader] Fill StoneBricks [14,16,14]..[18,17,18]: placed 0, failed 50 (occupied voxels skipped — add "replace": true to overwrite)[0m
[32m[09:29:32.028] [INFO] [GameDefinitionLoader] Fill StoneBricks [15,18,15]..[17,20,17]: placed 0, failed 27 (occupied voxels skipped — add "replace": true to overwrite)[0m
[32m[09:29:32.028] [INFO] [GameDefinitionLoader] Fill Stone [16,21,16]..[16,22,16]: placed 0, failed 2 (occupied voxels skipped — add "replace": true to overwrite)[0m
[32m[09:29:32.028] [INFO] [GameDefinitionLoader] Fill glow_blue [16,23,16]..[16,23,16]: placed 0, failed 1 (occupied voxels skipped — add "replace": true to overwrite)[0m
[32m[09:29:32.028] [INFO] [GameDefinitionLoader] Fill Stone [8,16,9]..[9,19,10]: placed 0, failed 16 (occupied voxels skipped — add "replace": true to overwrite)[0m
[32m[09:29:32.028] [INFO] [GameDefinitionLoader] Fill Stone [23,16,22]..[24,18,23]: placed 0, failed 12 (occupied voxels skipped — add "replace": true to overwrite)[0m
[32m[09:29:32.028] [INFO] [GameDefinitionLoader] Game definition loaded: Untitled Game (chunks=0, structures=6, locations=0, npcs=0)[0m
[32m[09:29:32.028] [INFO] [SceneManager] menuWorld loaded behind menu scene 'main_menu'[0m
[32m[09:29:32.033] [INFO] [Menu] Applied theme preset 'parchment'[0m
[32m[09:29:32.033] [INFO] [Ravenmere] menuWorld camera path playing (4 waypoints)[0m
[32m[09:29:32.033] [INFO] [SceneManager] Scene 'main_menu' loaded in 688 ms[0m
[32m[09:29:32.047] [INFO] [WaterPipeline] Water-layer levels bound: 1x1 cells, origin (0, 0), cell 0 (invCell 0 = flat-sea; negative = grounded/off-grid-dry)[0m
[32m[09:29:32.049] [INFO] [SceneManager] Beginning transition: 'main_menu' -> 'town'[0m
[32m[09:29:32.049] [INFO] [Ravenmere] Loading screen shown (-> 'Ravenmere')[0m
[32m[09:29:32.049] [INFO] [SceneManager] Unloading scene 'main_menu'...[0m
[32m[09:29:32.049] [INFO] [SceneManager] Scene 'main_menu' unloaded[0m
[32m[09:29:32.085] [INFO] [PlacedObjectManager] Saved 0 placed objects to database[0m
[32m[09:29:32.101] [INFO] [WorldStorage] [WORLD_STORAGE] Database closed[0m
[32m[09:29:32.101] [INFO] [ChunkStreaming] World storage disconnected[0m
[32m[09:29:32.102] [INFO] [WorldStorage] [WORLD_STORAGE] Opened database: worlds\town.db[0m
[32m[09:29:32.107] [INFO] [WorldStorage] [WORLD_STORAGE] WorldStorage initialized successfully[0m
[32m[09:29:32.107] [INFO] [ChunkStreaming] World storage initialized: worlds\town.db[0m
[32m[09:29:32.107] [INFO] [WorldStorage] [WORLD_STORAGE] Found 30 chunks in database[0m
[32m[09:29:32.107] [INFO] [ChunkStreaming] Loading 30 chunks from database...[0m
[32m[09:29:34.412] [INFO] [ChunkStreaming] Successfully loaded 30 chunks from database[0m
[32m[09:29:34.412] [INFO] [Chunk] Rebuilding faces for all loaded chunks with cross-chunk culling...[0m
[32m[09:29:35.590] [INFO] [Chunk] Face rebuilding complete for 30 chunks[0m
[32m[09:29:35.590] [INFO] [Chunk] Building physics + registering occupancy grids for all 30 chunks...[0m
[32m[09:29:35.633] [INFO] [Chunk] Chunk physics build complete for 30 chunks[0m
[32m[09:29:35.637] [INFO] [PlacedObjectManager] Loaded 334 placed objects from database[0m
[32m[09:29:35.638] [INFO] [GameDefinitionLoader] Loading game definition: Untitled Game[0m
[32m[09:29:35.638] [INFO] [GameDefinitionLoader] Fill Wood [-6,17,16]..[-4,17,16]: placed 0, failed 3 (occupied voxels skipped — add "replace": true to overwrite)[0m
[32m[09:29:35.638] [INFO] [GameDefinitionLoader] Fill StoneBricks [-17,17,-15]..[-17,19,-15]: placed 0, failed 3 (occupied voxels skipped — add "replace": true to overwrite)[0m
[32m[09:29:35.638] [INFO] [GameDefinitionLoader] Fill StoneBricks [-11,17,-15]..[-11,19,-15]: placed 0, failed 3 (occupied voxels skipped — add "replace": true to overwrite)[0m
[32m[09:29:35.638] [INFO] [GameDefinitionLoader] Fill StoneBricks [-15,17,-15]..[-13,17,-14]: placed 0, failed 6 (occupied voxels skipped — add "replace": true to overwrite)[0m
[32m[09:29:35.638] [INFO] [GameDefinitionLoader] Fill glow_blue [-14,18,-15]..[-14,18,-15]: placed 0, failed 1 (occupied voxels skipped — add "replace": true to overwrite)[0m
[32m[09:29:35.643] [INFO] [Character] Parsed archetype 'humanoid_normal' from resources/animated_characters/humanoid.anim[0m
[32m[09:29:36.993] [INFO] [Character] === Loaded Animations (138) ===[0m
[32m[09:29:36.993] [INFO] [Character]   [0] base_pose (Duration: 0s)[0m
[32m[09:29:36.993] [INFO] [Character]   [1] crouch_to_stand (Duration: 2.54167s)[0m
[32m[09:29:36.993] [INFO] [Character]   [2] crouched_walking (Duration: 1s)[0m
[32m[09:29:36.993] [INFO] [Character]   [3] fast_run (Duration: 0.5s)[0m
[32m[09:29:36.993] [INFO] [Character]   [4] female_start_walking (Duration: 1.83333s)[0m
[32m[09:29:36.993] [INFO] [Character]   [5] female_stop_walking (Duration: 1.5s)[0m
[32m[09:29:36.993] [INFO] [Character]   [6] floating (Duration: 3.58333s)[0m
[32m[09:29:36.993] [INFO] [Character]   [7] idle (Duration: 16.625s)[0m
[32m[09:29:36.993] [INFO] [Character]   [8] jump (Duration: 2.58333s)[0m
[32m[09:29:36.993] [INFO] [Character]   [9] jumping_down (Duration: 3.45833s)[0m
[32m[09:29:36.993] [INFO] [Character]   [10] jump_down (Duration: 3.5s)[0m
[32m[09:29:36.993] [INFO] [Character]   [11] landing (Duration: 2.08333s)[0m
[32m[09:29:36.993] [INFO] [Character]   [12] left_strafe_walk (Duration: 0.916667s)[0m
[32m[09:29:36.994] [INFO] [Character]   [13] left_strafe (Duration: 0.666667s)[0m
[32m[09:29:36.994] [INFO] [Character]   [14] left_turn (Duration: 1.16667s)[0m
[32m[09:29:36.994] [INFO] [Character]   [15] right_strafe_walk (Duration: 0.916667s)[0m
[32m[09:29:36.994] [INFO] [Character]   [16] right_strafe (Duration: 0.666667s)[0m
[32m[09:29:36.994] [INFO] [Character]   [17] right_turn (Duration: 1.16667s)[0m
[32m[09:29:36.994] [INFO] [Character]   [18] run_to_stop (Duration: 0.875s)[0m
[32m[09:29:36.994] [INFO] [Character]   [19] run (Duration: 0.666667s)[0m
[32m[09:29:36.994] [INFO] [Character]   [20] standing_to_crouched (Duration: 0.625s)[0m
[32m[09:29:36.994] [INFO] [Character]   [21] standing (Duration: 3.83333s)[0m
[32m[09:29:36.994] [INFO] [Character]   [22] unarmed_walk (Duration: 1.33333s)[0m
[32m[09:29:36.994] [INFO] [Character]   [23] walking_backward (Duration: 1.20833s)[0m
[32m[09:29:36.994] [INFO] [Character]   [24] walk (Duration: 0.958333s)[0m
[32m[09:29:36.994] [INFO] [Character]   [25] crouch_idle (Duration: 3s)[0m
[32m[09:29:36.994] [INFO] [Character]   [26] point (Duration: 1.5s)[0m
[32m[09:29:36.994] [INFO] [Character]   [27] climbing_to_top (Duration: 4s)[0m
[32m[09:29:36.994] [INFO] [Character]   [28] body_block (Duration: 3.41667s)[0m
[32m[09:29:36.994] [INFO] [Character]   [29] boxing (Duration: 1.70833s)[0m
[32m[09:29:36.994] [INFO] [Character]   [30] climbing_down (Duration: 3.41667s)[0m
[32m[09:29:36.994] [INFO] [Character]   [31] climbing_top (Duration: 4s)[0m
[32m[09:29:36.994] [INFO] [Character]   [32] stair_down (Duration: 0.916667s)[0m
[32m[09:29:36.994] [INFO] [Character]   [33] elbow_punch (Duration: 1.70833s)[0m
[32m[09:29:36.994] [INFO] [Character]   [34] headbutt (Duration: 2.08333s)[0m
[32m[09:29:36.994] [INFO] [Character]   [35] idle_looking (Duration: 7.83333s)[0m
[32m[09:29:36.994] [INFO] [Character]   [36] attack (Duration: 1.25s)[0m
[32m[09:29:36.994] [INFO] [Character]   [37] sit_to_stand (Duration: 2.25s)[0m
[32m[09:29:36.994] [INFO] [Character]   [38] sitting_idle (Duration: 6.375s)[0m
[32m[09:29:36.994] [INFO] [Character]   [39] stand_to_sit (Duration: 2.20833s)[0m
[32m[09:29:36.994] [INFO] [Character]   [40] melee_attack_down (Duration: 2.25s)[0m
[32m[09:29:36.994] [INFO] [Character]   [41] melee_attack_horizontal (Duration: 2.375s)[0m
[32m[09:29:36.994] [INFO] [Character]   [42] start_walking (Duration: 1.83333s)[0m
[32m[09:29:36.994] [INFO] [Character]   [43] talk (Duration: 5.16667s)[0m
[32m[09:29:36.994] [INFO] [Character]   [44] taunt (Duration: 2.83333s)[0m
[32m[09:29:36.994] [INFO] [Character]   [45] stair_up (Duration: 1.16667s)[0m
[32m[09:29:36.994] [INFO] [Character]   [46] wave (Duration: 0.5s)[0m
[32m[09:29:36.994] [INFO] [Character]   [47] cast_quick (Duration: 0.8s)[0m
[32m[09:29:36.994] [INFO] [Character]   [48] cast_standard (Duration: 1.6s)[0m
[32m[09:29:36.994] [INFO] [Character]   [49] cast_windup (Duration: 0.8s)[0m
[32m[09:29:36.994] [INFO] [Character]   [50] cast_loop (Duration: 1.2s)[0m
[32m[09:29:36.994] [INFO] [Character]   [51] cast_release (Duration: 0.7s)[0m
[32m[09:29:36.994] [INFO] [Character]   [52] cast_call_down (Duration: 2s)[0m
[32m[09:29:36.994] [INFO] [Character]   [53] cast_touch (Duration: 1.2s)[0m
[32m[09:29:36.994] [INFO] [Character]   [54] cast_ward (Duration: 0.5s)[0m
[32m[09:29:36.994] [INFO] [Character]   [55] melee_stab_1h (Duration: 0.9s)[0m
[32m[09:29:36.994] [INFO] [Character]   [56] melee_chop_2h (Duration: 1.3s)[0m
[32m[09:29:36.994] [INFO] [Character]   [57] melee_sweep_2h (Duration: 1.4s)[0m
[32m[09:29:36.994] [INFO] [Character]   [58] melee_thrust_spear (Duration: 1s)[0m
[32m[09:29:36.994] [INFO] [Character]   [59] melee_parry (Duration: 0.45s)[0m
[32m[09:29:36.994] [INFO] [Character]   [60] sword1h_light1 (Duration: 0.94s)[0m
[32m[09:29:36.994] [INFO] [Character]   [61] sword1h_light2 (Duration: 1.07s)[0m
[32m[09:29:36.994] [INFO] [Character]   [62] sword1h_light3 (Duration: 0.9s)[0m
[32m[09:29:36.994] [INFO] [Character]   [63] sword1h_heavy (Duration: 1.26s)[0m
[32m[09:29:36.994] [INFO] [Character]   [64] roll_forward (Duration: 2.36667s)[0m
[32m[09:29:36.994] [INFO] [Character]   [65] dive_forward (Duration: 1.2s)[0m
[32m[09:29:36.994] [INFO] [Character]   [66] hit_head (Duration: 1.43333s)[0m
[32m[09:29:36.994] [INFO] [Character]   [67] hit_stomach (Duration: 1.2s)[0m
[32m[09:29:36.994] [INFO] [Character]   [68] hit_rib (Duration: 1s)[0m
[32m[09:29:36.994] [INFO] [Character]   [69] dodge_right (Duration: 1.43333s)[0m
[32m[09:29:36.994] [INFO] [Character]   [70] death_front (Duration: 4.33333s)[0m
[32m[09:29:36.994] [INFO] [Character]   [71] death_back (Duration: 4.6s)[0m
[32m[09:29:36.994] [INFO] [Character]   [72] ko_lay (Duration: 2.13333s)[0m
[32m[09:29:36.994] [INFO] [Character]   [73] get_up (Duration: 11.4s)[0m
[32m[09:29:36.994] [INFO] [Character]   [74] kick (Duration: 1.5s)[0m
[32m[09:29:36.994] [INFO] [Character]   [75] chop_1h (Duration: 1.1s)[0m
[32m[09:29:36.994] [INFO] [Character]   [76] ogre_walk (Duration: 1.41667s)[0m
[32m[09:29:36.994] [INFO] [Character]   [77] ogre_swipe (Duration: 2.66667s)[0m
[32m[09:29:36.994] [INFO] [Character]   [78] ogre_idle (Duration: 4s)[0m
[32m[09:29:36.994] [INFO] [Character]   [79] ogre_jump_attack (Duration: 3.66667s)[0m
[32m[09:29:36.994] [INFO] [Character]   [80] hop_onto_seat (Duration: 3.875s)[0m
[32m[09:29:36.994] [INFO] [Character]   [81] scamper_walk (Duration: 1.08333s)[0m
[32m[09:29:36.994] [INFO] [Character]   [82] stomp (Duration: 1.79167s)[0m
[32m[09:29:36.994] [INFO] [Character]   [83] sword1h_light4 (Duration: 1.26s)[0m
[32m[09:29:36.994] [INFO] [Character]   [84] sword1h_mocap_combo (Duration: 4.53333s)[0m
[32m[09:29:36.994] [INFO] [Character]   [85] slash2h_idle (Duration: 2s)[0m
[32m[09:29:36.994] [INFO] [Character]   [86] slash2h_light1 (Duration: 1.26667s)[0m
[32m[09:29:36.994] [INFO] [Character]   [87] slash2h_light2 (Duration: 3.53333s)[0m
[32m[09:29:36.994] [INFO] [Character]   [88] slash2h_light3 (Duration: 1.83333s)[0m
[32m[09:29:36.994] [INFO] [Character]   [89] slash2h_light4 (Duration: 1.8s)[0m
[32m[09:29:36.994] [INFO] [Character]   [90] slash2h_light5 (Duration: 1.43333s)[0m
[32m[09:29:36.994] [INFO] [Character]   [91] slash2h_heavy (Duration: 1.2s)[0m
[32m[09:29:36.994] [INFO] [Character]   [92] slash2h_block1 (Duration: 0.5s)[0m
[32m[09:29:36.994] [INFO] [Character]   [93] slash2h_block2 (Duration: 0.966667s)[0m
[32m[09:29:36.994] [INFO] [Character]   [94] slash2h_block3 (Duration: 0.5s)[0m
[32m[09:29:36.994] [INFO] [Character]   [95] blunt2h_heavy (Duration: 5.2s)[0m
[32m[09:29:36.994] [INFO] [Character]   [96] dagger1h_light1 (Duration: 2.13333s)[0m
[32m[09:29:36.994] [INFO] [Character]   [97] dagger1h_light2 (Duration: 2.36667s)[0m
[32m[09:29:36.994] [INFO] [Character]   [98] dagger1h_light3 (Duration: 2.63333s)[0m
[32m[09:29:36.994] [INFO] [Character]   [99] bow_idle (Duration: 5.1s)[0m
[32m[09:29:36.994] [INFO] [Character]   [100] bow_draw (Duration: 1.03333s)[0m
[32m[09:29:36.994] [INFO] [Character]   [101] bow_aim_overdraw (Duration: 3.76667s)[0m
[32m[09:29:36.994] [INFO] [Character]   [102] bow_release_recoil (Duration: 0.7s)[0m
[32m[09:29:36.994] [INFO] [Character]   [103] bow_aim_walk_forward (Duration: 1.2s)[0m
[32m[09:29:36.994] [INFO] [Character]   [104] bow_aim_walk_back (Duration: 1.46667s)[0m
[32m[09:29:36.994] [INFO] [Character]   [105] bow_aim_walk_left (Duration: 1.2s)[0m
[32m[09:29:36.994] [INFO] [Character]   [106] bow_aim_walk_right (Duration: 1.3s)[0m
[32m[09:29:36.994] [INFO] [Character]   [107] mining_wall_strike (Duration: 2.26667s)[0m
[32m[09:29:36.994] [INFO] [Character]   [108] digging_ground (Duration: 4.83333s)[0m
[32m[09:29:36.994] [INFO] [Character]   [109] woodchop_horizontal (Duration: 2.4s)[0m
[32m[09:29:36.994] [INFO] [Character]   [110] blunt1h_mocap_combo (Duration: 3.63333s)[0m
[32m[09:29:36.994] [INFO] [Character]   [111] blunt2h_mocap_combo (Duration: 5.43333s)[0m
[32m[09:29:36.994] [INFO] [Character]   [112] blunt1h_light1 (Duration: 1.1s)[0m
[32m[09:29:36.994] [INFO] [Character]   [113] blunt1h_light2 (Duration: 0.87s)[0m
[32m[09:29:36.994] [INFO] [Character]   [114] blunt1h_light3 (Duration: 0.74s)[0m
[32m[09:29:36.994] [INFO] [Character]   [115] blunt1h_light4 (Duration: 1.13s)[0m
[32m[09:29:36.994] [INFO] [Character]   [116] blunt2h_light1 (Duration: 1.5s)[0m
[32m[09:29:36.994] [INFO] [Character]   [117] blunt2h_light2 (Duration: 1.2s)[0m
[32m[09:29:36.994] [INFO] [Character]   [118] blunt2h_light3 (Duration: 1.07s)[0m
[32m[09:29:36.994] [INFO] [Character]   [119] blunt2h_light4 (Duration: 0.93s)[0m
[32m[09:29:36.994] [INFO] [Character]   [120] cast_1h_spell1 (Duration: 2.26667s)[0m
[32m[09:29:36.994] [INFO] [Character]   [121] cast_1h_attack1 (Duration: 2.3s)[0m
[32m[09:29:36.994] [INFO] [Character]   [122] cast_1h_attack2 (Duration: 2.2s)[0m
[32m[09:29:36.994] [INFO] [Character]   [123] cast_1h_attack3 (Duration: 2.3s)[0m
[32m[09:29:36.994] [INFO] [Character]   [124] cast_2h_spell1 (Duration: 2.16667s)[0m
[32m[09:29:36.994] [INFO] [Character]   [125] cast_2h_area1 (Duration: 2.96667s)[0m
[32m[09:29:36.994] [INFO] [Character]   [126] cast_2h_area2 (Duration: 3.26667s)[0m
[32m[09:29:36.994] [INFO] [Character]   [127] cast_2h_attack1 (Duration: 2.7s)[0m
[32m[09:29:36.994] [INFO] [Character]   [128] cast_2h_attack2 (Duration: 2.63333s)[0m
[32m[09:29:36.994] [INFO] [Character]   [129] cast_2h_attack3 (Duration: 4.3s)[0m
[32m[09:29:36.994] [INFO] [Character]   [130] cast_2h_attack4 (Duration: 3.33333s)[0m
[32m[09:29:36.995] [INFO] [Character]   [131] cast_2h_attack5 (Duration: 3.53333s)[0m
[32m[09:29:36.995] [INFO] [Character]   [132] axe1h_uppercut (Duration: 3.16667s)[0m
[32m[09:29:36.995] [INFO] [Character]   [133] axe1h_spin_high (Duration: 3.16667s)[0m
[32m[09:29:36.995] [INFO] [Character]   [134] axe1h_spin_low (Duration: 2.5s)[0m
[32m[09:29:36.995] [INFO] [Character]   [135] axe2h_mocap_combo1 (Duration: 4.66667s)[0m
[32m[09:29:36.995] [INFO] [Character]   [136] axe1h_mocap_combo2 (Duration: 4.2s)[0m
[32m[09:29:36.995] [INFO] [Character]   [137] axe1h_mocap_combo3 (Duration: 2.73333s)[0m
[32m[09:29:36.995] [INFO] [Character] =====================================[0m
[32m[09:29:37.023] [INFO] [BodyPlan] loaded 37 body plans[0m
[32m[09:29:37.023] [INFO] [Character] resizeController: height=1.9 halfWidth=0.25 maxStep=0.444444 footOffset=0.0249996 minY=-0.0250004 maxY=1.825[0m
[32m[09:29:37.023] [INFO] [Character]   Segment [mixamorig:Head] source=skeleton fallback he=(0.12,0.12,0.12)[0m
[32m[09:29:37.023] [INFO] [Character]   Segment [mixamorig:Spine2] source=skeleton fallback he=(0.1,0.0654832,0.1)[0m
[32m[09:29:37.023] [INFO] [Character]   Segment [mixamorig:Spine1] source=skeleton fallback he=(0.1,0.0466105,0.1)[0m
[32m[09:29:37.023] [INFO] [Character]   Segment [mixamorig:Hips] source=skeleton fallback he=(0.1,0.1,0.1)[0m
[32m[09:29:37.023] [INFO] [Character]   Segment [mixamorig:LeftArm] source=skeleton fallback he=(0.07,0.139208,0.07)[0m
[32m[09:29:37.023] [INFO] [Character]   Segment [mixamorig:RightArm] source=skeleton fallback he=(0.07,0.139208,0.07)[0m
[32m[09:29:37.023] [INFO] [Character]   Segment [mixamorig:LeftForeArm] source=skeleton fallback he=(0.07,0.141644,0.07)[0m
[32m[09:29:37.023] [INFO] [Character]   Segment [mixamorig:RightForeArm] source=skeleton fallback he=(0.07,0.141644,0.07)[0m
[32m[09:29:37.023] [INFO] [Character]   Segment [mixamorig:LeftUpLeg] source=skeleton fallback he=(0.08,0.221857,0.08)[0m
[32m[09:29:37.023] [INFO] [Character]   Segment [mixamorig:RightUpLeg] source=skeleton fallback he=(0.08,0.221857,0.08)[0m
[32m[09:29:37.024] [INFO] [Character]   Segment [mixamorig:LeftLeg] source=skeleton fallback he=(0.08,0.222639,0.08)[0m
[32m[09:29:37.024] [INFO] [Character]   Segment [mixamorig:RightLeg] source=skeleton fallback he=(0.08,0.222639,0.08)[0m
[32m[09:29:37.024] [INFO] [Character] Built 12/8 segment collision boxes[0m
[32m[09:29:37.024] [INFO] [GameDefinitionLoader] Player spawned: animated at (-36.000000, 18.000000, 15.000000)[0m
[32m[09:29:37.024] [INFO] [Character] Parsed archetype 'humanoid_normal' from resources/animated_characters/humanoid.anim[0m
[32m[09:29:37.031] [INFO] [Character] === Loaded Animations (138) ===[0m
[32m[09:29:37.031] [INFO] [Character]   [0] base_pose (Duration: 0s)[0m
[32m[09:29:37.031] [INFO] [Character]   [1] crouch_to_stand (Duration: 2.54167s)[0m
[32m[09:29:37.031] [INFO] [Character]   [2] crouched_walking (Duration: 1s)[0m
[32m[09:29:37.031] [INFO] [Character]   [3] fast_run (Duration: 0.5s)[0m
[32m[09:29:37.031] [INFO] [Character]   [4] female_start_walking (Duration: 1.83333s)[0m
[32m[09:29:37.031] [INFO] [Character]   [5] female_stop_walking (Duration: 1.5s)[0m
[32m[09:29:37.031] [INFO] [Character]   [6] floating (Duration: 3.58333s)[0m
[32m[09:29:37.031] [INFO] [Character]   [7] idle (Duration: 16.625s)[0m
[32m[09:29:37.031] [INFO] [Character]   [8] jump (Duration: 2.58333s)[0m
[32m[09:29:37.031] [INFO] [Character]   [9] jumping_down (Duration: 3.45833s)[0m
[32m[09:29:37.031] [INFO] [Character]   [10] jump_down (Duration: 3.5s)[0m
[32m[09:29:37.031] [INFO] [Character]   [11] landing (Duration: 2.08333s)[0m
[32m[09:29:37.031] [INFO] [Character]   [12] left_strafe_walk (Duration: 0.916667s)[0m
[32m[09:29:37.031] [INFO] [Character]   [13] left_strafe (Duration: 0.666667s)[0m
[32m[09:29:37.031] [INFO] [Character]   [14] left_turn (Duration: 1.16667s)[0m
[32m[09:29:37.031] [INFO] [Character]   [15] right_strafe_walk (Duration: 0.916667s)[0m
[32m[09:29:37.031] [INFO] [Character]   [16] right_strafe (Duration: 0.666667s)[0m
[32m[09:29:37.031] [INFO] [Character]   [17] right_turn (Duration: 1.16667s)[0m
[32m[09:29:37.031] [INFO] [Character]   [18] run_to_stop (Duration: 0.875s)[0m
[32m[09:29:37.031] [INFO] [Character]   [19] run (Duration: 0.666667s)[0m
[32m[09:29:37.031] [INFO] [Character]   [20] standing_to_crouched (Duration: 0.625s)[0m
[32m[09:29:37.031] [INFO] [Character]   [21] standing (Duration: 3.83333s)[0m
[32m[09:29:37.031] [INFO] [Character]   [22] unarmed_walk (Duration: 1.33333s)[0m
[32m[09:29:37.031] [INFO] [Character]   [23] walking_backward (Duration: 1.20833s)[0m
[32m[09:29:37.031] [INFO] [Character]   [24] walk (Duration: 0.958333s)[0m
[32m[09:29:37.031] [INFO] [Character]   [25] crouch_idle (Duration: 3s)[0m
[32m[09:29:37.031] [INFO] [Character]   [26] point (Duration: 1.5s)[0m
[32m[09:29:37.031] [INFO] [Character]   [27] climbing_to_top (Duration: 4s)[0m
[32m[09:29:37.031] [INFO] [Character]   [28] body_block (Duration: 3.41667s)[0m
[32m[09:29:37.031] [INFO] [Character]   [29] boxing (Duration: 1.70833s)[0m
[32m[09:29:37.032] [INFO] [Character]   [30] climbing_down (Duration: 3.41667s)[0m
[32m[09:29:37.032] [INFO] [Character]   [31] climbing_top (Duration: 4s)[0m
[32m[09:29:37.032] [INFO] [Character]   [32] stair_down (Duration: 0.916667s)[0m
[32m[09:29:37.032] [INFO] [Character]   [33] elbow_punch (Duration: 1.70833s)[0m
[32m[09:29:37.032] [INFO] [Character]   [34] headbutt (Duration: 2.08333s)[0m
[32m[09:29:37.032] [INFO] [Character]   [35] idle_looking (Duration: 7.83333s)[0m
[32m[09:29:37.032] [INFO] [Character]   [36] attack (Duration: 1.25s)[0m
[32m[09:29:37.032] [INFO] [Character]   [37] sit_to_stand (Duration: 2.25s)[0m
[32m[09:29:37.032] [INFO] [Character]   [38] sitting_idle (Duration: 6.375s)[0m
[32m[09:29:37.032] [INFO] [Character]   [39] stand_to_sit (Duration: 2.20833s)[0m
[32m[09:29:37.032] [INFO] [Character]   [40] melee_attack_down (Duration: 2.25s)[0m
[32m[09:29:37.032] [INFO] [Character]   [41] melee_attack_horizontal (Duration: 2.375s)[0m
[32m[09:29:37.032] [INFO] [Character]   [42] start_walking (Duration: 1.83333s)[0m
[32m[09:29:37.032] [INFO] [Character]   [43] talk (Duration: 5.16667s)[0m
[32m[09:29:37.032] [INFO] [Character]   [44] taunt (Duration: 2.83333s)[0m
[32m[09:29:37.032] [INFO] [Character]   [45] stair_up (Duration: 1.16667s)[0m
[32m[09:29:37.032] [INFO] [Character]   [46] wave (Duration: 0.5s)[0m
[32m[09:29:37.032] [INFO] [Character]   [47] cast_quick (Duration: 0.8s)[0m
[32m[09:29:37.032] [INFO] [Character]   [48] cast_standard (Duration: 1.6s)[0m
[32m[09:29:37.032] [INFO] [Character]   [49] cast_windup (Duration: 0.8s)[0m
[32m[09:29:37.032] [INFO] [Character]   [50] cast_loop (Duration: 1.2s)[0m
[32m[09:29:37.032] [INFO] [Character]   [51] cast_release (Duration: 0.7s)[0m
[32m[09:29:37.032] [INFO] [Character]   [52] cast_call_down (Duration: 2s)[0m
[32m[09:29:37.032] [INFO] [Character]   [53] cast_touch (Duration: 1.2s)[0m
[32m[09:29:37.032] [INFO] [Character]   [54] cast_ward (Duration: 0.5s)[0m
[32m[09:29:37.032] [INFO] [Character]   [55] melee_stab_1h (Duration: 0.9s)[0m
[32m[09:29:37.032] [INFO] [Character]   [56] melee_chop_2h (Duration: 1.3s)[0m
[32m[09:29:37.032] [INFO] [Character]   [57] melee_sweep_2h (Duration: 1.4s)[0m
[32m[09:29:37.032] [INFO] [Character]   [58] melee_thrust_spear (Duration: 1s)[0m
[32m[09:29:37.032] [INFO] [Character]   [59] melee_parry (Duration: 0.45s)[0m
[32m[09:29:37.032] [INFO] [Character]   [60] sword1h_light1 (Duration: 0.94s)[0m
[32m[09:29:37.032] [INFO] [Character]   [61] sword1h_light2 (Duration: 1.07s)[0m
[32m[09:29:37.032] [INFO] [Character]   [62] sword1h_light3 (Duration: 0.9s)[0m
[32m[09:29:37.032] [INFO] [Character]   [63] sword1h_heavy (Duration: 1.26s)[0m
[32m[09:29:37.032] [INFO] [Character]   [64] roll_forward (Duration: 2.36667s)[0m
[32m[09:29:37.032] [INFO] [Character]   [65] dive_forward (Duration: 1.2s)[0m
[32m[09:29:37.032] [INFO] [Character]   [66] hit_head (Duration: 1.43333s)[0m
[32m[09:29:37.032] [INFO] [Character]   [67] hit_stomach (Duration: 1.2s)[0m
[32m[09:29:37.032] [INFO] [Character]   [68] hit_rib (Duration: 1s)[0m
[32m[09:29:37.032] [INFO] [Character]   [69] dodge_right (Duration: 1.43333s)[0m
[32m[09:29:37.032] [INFO] [Character]   [70] death_front (Duration: 4.33333s)[0m
[32m[09:29:37.032] [INFO] [Character]   [71] death_back (Duration: 4.6s)[0m
[32m[09:29:37.032] [INFO] [Character]   [72] ko_lay (Duration: 2.13333s)[0m
[32m[09:29:37.032] [INFO] [Character]   [73] get_up (Duration: 11.4s)[0m
[32m[09:29:37.032] [INFO] [Character]   [74] kick (Duration: 1.5s)[0m
[32m[09:29:37.032] [INFO] [Character]   [75] chop_1h (Duration: 1.1s)[0m
[32m[09:29:37.032] [INFO] [Character]   [76] ogre_walk (Duration: 1.41667s)[0m
[32m[09:29:37.032] [INFO] [Character]   [77] ogre_swipe (Duration: 2.66667s)[0m
[32m[09:29:37.032] [INFO] [Character]   [78] ogre_idle (Duration: 4s)[0m
[32m[09:29:37.032] [INFO] [Character]   [79] ogre_jump_attack (Duration: 3.66667s)[0m
[32m[09:29:37.032] [INFO] [Character]   [80] hop_onto_seat (Duration: 3.875s)[0m
[32m[09:29:37.032] [INFO] [Character]   [81] scamper_walk (Duration: 1.08333s)[0m
[32m[09:29:37.032] [INFO] [Character]   [82] stomp (Duration: 1.79167s)[0m
[32m[09:29:37.032] [INFO] [Character]   [83] sword1h_light4 (Duration: 1.26s)[0m
[32m[09:29:37.032] [INFO] [Character]   [84] sword1h_mocap_combo (Duration: 4.53333s)[0m
[32m[09:29:37.032] [INFO] [Character]   [85] slash2h_idle (Duration: 2s)[0m
[32m[09:29:37.032] [INFO] [Character]   [86] slash2h_light1 (Duration: 1.26667s)[0m
[32m[09:29:37.032] [INFO] [Character]   [87] slash2h_light2 (Duration: 3.53333s)[0m
[32m[09:29:37.032] [INFO] [Character]   [88] slash2h_light3 (Duration: 1.83333s)[0m
[32m[09:29:37.032] [INFO] [Character]   [89] slash2h_light4 (Duration: 1.8s)[0m
[32m[09:29:37.032] [INFO] [Character]   [90] slash2h_light5 (Duration: 1.43333s)[0m
[32m[09:29:37.032] [INFO] [Character]   [91] slash2h_heavy (Duration: 1.2s)[0m
[32m[09:29:37.032] [INFO] [Character]   [92] slash2h_block1 (Duration: 0.5s)[0m
[32m[09:29:37.032] [INFO] [Character]   [93] slash2h_block2 (Duration: 0.966667s)[0m
[32m[09:29:37.032] [INFO] [Character]   [94] slash2h_block3 (Duration: 0.5s)[0m
[32m[09:29:37.032] [INFO] [Character]   [95] blunt2h_heavy (Duration: 5.2s)[0m
[32m[09:29:37.032] [INFO] [Character]   [96] dagger1h_light1 (Duration: 2.13333s)[0m
[32m[09:29:37.032] [INFO] [Character]   [97] dagger1h_light2 (Duration: 2.36667s)[0m
[32m[09:29:37.032] [INFO] [Character]   [98] dagger1h_light3 (Duration: 2.63333s)[0m
[32m[09:29:37.032] [INFO] [Character]   [99] bow_idle (Duration: 5.1s)[0m
[32m[09:29:37.032] [INFO] [Character]   [100] bow_draw (Duration: 1.03333s)[0m
[32m[09:29:37.032] [INFO] [Character]   [101] bow_aim_overdraw (Duration: 3.76667s)[0m
[32m[09:29:37.032] [INFO] [Character]   [102] bow_release_recoil (Duration: 0.7s)[0m
[32m[09:29:37.032] [INFO] [Character]   [103] bow_aim_walk_forward (Duration: 1.2s)[0m
[32m[09:29:37.032] [INFO] [Character]   [104] bow_aim_walk_back (Duration: 1.46667s)[0m
[32m[09:29:37.032] [INFO] [Character]   [105] bow_aim_walk_left (Duration: 1.2s)[0m
[32m[09:29:37.032] [INFO] [Character]   [106] bow_aim_walk_right (Duration: 1.3s)[0m
[32m[09:29:37.032] [INFO] [Character]   [107] mining_wall_strike (Duration: 2.26667s)[0m
[32m[09:29:37.032] [INFO] [Character]   [108] digging_ground (Duration: 4.83333s)[0m
[32m[09:29:37.032] [INFO] [Character]   [109] woodchop_horizontal (Duration: 2.4s)[0m
[32m[09:29:37.032] [INFO] [Character]   [110] blunt1h_mocap_combo (Duration: 3.63333s)[0m
[32m[09:29:37.032] [INFO] [Character]   [111] blunt2h_mocap_combo (Duration: 5.43333s)[0m
[32m[09:29:37.032] [INFO] [Character]   [112] blunt1h_light1 (Duration: 1.1s)[0m
[32m[09:29:37.032] [INFO] [Character]   [113] blunt1h_light2 (Duration: 0.87s)[0m
[32m[09:29:37.032] [INFO] [Character]   [114] blunt1h_light3 (Duration: 0.74s)[0m
[32m[09:29:37.032] [INFO] [Character]   [115] blunt1h_light4 (Duration: 1.13s)[0m
[32m[09:29:37.032] [INFO] [Character]   [116] blunt2h_light1 (Duration: 1.5s)[0m
[32m[09:29:37.032] [INFO] [Character]   [117] blunt2h_light2 (Duration: 1.2s)[0m
[32m[09:29:37.032] [INFO] [Character]   [118] blunt2h_light3 (Duration: 1.07s)[0m
[32m[09:29:37.032] [INFO] [Character]   [119] blunt2h_light4 (Duration: 0.93s)[0m
[32m[09:29:37.032] [INFO] [Character]   [120] cast_1h_spell1 (Duration: 2.26667s)[0m
[32m[09:29:37.032] [INFO] [Character]   [121] cast_1h_attack1 (Duration: 2.3s)[0m
[32m[09:29:37.032] [INFO] [Character]   [122] cast_1h_attack2 (Duration: 2.2s)[0m
[32m[09:29:37.032] [INFO] [Character]   [123] cast_1h_attack3 (Duration: 2.3s)[0m
[32m[09:29:37.032] [INFO] [Character]   [124] cast_2h_spell1 (Duration: 2.16667s)[0m
[32m[09:29:37.032] [INFO] [Character]   [125] cast_2h_area1 (Duration: 2.96667s)[0m
[32m[09:29:37.032] [INFO] [Character]   [126] cast_2h_area2 (Duration: 3.26667s)[0m
[32m[09:29:37.032] [INFO] [Character]   [127] cast_2h_attack1 (Duration: 2.7s)[0m
[32m[09:29:37.032] [INFO] [Character]   [128] cast_2h_attack2 (Duration: 2.63333s)[0m
[32m[09:29:37.032] [INFO] [Character]   [129] cast_2h_attack3 (Duration: 4.3s)[0m
[32m[09:29:37.032] [INFO] [Character]   [130] cast_2h_attack4 (Duration: 3.33333s)[0m
[32m[09:29:37.032] [INFO] [Character]   [131] cast_2h_attack5 (Duration: 3.53333s)[0m
[32m[09:29:37.032] [INFO] [Character]   [132] axe1h_uppercut (Duration: 3.16667s)[0m
[32m[09:29:37.032] [INFO] [Character]   [133] axe1h_spin_high (Duration: 3.16667s)[0m
[32m[09:29:37.032] [INFO] [Character]   [134] axe1h_spin_low (Duration: 2.5s)[0m
[32m[09:29:37.032] [INFO] [Character]   [135] axe2h_mocap_combo1 (Duration: 4.66667s)[0m
[32m[09:29:37.032] [INFO] [Character]   [136] axe1h_mocap_combo2 (Duration: 4.2s)[0m
[32m[09:29:37.032] [INFO] [Character]   [137] axe1h_mocap_combo3 (Duration: 2.73333s)[0m
[32m[09:29:37.032] [INFO] [Character] =====================================[0m
[32m[09:29:37.032] [INFO] [Character] resizeController: height=1.87889 halfWidth=0.257278 maxStep=0.425083 footOffset=0.0623281 minY=0.0123281 maxY=1.84122[0m
[32m[09:29:37.033] [INFO] [Character]   Segment [mixamorig:Head] source=skeleton fallback he=(0.117628,0.117628,0.117628)[0m
[32m[09:29:37.033] [INFO] [Character]   Segment [mixamorig:Spine2] source=skeleton fallback he=(0.1,0.0685518,0.1)[0m
[32m[09:29:37.033] [INFO] [Character]   Segment [mixamorig:Spine1] source=skeleton fallback he=(0.1,0.0512593,0.1)[0m
[32m[09:29:37.033] [INFO] [Character]   Segment [mixamorig:Hips] source=skeleton fallback he=(0.1,0.1,0.0995882)[0m
[32m[09:29:37.033] [INFO] [Character]   Segment [mixamorig:LeftArm] source=skeleton fallback he=(0.07,0.156048,0.07)[0m
[32m[09:29:37.033] [INFO] [Character]   Segment [mixamorig:RightArm] source=skeleton fallback he=(0.07,0.156048,0.07)[0m
[32m[09:29:37.033] [INFO] [Character]   Segment [mixamorig:LeftForeArm] source=skeleton fallback he=(0.07,0.158779,0.07)[0m
[32m[09:29:37.033] [INFO] [Character]   Segment [mixamorig:RightForeArm] source=skeleton fallback he=(0.07,0.158779,0.07)[0m
[32m[09:29:37.033] [INFO] [Character]   Segment [mixamorig:LeftUpLeg] source=skeleton fallback he=(0.08,0.202949,0.08)[0m
[32m[09:29:37.033] [INFO] [Character]   Segment [mixamorig:RightUpLeg] source=skeleton fallback he=(0.08,0.202949,0.08)[0m
[32m[09:29:37.033] [INFO] [Character]   Segment [mixamorig:LeftLeg] source=skeleton fallback he=(0.08,0.203664,0.08)[0m
[32m[09:29:37.033] [INFO] [Character]   Segment [mixamorig:RightLeg] source=skeleton fallback he=(0.08,0.203664,0.08)[0m
[32m[09:29:37.033] [INFO] [Character] Built 12/8 segment collision boxes[0m
[32m[09:29:37.033] [INFO] [NPCManager] Spawned NPC 'Aldric' at (-12, 18, 13)[0m
[32m[09:29:37.033] [INFO] [Character] Parsed archetype 'humanoid_normal' from resources/animated_characters/humanoid.anim[0m
[32m[09:29:37.040] [INFO] [Character] === Loaded Animations (138) ===[0m
[32m[09:29:37.040] [INFO] [Character]   [0] base_pose (Duration: 0s)[0m
[32m[09:29:37.040] [INFO] [Character]   [1] crouch_to_stand (Duration: 2.54167s)[0m
[32m[09:29:37.040] [INFO] [Character]   [2] crouched_walking (Duration: 1s)[0m
[32m[09:29:37.040] [INFO] [Character]   [3] fast_run (Duration: 0.5s)[0m
[32m[09:29:37.040] [INFO] [Character]   [4] female_start_walking (Duration: 1.83333s)[0m
[32m[09:29:37.040] [INFO] [Character]   [5] female_stop_walking (Duration: 1.5s)[0m
[32m[09:29:37.040] [INFO] [Character]   [6] floating (Duration: 3.58333s)[0m
[32m[09:29:37.040] [INFO] [Character]   [7] idle (Duration: 16.625s)[0m
[32m[09:29:37.040] [INFO] [Character]   [8] jump (Duration: 2.58333s)[0m
[32m[09:29:37.040] [INFO] [Character]   [9] jumping_down (Duration: 3.45833s)[0m
[32m[09:29:37.040] [INFO] [Character]   [10] jump_down (Duration: 3.5s)[0m
[32m[09:29:37.040] [INFO] [Character]   [11] landing (Duration: 2.08333s)[0m
[32m[09:29:37.040] [INFO] [Character]   [12] left_strafe_walk (Duration: 0.916667s)[0m
[32m[09:29:37.040] [INFO] [Character]   [13] left_strafe (Duration: 0.666667s)[0m
[32m[09:29:37.040] [INFO] [Character]   [14] left_turn (Duration: 1.16667s)[0m
[32m[09:29:37.040] [INFO] [Character]   [15] right_strafe_walk (Duration: 0.916667s)[0m
[32m[09:29:37.040] [INFO] [Character]   [16] right_strafe (Duration: 0.666667s)[0m
[32m[09:29:37.040] [INFO] [Character]   [17] right_turn (Duration: 1.16667s)[0m
[32m[09:29:37.040] [INFO] [Character]   [18] run_to_stop (Duration: 0.875s)[0m
[32m[09:29:37.040] [INFO] [Character]   [19] run (Duration: 0.666667s)[0m
[32m[09:29:37.040] [INFO] [Character]   [20] standing_to_crouched (Duration: 0.625s)[0m
[32m[09:29:37.040] [INFO] [Character]   [21] standing (Duration: 3.83333s)[0m
[32m[09:29:37.040] [INFO] [Character]   [22] unarmed_walk (Duration: 1.33333s)[0m
[32m[09:29:37.040] [INFO] [Character]   [23] walking_backward (Duration: 1.20833s)[0m
[32m[09:29:37.040] [INFO] [Character]   [24] walk (Duration: 0.958333s)[0m
[32m[09:29:37.040] [INFO] [Character]   [25] crouch_idle (Duration: 3s)[0m
[32m[09:29:37.040] [INFO] [Character]   [26] point (Duration: 1.5s)[0m
[32m[09:29:37.040] [INFO] [Character]   [27] climbing_to_top (Duration: 4s)[0m
[32m[09:29:37.040] [INFO] [Character]   [28] body_block (Duration: 3.41667s)[0m
[32m[09:29:37.040] [INFO] [Character]   [29] boxing (Duration: 1.70833s)[0m
[32m[09:29:37.040] [INFO] [Character]   [30] climbing_down (Duration: 3.41667s)[0m
[32m[09:29:37.040] [INFO] [Character]   [31] climbing_top (Duration: 4s)[0m
[32m[09:29:37.040] [INFO] [Character]   [32] stair_down (Duration: 0.916667s)[0m
[32m[09:29:37.040] [INFO] [Character]   [33] elbow_punch (Duration: 1.70833s)[0m
[32m[09:29:37.040] [INFO] [Character]   [34] headbutt (Duration: 2.08333s)[0m
[32m[09:29:37.040] [INFO] [Character]   [35] idle_looking (Duration: 7.83333s)[0m
[32m[09:29:37.040] [INFO] [Character]   [36] attack (Duration: 1.25s)[0m
[32m[09:29:37.040] [INFO] [Character]   [37] sit_to_stand (Duration: 2.25s)[0m
[32m[09:29:37.040] [INFO] [Character]   [38] sitting_idle (Duration: 6.375s)[0m
[32m[09:29:37.040] [INFO] [Character]   [39] stand_to_sit (Duration: 2.20833s)[0m
[32m[09:29:37.040] [INFO] [Character]   [40] melee_attack_down (Duration: 2.25s)[0m
[32m[09:29:37.040] [INFO] [Character]   [41] melee_attack_horizontal (Duration: 2.375s)[0m
[32m[09:29:37.040] [INFO] [Character]   [42] start_walking (Duration: 1.83333s)[0m
[32m[09:29:37.040] [INFO] [Character]   [43] talk (Duration: 5.16667s)[0m
[32m[09:29:37.040] [INFO] [Character]   [44] taunt (Duration: 2.83333s)[0m
[32m[09:29:37.040] [INFO] [Character]   [45] stair_up (Duration: 1.16667s)[0m
[32m[09:29:37.040] [INFO] [Character]   [46] wave (Duration: 0.5s)[0m
[32m[09:29:37.040] [INFO] [Character]   [47] cast_quick (Duration: 0.8s)[0m
[32m[09:29:37.040] [INFO] [Character]   [48] cast_standard (Duration: 1.6s)[0m
[32m[09:29:37.040] [INFO] [Character]   [49] cast_windup (Duration: 0.8s)[0m
[32m[09:29:37.040] [INFO] [Character]   [50] cast_loop (Duration: 1.2s)[0m
[32m[09:29:37.040] [INFO] [Character]   [51] cast_release (Duration: 0.7s)[0m
[32m[09:29:37.040] [INFO] [Character]   [52] cast_call_down (Duration: 2s)[0m
[32m[09:29:37.040] [INFO] [Character]   [53] cast_touch (Duration: 1.2s)[0m
[32m[09:29:37.040] [INFO] [Character]   [54] cast_ward (Duration: 0.5s)[0m
[32m[09:29:37.040] [INFO] [Character]   [55] melee_stab_1h (Duration: 0.9s)[0m
[32m[09:29:37.040] [INFO] [Character]   [56] melee_chop_2h (Duration: 1.3s)[0m
[32m[09:29:37.040] [INFO] [Character]   [57] melee_sweep_2h (Duration: 1.4s)[0m
[32m[09:29:37.040] [INFO] [Character]   [58] melee_thrust_spear (Duration: 1s)[0m
[32m[09:29:37.040] [INFO] [Character]   [59] melee_parry (Duration: 0.45s)[0m
[32m[09:29:37.040] [INFO] [Character]   [60] sword1h_light1 (Duration: 0.94s)[0m
[32m[09:29:37.040] [INFO] [Character]   [61] sword1h_light2 (Duration: 1.07s)[0m
[32m[09:29:37.040] [INFO] [Character]   [62] sword1h_light3 (Duration: 0.9s)[0m
[32m[09:29:37.040] [INFO] [Character]   [63] sword1h_heavy (Duration: 1.26s)[0m
[32m[09:29:37.040] [INFO] [Character]   [64] roll_forward (Duration: 2.36667s)[0m
[32m[09:29:37.040] [INFO] [Character]   [65] dive_forward (Duration: 1.2s)[0m
[32m[09:29:37.040] [INFO] [Character]   [66] hit_head (Duration: 1.43333s)[0m
[32m[09:29:37.041] [INFO] [Character]   [67] hit_stomach (Duration: 1.2s)[0m
[32m[09:29:37.041] [INFO] [Character]   [68] hit_rib (Duration: 1s)[0m
[32m[09:29:37.041] [INFO] [Character]   [69] dodge_right (Duration: 1.43333s)[0m
[32m[09:29:37.041] [INFO] [Character]   [70] death_front (Duration: 4.33333s)[0m
[32m[09:29:37.041] [INFO] [Character]   [71] death_back (Duration: 4.6s)[0m
[32m[09:29:37.041] [INFO] [Character]   [72] ko_lay (Duration: 2.13333s)[0m
[32m[09:29:37.041] [INFO] [Character]   [73] get_up (Duration: 11.4s)[0m
[32m[09:29:37.041] [INFO] [Character]   [74] kick (Duration: 1.5s)[0m
[32m[09:29:37.041] [INFO] [Character]   [75] chop_1h (Duration: 1.1s)[0m
[32m[09:29:37.041] [INFO] [Character]   [76] ogre_walk (Duration: 1.41667s)[0m
[32m[09:29:37.041] [INFO] [Character]   [77] ogre_swipe (Duration: 2.66667s)[0m
[32m[09:29:37.041] [INFO] [Character]   [78] ogre_idle (Duration: 4s)[0m
[32m[09:29:37.041] [INFO] [Character]   [79] ogre_jump_attack (Duration: 3.66667s)[0m
[32m[09:29:37.041] [INFO] [Character]   [80] hop_onto_seat (Duration: 3.875s)[0m
[32m[09:29:37.041] [INFO] [Character]   [81] scamper_walk (Duration: 1.08333s)[0m
[32m[09:29:37.041] [INFO] [Character]   [82] stomp (Duration: 1.79167s)[0m
[32m[09:29:37.041] [INFO] [Character]   [83] sword1h_light4 (Duration: 1.26s)[0m
[32m[09:29:37.041] [INFO] [Character]   [84] sword1h_mocap_combo (Duration: 4.53333s)[0m
[32m[09:29:37.041] [INFO] [Character]   [85] slash2h_idle (Duration: 2s)[0m
[32m[09:29:37.041] [INFO] [Character]   [86] slash2h_light1 (Duration: 1.26667s)[0m
[32m[09:29:37.041] [INFO] [Character]   [87] slash2h_light2 (Duration: 3.53333s)[0m
[32m[09:29:37.041] [INFO] [Character]   [88] slash2h_light3 (Duration: 1.83333s)[0m
[32m[09:29:37.041] [INFO] [Character]   [89] slash2h_light4 (Duration: 1.8s)[0m
[32m[09:29:37.041] [INFO] [Character]   [90] slash2h_light5 (Duration: 1.43333s)[0m
[32m[09:29:37.041] [INFO] [Character]   [91] slash2h_heavy (Duration: 1.2s)[0m
[32m[09:29:37.041] [INFO] [Character]   [92] slash2h_block1 (Duration: 0.5s)[0m
[32m[09:29:37.041] [INFO] [Character]   [93] slash2h_block2 (Duration: 0.966667s)[0m
[32m[09:29:37.041] [INFO] [Character]   [94] slash2h_block3 (Duration: 0.5s)[0m
[32m[09:29:37.041] [INFO] [Character]   [95] blunt2h_heavy (Duration: 5.2s)[0m
[32m[09:29:37.041] [INFO] [Character]   [96] dagger1h_light1 (Duration: 2.13333s)[0m
[32m[09:29:37.041] [INFO] [Character]   [97] dagger1h_light2 (Duration: 2.36667s)[0m
[32m[09:29:37.041] [INFO] [Character]   [98] dagger1h_light3 (Duration: 2.63333s)[0m
[32m[09:29:37.041] [INFO] [Character]   [99] bow_idle (Duration: 5.1s)[0m
[32m[09:29:37.041] [INFO] [Character]   [100] bow_draw (Duration: 1.03333s)[0m
[32m[09:29:37.041] [INFO] [Character]   [101] bow_aim_overdraw (Duration: 3.76667s)[0m
[32m[09:29:37.041] [INFO] [Character]   [102] bow_release_recoil (Duration: 0.7s)[0m
[32m[09:29:37.041] [INFO] [Character]   [103] bow_aim_walk_forward (Duration: 1.2s)[0m
[32m[09:29:37.041] [INFO] [Character]   [104] bow_aim_walk_back (Duration: 1.46667s)[0m
[32m[09:29:37.041] [INFO] [Character]   [105] bow_aim_walk_left (Duration: 1.2s)[0m
[32m[09:29:37.041] [INFO] [Character]   [106] bow_aim_walk_right (Duration: 1.3s)[0m
[32m[09:29:37.041] [INFO] [Character]   [107] mining_wall_strike (Duration: 2.26667s)[0m
[32m[09:29:37.041] [INFO] [Character]   [108] digging_ground (Duration: 4.83333s)[0m
[32m[09:29:37.041] [INFO] [Character]   [109] woodchop_horizontal (Duration: 2.4s)[0m
[32m[09:29:37.041] [INFO] [Character]   [110] blunt1h_mocap_combo (Duration: 3.63333s)[0m
[32m[09:29:37.041] [INFO] [Character]   [111] blunt2h_mocap_combo (Duration: 5.43333s)[0m
[32m[09:29:37.041] [INFO] [Character]   [112] blunt1h_light1 (Duration: 1.1s)[0m
[32m[09:29:37.041] [INFO] [Character]   [113] blunt1h_light2 (Duration: 0.87s)[0m
[32m[09:29:37.041] [INFO] [Character]   [114] blunt1h_light3 (Duration: 0.74s)[0m
[32m[09:29:37.041] [INFO] [Character]   [115] blunt1h_light4 (Duration: 1.13s)[0m
[32m[09:29:37.041] [INFO] [Character]   [116] blunt2h_light1 (Duration: 1.5s)[0m
[32m[09:29:37.041] [INFO] [Character]   [117] blunt2h_light2 (Duration: 1.2s)[0m
[32m[09:29:37.041] [INFO] [Character]   [118] blunt2h_light3 (Duration: 1.07s)[0m
[32m[09:29:37.041] [INFO] [Character]   [119] blunt2h_light4 (Duration: 0.93s)[0m
[32m[09:29:37.041] [INFO] [Character]   [120] cast_1h_spell1 (Duration: 2.26667s)[0m
[32m[09:29:37.041] [INFO] [Character]   [121] cast_1h_attack1 (Duration: 2.3s)[0m
[32m[09:29:37.041] [INFO] [Character]   [122] cast_1h_attack2 (Duration: 2.2s)[0m
[32m[09:29:37.041] [INFO] [Character]   [123] cast_1h_attack3 (Duration: 2.3s)[0m
[32m[09:29:37.041] [INFO] [Character]   [124] cast_2h_spell1 (Duration: 2.16667s)[0m
[32m[09:29:37.041] [INFO] [Character]   [125] cast_2h_area1 (Duration: 2.96667s)[0m
[32m[09:29:37.041] [INFO] [Character]   [126] cast_2h_area2 (Duration: 3.26667s)[0m
[32m[09:29:37.041] [INFO] [Character]   [127] cast_2h_attack1 (Duration: 2.7s)[0m
[32m[09:29:37.041] [INFO] [Character]   [128] cast_2h_attack2 (Duration: 2.63333s)[0m
[32m[09:29:37.041] [INFO] [Character]   [129] cast_2h_attack3 (Duration: 4.3s)[0m
[32m[09:29:37.041] [INFO] [Character]   [130] cast_2h_attack4 (Duration: 3.33333s)[0m
[32m[09:29:37.041] [INFO] [Character]   [131] cast_2h_attack5 (Duration: 3.53333s)[0m
[32m[09:29:37.041] [INFO] [Character]   [132] axe1h_uppercut (Duration: 3.16667s)[0m
[32m[09:29:37.041] [INFO] [Character]   [133] axe1h_spin_high (Duration: 3.16667s)[0m
[32m[09:29:37.041] [INFO] [Character]   [134] axe1h_spin_low (Duration: 2.5s)[0m
[32m[09:29:37.041] [INFO] [Character]   [135] axe2h_mocap_combo1 (Duration: 4.66667s)[0m
[32m[09:29:37.041] [INFO] [Character]   [136] axe1h_mocap_combo2 (Duration: 4.2s)[0m
[32m[09:29:37.041] [INFO] [Character]   [137] axe1h_mocap_combo3 (Duration: 2.73333s)[0m
[32m[09:29:37.041] [INFO] [Character] =====================================[0m
[32m[09:29:37.041] [INFO] [Character] resizeController: height=2.01452 halfWidth=0.280119 maxStep=0.487988 footOffset=-0.0365728 minY=-0.0865728 maxY=1.87794[0m
[32m[09:29:37.042] [INFO] [Character]   Segment [mixamorig:Head] source=skeleton fallback he=(0.129924,0.129924,0.129924)[0m
[32m[09:29:37.042] [INFO] [Character]   Segment [mixamorig:Spine2] source=skeleton fallback he=(0.1,0.0720504,0.1)[0m
[32m[09:29:37.042] [INFO] [Character]   Segment [mixamorig:Spine1] source=skeleton fallback he=(0.1,0.0495701,0.1)[0m
[32m[09:29:37.042] [INFO] [Character]   Segment [mixamorig:Hips] source=skeleton fallback he=(0.1,0.103353,0.1)[0m
[32m[09:29:37.042] [INFO] [Character]   Segment [mixamorig:LeftArm] source=skeleton fallback he=(0.07,0.17839,0.07)[0m
[32m[09:29:37.042] [INFO] [Character]   Segment [mixamorig:RightArm] source=skeleton fallback he=(0.07,0.17839,0.07)[0m
[32m[09:29:37.042] [INFO] [Character]   Segment [mixamorig:LeftForeArm] source=skeleton fallback he=(0.07,0.181512,0.07)[0m
[32m[09:29:37.042] [INFO] [Character]   Segment [mixamorig:RightForeArm] source=skeleton fallback he=(0.07,0.181512,0.07)[0m
[32m[09:29:37.042] [INFO] [Character]   Segment [mixamorig:LeftUpLeg] source=skeleton fallback he=(0.08,0.267458,0.08)[0m
[32m[09:29:37.042] [INFO] [Character]   Segment [mixamorig:RightUpLeg] source=skeleton fallback he=(0.08,0.267459,0.08)[0m
[32m[09:29:37.042] [INFO] [Character]   Segment [mixamorig:LeftLeg] source=skeleton fallback he=(0.08,0.268402,0.08)[0m
[32m[09:29:37.042] [INFO] [Character]   Segment [mixamorig:RightLeg] source=skeleton fallback he=(0.08,0.268401,0.08)[0m
[32m[09:29:37.042] [INFO] [Character] Built 12/8 segment collision boxes[0m
[32m[09:29:37.042] [INFO] [NPCManager] Spawned NPC 'Maera' at (-14, 18, -11)[0m
[32m[09:29:37.042] [INFO] [Character] Parsed archetype 'humanoid_normal' from resources/animated_characters/humanoid.anim[0m
[32m[09:29:37.048] [INFO] [Character] === Loaded Animations (138) ===[0m
[32m[09:29:37.048] [INFO] [Character]   [0] base_pose (Duration: 0s)[0m
[32m[09:29:37.048] [INFO] [Character]   [1] crouch_to_stand (Duration: 2.54167s)[0m
[32m[09:29:37.048] [INFO] [Character]   [2] crouched_walking (Duration: 1s)[0m
[32m[09:29:37.048] [INFO] [Character]   [3] fast_run (Duration: 0.5s)[0m
[32m[09:29:37.048] [INFO] [Character]   [4] female_start_walking (Duration: 1.83333s)[0m
[32m[09:29:37.048] [INFO] [Character]   [5] female_stop_walking (Duration: 1.5s)[0m
[32m[09:29:37.048] [INFO] [Character]   [6] floating (Duration: 3.58333s)[0m
[32m[09:29:37.048] [INFO] [Character]   [7] idle (Duration: 16.625s)[0m
[32m[09:29:37.048] [INFO] [Character]   [8] jump (Duration: 2.58333s)[0m
[32m[09:29:37.048] [INFO] [Character]   [9] jumping_down (Duration: 3.45833s)[0m
[32m[09:29:37.048] [INFO] [Character]   [10] jump_down (Duration: 3.5s)[0m
[32m[09:29:37.048] [INFO] [Character]   [11] landing (Duration: 2.08333s)[0m
[32m[09:29:37.048] [INFO] [Character]   [12] left_strafe_walk (Duration: 0.916667s)[0m
[32m[09:29:37.048] [INFO] [Character]   [13] left_strafe (Duration: 0.666667s)[0m
[32m[09:29:37.048] [INFO] [Character]   [14] left_turn (Duration: 1.16667s)[0m
[32m[09:29:37.049] [INFO] [Character]   [15] right_strafe_walk (Duration: 0.916667s)[0m
[32m[09:29:37.049] [INFO] [Character]   [16] right_strafe (Duration: 0.666667s)[0m
[32m[09:29:37.049] [INFO] [Character]   [17] right_turn (Duration: 1.16667s)[0m
[32m[09:29:37.049] [INFO] [Character]   [18] run_to_stop (Duration: 0.875s)[0m
[32m[09:29:37.049] [INFO] [Character]   [19] run (Duration: 0.666667s)[0m
[32m[09:29:37.049] [INFO] [Character]   [20] standing_to_crouched (Duration: 0.625s)[0m
[32m[09:29:37.049] [INFO] [Character]   [21] standing (Duration: 3.83333s)[0m
[32m[09:29:37.049] [INFO] [Character]   [22] unarmed_walk (Duration: 1.33333s)[0m
[32m[09:29:37.049] [INFO] [Character]   [23] walking_backward (Duration: 1.20833s)[0m
[32m[09:29:37.049] [INFO] [Character]   [24] walk (Duration: 0.958333s)[0m
[32m[09:29:37.049] [INFO] [Character]   [25] crouch_idle (Duration: 3s)[0m
[32m[09:29:37.049] [INFO] [Character]   [26] point (Duration: 1.5s)[0m
[32m[09:29:37.049] [INFO] [Character]   [27] climbing_to_top (Duration: 4s)[0m
[32m[09:29:37.049] [INFO] [Character]   [28] body_block (Duration: 3.41667s)[0m
[32m[09:29:37.049] [INFO] [Character]   [29] boxing (Duration: 1.70833s)[0m
[32m[09:29:37.049] [INFO] [Character]   [30] climbing_down (Duration: 3.41667s)[0m
[32m[09:29:37.049] [INFO] [Character]   [31] climbing_top (Duration: 4s)[0m
[32m[09:29:37.049] [INFO] [Character]   [32] stair_down (Duration: 0.916667s)[0m
[32m[09:29:37.049] [INFO] [Character]   [33] elbow_punch (Duration: 1.70833s)[0m
[32m[09:29:37.049] [INFO] [Character]   [34] headbutt (Duration: 2.08333s)[0m
[32m[09:29:37.049] [INFO] [Character]   [35] idle_looking (Duration: 7.83333s)[0m
[32m[09:29:37.049] [INFO] [Character]   [36] attack (Duration: 1.25s)[0m
[32m[09:29:37.049] [INFO] [Character]   [37] sit_to_stand (Duration: 2.25s)[0m
[32m[09:29:37.049] [INFO] [Character]   [38] sitting_idle (Duration: 6.375s)[0m
[32m[09:29:37.049] [INFO] [Character]   [39] stand_to_sit (Duration: 2.20833s)[0m
[32m[09:29:37.049] [INFO] [Character]   [40] melee_attack_down (Duration: 2.25s)[0m
[32m[09:29:37.049] [INFO] [Character]   [41] melee_attack_horizontal (Duration: 2.375s)[0m
[32m[09:29:37.049] [INFO] [Character]   [42] start_walking (Duration: 1.83333s)[0m
[32m[09:29:37.049] [INFO] [Character]   [43] talk (Duration: 5.16667s)[0m
[32m[09:29:37.049] [INFO] [Character]   [44] taunt (Duration: 2.83333s)[0m
[32m[09:29:37.049] [INFO] [Character]   [45] stair_up (Duration: 1.16667s)[0m
[32m[09:29:37.049] [INFO] [Character]   [46] wave (Duration: 0.5s)[0m
[32m[09:29:37.049] [INFO] [Character]   [47] cast_quick (Duration: 0.8s)[0m
[32m[09:29:37.049] [INFO] [Character]   [48] cast_standard (Duration: 1.6s)[0m
[32m[09:29:37.049] [INFO] [Character]   [49] cast_windup (Duration: 0.8s)[0m
[32m[09:29:37.049] [INFO] [Character]   [50] cast_loop (Duration: 1.2s)[0m
[32m[09:29:37.049] [INFO] [Character]   [51] cast_release (Duration: 0.7s)[0m
[32m[09:29:37.049] [INFO] [Character]   [52] cast_call_down (Duration: 2s)[0m
[32m[09:29:37.049] [INFO] [Character]   [53] cast_touch (Duration: 1.2s)[0m
[32m[09:29:37.049] [INFO] [Character]   [54] cast_ward (Duration: 0.5s)[0m
[32m[09:29:37.049] [INFO] [Character]   [55] melee_stab_1h (Duration: 0.9s)[0m
[32m[09:29:37.049] [INFO] [Character]   [56] melee_chop_2h (Duration: 1.3s)[0m
[32m[09:29:37.049] [INFO] [Character]   [57] melee_sweep_2h (Duration: 1.4s)[0m
[32m[09:29:37.049] [INFO] [Character]   [58] melee_thrust_spear (Duration: 1s)[0m
[32m[09:29:37.049] [INFO] [Character]   [59] melee_parry (Duration: 0.45s)[0m
[32m[09:29:37.049] [INFO] [Character]   [60] sword1h_light1 (Duration: 0.94s)[0m
[32m[09:29:37.049] [INFO] [Character]   [61] sword1h_light2 (Duration: 1.07s)[0m
[32m[09:29:37.049] [INFO] [Character]   [62] sword1h_light3 (Duration: 0.9s)[0m
[32m[09:29:37.049] [INFO] [Character]   [63] sword1h_heavy (Duration: 1.26s)[0m
[32m[09:29:37.049] [INFO] [Character]   [64] roll_forward (Duration: 2.36667s)[0m
[32m[09:29:37.049] [INFO] [Character]   [65] dive_forward (Duration: 1.2s)[0m
[32m[09:29:37.049] [INFO] [Character]   [66] hit_head (Duration: 1.43333s)[0m
[32m[09:29:37.049] [INFO] [Character]   [67] hit_stomach (Duration: 1.2s)[0m
[32m[09:29:37.049] [INFO] [Character]   [68] hit_rib (Duration: 1s)[0m
[32m[09:29:37.049] [INFO] [Character]   [69] dodge_right (Duration: 1.43333s)[0m
[32m[09:29:37.049] [INFO] [Character]   [70] death_front (Duration: 4.33333s)[0m
[32m[09:29:37.049] [INFO] [Character]   [71] death_back (Duration: 4.6s)[0m
[32m[09:29:37.049] [INFO] [Character]   [72] ko_lay (Duration: 2.13333s)[0m
[32m[09:29:37.049] [INFO] [Character]   [73] get_up (Duration: 11.4s)[0m
[32m[09:29:37.049] [INFO] [Character]   [74] kick (Duration: 1.5s)[0m
[32m[09:29:37.049] [INFO] [Character]   [75] chop_1h (Duration: 1.1s)[0m
[32m[09:29:37.049] [INFO] [Character]   [76] ogre_walk (Duration: 1.41667s)[0m
[32m[09:29:37.049] [INFO] [Character]   [77] ogre_swipe (Duration: 2.66667s)[0m
[32m[09:29:37.049] [INFO] [Character]   [78] ogre_idle (Duration: 4s)[0m
[32m[09:29:37.049] [INFO] [Character]   [79] ogre_jump_attack (Duration: 3.66667s)[0m
[32m[09:29:37.049] [INFO] [Character]   [80] hop_onto_seat (Duration: 3.875s)[0m
[32m[09:29:37.049] [INFO] [Character]   [81] scamper_walk (Duration: 1.08333s)[0m
[32m[09:29:37.049] [INFO] [Character]   [82] stomp (Duration: 1.79167s)[0m
[32m[09:29:37.049] [INFO] [Character]   [83] sword1h_light4 (Duration: 1.26s)[0m
[32m[09:29:37.049] [INFO] [Character]   [84] sword1h_mocap_combo (Duration: 4.53333s)[0m
[32m[09:29:37.049] [INFO] [Character]   [85] slash2h_idle (Duration: 2s)[0m
[32m[09:29:37.049] [INFO] [Character]   [86] slash2h_light1 (Duration: 1.26667s)[0m
[32m[09:29:37.049] [INFO] [Character]   [87] slash2h_light2 (Duration: 3.53333s)[0m
[32m[09:29:37.049] [INFO] [Character]   [88] slash2h_light3 (Duration: 1.83333s)[0m
[32m[09:29:37.049] [INFO] [Character]   [89] slash2h_light4 (Duration: 1.8s)[0m
[32m[09:29:37.049] [INFO] [Character]   [90] slash2h_light5 (Duration: 1.43333s)[0m
[32m[09:29:37.049] [INFO] [Character]   [91] slash2h_heavy (Duration: 1.2s)[0m
[32m[09:29:37.049] [INFO] [Character]   [92] slash2h_block1 (Duration: 0.5s)[0m
[32m[09:29:37.049] [INFO] [Character]   [93] slash2h_block2 (Duration: 0.966667s)[0m
[32m[09:29:37.049] [INFO] [Character]   [94] slash2h_block3 (Duration: 0.5s)[0m
[32m[09:29:37.049] [INFO] [Character]   [95] blunt2h_heavy (Duration: 5.2s)[0m
[32m[09:29:37.049] [INFO] [Character]   [96] dagger1h_light1 (Duration: 2.13333s)[0m
[32m[09:29:37.049] [INFO] [Character]   [97] dagger1h_light2 (Duration: 2.36667s)[0m
[32m[09:29:37.049] [INFO] [Character]   [98] dagger1h_light3 (Duration: 2.63333s)[0m
[32m[09:29:37.049] [INFO] [Character]   [99] bow_idle (Duration: 5.1s)[0m
[32m[09:29:37.049] [INFO] [Character]   [100] bow_draw (Duration: 1.03333s)[0m
[32m[09:29:37.049] [INFO] [Character]   [101] bow_aim_overdraw (Duration: 3.76667s)[0m
[32m[09:29:37.049] [INFO] [Character]   [102] bow_release_recoil (Duration: 0.7s)[0m
[32m[09:29:37.049] [INFO] [Character]   [103] bow_aim_walk_forward (Duration: 1.2s)[0m
[32m[09:29:37.049] [INFO] [Character]   [104] bow_aim_walk_back (Duration: 1.46667s)[0m
[32m[09:29:37.049] [INFO] [Character]   [105] bow_aim_walk_left (Duration: 1.2s)[0m
[32m[09:29:37.049] [INFO] [Character]   [106] bow_aim_walk_right (Duration: 1.3s)[0m
[32m[09:29:37.049] [INFO] [Character]   [107] mining_wall_strike (Duration: 2.26667s)[0m
[32m[09:29:37.049] [INFO] [Character]   [108] digging_ground (Duration: 4.83333s)[0m
[32m[09:29:37.049] [INFO] [Character]   [109] woodchop_horizontal (Duration: 2.4s)[0m
[32m[09:29:37.049] [INFO] [Character]   [110] blunt1h_mocap_combo (Duration: 3.63333s)[0m
[32m[09:29:37.049] [INFO] [Character]   [111] blunt2h_mocap_combo (Duration: 5.43333s)[0m
[32m[09:29:37.049] [INFO] [Character]   [112] blunt1h_light1 (Duration: 1.1s)[0m
[32m[09:29:37.049] [INFO] [Character]   [113] blunt1h_light2 (Duration: 0.87s)[0m
[32m[09:29:37.049] [INFO] [Character]   [114] blunt1h_light3 (Duration: 0.74s)[0m
[32m[09:29:37.049] [INFO] [Character]   [115] blunt1h_light4 (Duration: 1.13s)[0m
[32m[09:29:37.049] [INFO] [Character]   [116] blunt2h_light1 (Duration: 1.5s)[0m
[32m[09:29:37.049] [INFO] [Character]   [117] blunt2h_light2 (Duration: 1.2s)[0m
[32m[09:29:37.049] [INFO] [Character]   [118] blunt2h_light3 (Duration: 1.07s)[0m
[32m[09:29:37.049] [INFO] [Character]   [119] blunt2h_light4 (Duration: 0.93s)[0m
[32m[09:29:37.049] [INFO] [Character]   [120] cast_1h_spell1 (Duration: 2.26667s)[0m
[32m[09:29:37.049] [INFO] [Character]   [121] cast_1h_attack1 (Duration: 2.3s)[0m
[32m[09:29:37.049] [INFO] [Character]   [122] cast_1h_attack2 (Duration: 2.2s)[0m
[32m[09:29:37.049] [INFO] [Character]   [123] cast_1h_attack3 (Duration: 2.3s)[0m
[32m[09:29:37.049] [INFO] [Character]   [124] cast_2h_spell1 (Duration: 2.16667s)[0m
[32m[09:29:37.049] [INFO] [Character]   [125] cast_2h_area1 (Duration: 2.96667s)[0m
[32m[09:29:37.049] [INFO] [Character]   [126] cast_2h_area2 (Duration: 3.26667s)[0m
[32m[09:29:37.049] [INFO] [Character]   [127] cast_2h_attack1 (Duration: 2.7s)[0m
[32m[09:29:37.049] [INFO] [Character]   [128] cast_2h_attack2 (Duration: 2.63333s)[0m
[32m[09:29:37.049] [INFO] [Character]   [129] cast_2h_attack3 (Duration: 4.3s)[0m
[32m[09:29:37.049] [INFO] [Character]   [130] cast_2h_attack4 (Duration: 3.33333s)[0m
[32m[09:29:37.049] [INFO] [Character]   [131] cast_2h_attack5 (Duration: 3.53333s)[0m
[32m[09:29:37.049] [INFO] [Character]   [132] axe1h_uppercut (Duration: 3.16667s)[0m
[32m[09:29:37.049] [INFO] [Character]   [133] axe1h_spin_high (Duration: 3.16667s)[0m
[32m[09:29:37.049] [INFO] [Character]   [134] axe1h_spin_low (Duration: 2.5s)[0m
[32m[09:29:37.049] [INFO] [Character]   [135] axe2h_mocap_combo1 (Duration: 4.66667s)[0m
[32m[09:29:37.049] [INFO] [Character]   [136] axe1h_mocap_combo2 (Duration: 4.2s)[0m
[32m[09:29:37.049] [INFO] [Character]   [137] axe1h_mocap_combo3 (Duration: 2.73333s)[0m
[32m[09:29:37.049] [INFO] [Character] =====================================[0m
[32m[09:29:37.050] [INFO] [Character] resizeController: height=2.05505 halfWidth=0.26035 maxStep=0.485159 footOffset=0.079668 minY=0.029668 maxY=2.03472[0m
[32m[09:29:37.050] [INFO] [Character]   Segment [mixamorig:Head] source=skeleton fallback he=(0.120565,0.120565,0.120565)[0m
[32m[09:29:37.050] [INFO] [Character]   Segment [mixamorig:Spine2] source=skeleton fallback he=(0.1,0.0791401,0.1)[0m
[32m[09:29:37.050] [INFO] [Character]   Segment [mixamorig:Spine1] source=skeleton fallback he=(0.1,0.058204,0.1)[0m
[32m[09:29:37.050] [INFO] [Character]   Segment [mixamorig:Hips] source=skeleton fallback he=(0.1,0.114882,0.1)[0m
[32m[09:29:37.050] [INFO] [Character]   Segment [mixamorig:LeftArm] source=skeleton fallback he=(0.07,0.149337,0.07)[0m
[32m[09:29:37.050] [INFO] [Character]   Segment [mixamorig:RightArm] source=skeleton fallback he=(0.07,0.149337,0.07)[0m
[32m[09:29:37.050] [INFO] [Character]   Segment [mixamorig:LeftForeArm] source=skeleton fallback he=(0.07,0.151951,0.07)[0m
[32m[09:29:37.050] [INFO] [Character]   Segment [mixamorig:RightForeArm] source=skeleton fallback he=(0.07,0.151951,0.07)[0m
[32m[09:29:37.050] [INFO] [Character]   Segment [mixamorig:LeftUpLeg] source=skeleton fallback he=(0.08,0.264366,0.08)[0m
[32m[09:29:37.050] [INFO] [Character]   Segment [mixamorig:RightUpLeg] source=skeleton fallback he=(0.08,0.264367,0.08)[0m
[32m[09:29:37.050] [INFO] [Character]   Segment [mixamorig:LeftLeg] source=skeleton fallback he=(0.08,0.265298,0.08)[0m
[32m[09:29:37.050] [INFO] [Character]   Segment [mixamorig:RightLeg] source=skeleton fallback he=(0.08,0.265298,0.08)[0m
[32m[09:29:37.050] [INFO] [Character] Built 12/8 segment collision boxes[0m
[32m[09:29:37.050] [INFO] [NPCManager] Spawned NPC 'Hobb' at (-24, 18, -2)[0m
[33m[09:29:37.050] [WARN] [NPCManager] NPC 'Bram' spawn adjusted: spawn was embedded in static geometry; relocated 0.471405 m to clear standing ground[0m
[32m[09:29:37.050] [INFO] [Character] Parsed archetype 'humanoid_normal' from resources/animated_characters/humanoid.anim[0m
[32m[09:29:37.057] [INFO] [Character] === Loaded Animations (138) ===[0m
[32m[09:29:37.057] [INFO] [Character]   [0] base_pose (Duration: 0s)[0m
[32m[09:29:37.057] [INFO] [Character]   [1] crouch_to_stand (Duration: 2.54167s)[0m
[32m[09:29:37.057] [INFO] [Character]   [2] crouched_walking (Duration: 1s)[0m
[32m[09:29:37.057] [INFO] [Character]   [3] fast_run (Duration: 0.5s)[0m
[32m[09:29:37.057] [INFO] [Character]   [4] female_start_walking (Duration: 1.83333s)[0m
[32m[09:29:37.057] [INFO] [Character]   [5] female_stop_walking (Duration: 1.5s)[0m
[32m[09:29:37.057] [INFO] [Character]   [6] floating (Duration: 3.58333s)[0m
[32m[09:29:37.057] [INFO] [Character]   [7] idle (Duration: 16.625s)[0m
[32m[09:29:37.057] [INFO] [Character]   [8] jump (Duration: 2.58333s)[0m
[32m[09:29:37.057] [INFO] [Character]   [9] jumping_down (Duration: 3.45833s)[0m
[32m[09:29:37.057] [INFO] [Character]   [10] jump_down (Duration: 3.5s)[0m
[32m[09:29:37.057] [INFO] [Character]   [11] landing (Duration: 2.08333s)[0m
[32m[09:29:37.057] [INFO] [Character]   [12] left_strafe_walk (Duration: 0.916667s)[0m
[32m[09:29:37.057] [INFO] [Character]   [13] left_strafe (Duration: 0.666667s)[0m
[32m[09:29:37.057] [INFO] [Character]   [14] left_turn (Duration: 1.16667s)[0m
[32m[09:29:37.057] [INFO] [Character]   [15] right_strafe_walk (Duration: 0.916667s)[0m
[32m[09:29:37.057] [INFO] [Character]   [16] right_strafe (Duration: 0.666667s)[0m
[32m[09:29:37.057] [INFO] [Character]   [17] right_turn (Duration: 1.16667s)[0m
[32m[09:29:37.057] [INFO] [Character]   [18] run_to_stop (Duration: 0.875s)[0m
[32m[09:29:37.057] [INFO] [Character]   [19] run (Duration: 0.666667s)[0m
[32m[09:29:37.057] [INFO] [Character]   [20] standing_to_crouched (Duration: 0.625s)[0m
[32m[09:29:37.057] [INFO] [Character]   [21] standing (Duration: 3.83333s)[0m
[32m[09:29:37.057] [INFO] [Character]   [22] unarmed_walk (Duration: 1.33333s)[0m
[32m[09:29:37.057] [INFO] [Character]   [23] walking_backward (Duration: 1.20833s)[0m
[32m[09:29:37.057] [INFO] [Character]   [24] walk (Duration: 0.958333s)[0m
[32m[09:29:37.057] [INFO] [Character]   [25] crouch_idle (Duration: 3s)[0m
[32m[09:29:37.057] [INFO] [Character]   [26] point (Duration: 1.5s)[0m
[32m[09:29:37.057] [INFO] [Character]   [27] climbing_to_top (Duration: 4s)[0m
[32m[09:29:37.057] [INFO] [Character]   [28] body_block (Duration: 3.41667s)[0m
[32m[09:29:37.057] [INFO] [Character]   [29] boxing (Duration: 1.70833s)[0m
[32m[09:29:37.057] [INFO] [Character]   [30] climbing_down (Duration: 3.41667s)[0m
[32m[09:29:37.057] [INFO] [Character]   [31] climbing_top (Duration: 4s)[0m
[32m[09:29:37.057] [INFO] [Character]   [32] stair_down (Duration: 0.916667s)[0m
[32m[09:29:37.057] [INFO] [Character]   [33] elbow_punch (Duration: 1.70833s)[0m
[32m[09:29:37.057] [INFO] [Character]   [34] headbutt (Duration: 2.08333s)[0m
[32m[09:29:37.057] [INFO] [Character]   [35] idle_looking (Duration: 7.83333s)[0m
[32m[09:29:37.057] [INFO] [Character]   [36] attack (Duration: 1.25s)[0m
[32m[09:29:37.057] [INFO] [Character]   [37] sit_to_stand (Duration: 2.25s)[0m
[32m[09:29:37.057] [INFO] [Character]   [38] sitting_idle (Duration: 6.375s)[0m
[32m[09:29:37.057] [INFO] [Character]   [39] stand_to_sit (Duration: 2.20833s)[0m
[32m[09:29:37.057] [INFO] [Character]   [40] melee_attack_down (Duration: 2.25s)[0m
[32m[09:29:37.057] [INFO] [Character]   [41] melee_attack_horizontal (Duration: 2.375s)[0m
[32m[09:29:37.057] [INFO] [Character]   [42] start_walking (Duration: 1.83333s)[0m
[32m[09:29:37.057] [INFO] [Character]   [43] talk (Duration: 5.16667s)[0m
[32m[09:29:37.057] [INFO] [Character]   [44] taunt (Duration: 2.83333s)[0m
[32m[09:29:37.057] [INFO] [Character]   [45] stair_up (Duration: 1.16667s)[0m
[32m[09:29:37.057] [INFO] [Character]   [46] wave (Duration: 0.5s)[0m
[32m[09:29:37.057] [INFO] [Character]   [47] cast_quick (Duration: 0.8s)[0m
[32m[09:29:37.057] [INFO] [Character]   [48] cast_standard (Duration: 1.6s)[0m
[32m[09:29:37.057] [INFO] [Character]   [49] cast_windup (Duration: 0.8s)[0m
[32m[09:29:37.057] [INFO] [Character]   [50] cast_loop (Duration: 1.2s)[0m
[32m[09:29:37.057] [INFO] [Character]   [51] cast_release (Duration: 0.7s)[0m
[32m[09:29:37.057] [INFO] [Character]   [52] cast_call_down (Duration: 2s)[0m
[32m[09:29:37.057] [INFO] [Character]   [53] cast_touch (Duration: 1.2s)[0m
[32m[09:29:37.057] [INFO] [Character]   [54] cast_ward (Duration: 0.5s)[0m
[32m[09:29:37.057] [INFO] [Character]   [55] melee_stab_1h (Duration: 0.9s)[0m
[32m[09:29:37.058] [INFO] [Character]   [56] melee_chop_2h (Duration: 1.3s)[0m
[32m[09:29:37.058] [INFO] [Character]   [57] melee_sweep_2h (Duration: 1.4s)[0m
[32m[09:29:37.058] [INFO] [Character]   [58] melee_thrust_spear (Duration: 1s)[0m
[32m[09:29:37.058] [INFO] [Character]   [59] melee_parry (Duration: 0.45s)[0m
[32m[09:29:37.058] [INFO] [Character]   [60] sword1h_light1 (Duration: 0.94s)[0m
[32m[09:29:37.058] [INFO] [Character]   [61] sword1h_light2 (Duration: 1.07s)[0m
[32m[09:29:37.058] [INFO] [Character]   [62] sword1h_light3 (Duration: 0.9s)[0m
[32m[09:29:37.058] [INFO] [Character]   [63] sword1h_heavy (Duration: 1.26s)[0m
[32m[09:29:37.058] [INFO] [Character]   [64] roll_forward (Duration: 2.36667s)[0m
[32m[09:29:37.058] [INFO] [Character]   [65] dive_forward (Duration: 1.2s)[0m
[32m[09:29:37.058] [INFO] [Character]   [66] hit_head (Duration: 1.43333s)[0m
[32m[09:29:37.058] [INFO] [Character]   [67] hit_stomach (Duration: 1.2s)[0m
[32m[09:29:37.058] [INFO] [Character]   [68] hit_rib (Duration: 1s)[0m
[32m[09:29:37.058] [INFO] [Character]   [69] dodge_right (Duration: 1.43333s)[0m
[32m[09:29:37.058] [INFO] [Character]   [70] death_front (Duration: 4.33333s)[0m
[32m[09:29:37.058] [INFO] [Character]   [71] death_back (Duration: 4.6s)[0m
[32m[09:29:37.058] [INFO] [Character]   [72] ko_lay (Duration: 2.13333s)[0m
[32m[09:29:37.058] [INFO] [Character]   [73] get_up (Duration: 11.4s)[0m
[32m[09:29:37.058] [INFO] [Character]   [74] kick (Duration: 1.5s)[0m
[32m[09:29:37.058] [INFO] [Character]   [75] chop_1h (Duration: 1.1s)[0m
[32m[09:29:37.058] [INFO] [Character]   [76] ogre_walk (Duration: 1.41667s)[0m
[32m[09:29:37.058] [INFO] [Character]   [77] ogre_swipe (Duration: 2.66667s)[0m
[32m[09:29:37.058] [INFO] [Character]   [78] ogre_idle (Duration: 4s)[0m
[32m[09:29:37.058] [INFO] [Character]   [79] ogre_jump_attack (Duration: 3.66667s)[0m
[32m[09:29:37.058] [INFO] [Character]   [80] hop_onto_seat (Duration: 3.875s)[0m
[32m[09:29:37.058] [INFO] [Character]   [81] scamper_walk (Duration: 1.08333s)[0m
[32m[09:29:37.058] [INFO] [Character]   [82] stomp (Duration: 1.79167s)[0m
[32m[09:29:37.058] [INFO] [Character]   [83] sword1h_light4 (Duration: 1.26s)[0m
[32m[09:29:37.058] [INFO] [Character]   [84] sword1h_mocap_combo (Duration: 4.53333s)[0m
[32m[09:29:37.058] [INFO] [Character]   [85] slash2h_idle (Duration: 2s)[0m
[32m[09:29:37.058] [INFO] [Character]   [86] slash2h_light1 (Duration: 1.26667s)[0m
[32m[09:29:37.058] [INFO] [Character]   [87] slash2h_light2 (Duration: 3.53333s)[0m
[32m[09:29:37.058] [INFO] [Character]   [88] slash2h_light3 (Duration: 1.83333s)[0m
[32m[09:29:37.058] [INFO] [Character]   [89] slash2h_light4 (Duration: 1.8s)[0m
[32m[09:29:37.058] [INFO] [Character]   [90] slash2h_light5 (Duration: 1.43333s)[0m
[32m[09:29:37.058] [INFO] [Character]   [91] slash2h_heavy (Duration: 1.2s)[0m
[32m[09:29:37.058] [INFO] [Character]   [92] slash2h_block1 (Duration: 0.5s)[0m
[32m[09:29:37.058] [INFO] [Character]   [93] slash2h_block2 (Duration: 0.966667s)[0m
[32m[09:29:37.058] [INFO] [Character]   [94] slash2h_block3 (Duration: 0.5s)[0m
[32m[09:29:37.058] [INFO] [Character]   [95] blunt2h_heavy (Duration: 5.2s)[0m
[32m[09:29:37.058] [INFO] [Character]   [96] dagger1h_light1 (Duration: 2.13333s)[0m
[32m[09:29:37.058] [INFO] [Character]   [97] dagger1h_light2 (Duration: 2.36667s)[0m
[32m[09:29:37.058] [INFO] [Character]   [98] dagger1h_light3 (Duration: 2.63333s)[0m
[32m[09:29:37.058] [INFO] [Character]   [99] bow_idle (Duration: 5.1s)[0m
[32m[09:29:37.058] [INFO] [Character]   [100] bow_draw (Duration: 1.03333s)[0m
[32m[09:29:37.058] [INFO] [Character]   [101] bow_aim_overdraw (Duration: 3.76667s)[0m
[32m[09:29:37.058] [INFO] [Character]   [102] bow_release_recoil (Duration: 0.7s)[0m
[32m[09:29:37.058] [INFO] [Character]   [103] bow_aim_walk_forward (Duration: 1.2s)[0m
[32m[09:29:37.058] [INFO] [Character]   [104] bow_aim_walk_back (Duration: 1.46667s)[0m
[32m[09:29:37.058] [INFO] [Character]   [105] bow_aim_walk_left (Duration: 1.2s)[0m
[32m[09:29:37.058] [INFO] [Character]   [106] bow_aim_walk_right (Duration: 1.3s)[0m
[32m[09:29:37.058] [INFO] [Character]   [107] mining_wall_strike (Duration: 2.26667s)[0m
[32m[09:29:37.058] [INFO] [Character]   [108] digging_ground (Duration: 4.83333s)[0m
[32m[09:29:37.058] [INFO] [Character]   [109] woodchop_horizontal (Duration: 2.4s)[0m
[32m[09:29:37.058] [INFO] [Character]   [110] blunt1h_mocap_combo (Duration: 3.63333s)[0m
[32m[09:29:37.058] [INFO] [Character]   [111] blunt2h_mocap_combo (Duration: 5.43333s)[0m
[32m[09:29:37.058] [INFO] [Character]   [112] blunt1h_light1 (Duration: 1.1s)[0m
[32m[09:29:37.058] [INFO] [Character]   [113] blunt1h_light2 (Duration: 0.87s)[0m
[32m[09:29:37.058] [INFO] [Character]   [114] blunt1h_light3 (Duration: 0.74s)[0m
[32m[09:29:37.058] [INFO] [Character]   [115] blunt1h_light4 (Duration: 1.13s)[0m
[32m[09:29:37.058] [INFO] [Character]   [116] blunt2h_light1 (Duration: 1.5s)[0m
[32m[09:29:37.058] [INFO] [Character]   [117] blunt2h_light2 (Duration: 1.2s)[0m
[32m[09:29:37.058] [INFO] [Character]   [118] blunt2h_light3 (Duration: 1.07s)[0m
[32m[09:29:37.058] [INFO] [Character]   [119] blunt2h_light4 (Duration: 0.93s)[0m
[32m[09:29:37.058] [INFO] [Character]   [120] cast_1h_spell1 (Duration: 2.26667s)[0m
[32m[09:29:37.058] [INFO] [Character]   [121] cast_1h_attack1 (Duration: 2.3s)[0m
[32m[09:29:37.058] [INFO] [Character]   [122] cast_1h_attack2 (Duration: 2.2s)[0m
[32m[09:29:37.058] [INFO] [Character]   [123] cast_1h_attack3 (Duration: 2.3s)[0m
[32m[09:29:37.058] [INFO] [Character]   [124] cast_2h_spell1 (Duration: 2.16667s)[0m
[32m[09:29:37.058] [INFO] [Character]   [125] cast_2h_area1 (Duration: 2.96667s)[0m
[32m[09:29:37.058] [INFO] [Character]   [126] cast_2h_area2 (Duration: 3.26667s)[0m
[32m[09:29:37.058] [INFO] [Character]   [127] cast_2h_attack1 (Duration: 2.7s)[0m
[32m[09:29:37.058] [INFO] [Character]   [128] cast_2h_attack2 (Duration: 2.63333s)[0m
[32m[09:29:37.058] [INFO] [Character]   [129] cast_2h_attack3 (Duration: 4.3s)[0m
[32m[09:29:37.058] [INFO] [Character]   [130] cast_2h_attack4 (Duration: 3.33333s)[0m
[32m[09:29:37.058] [INFO] [Character]   [131] cast_2h_attack5 (Duration: 3.53333s)[0m
[32m[09:29:37.058] [INFO] [Character]   [132] axe1h_uppercut (Duration: 3.16667s)[0m
[32m[09:29:37.058] [INFO] [Character]   [133] axe1h_spin_high (Duration: 3.16667s)[0m
[32m[09:29:37.058] [INFO] [Character]   [134] axe1h_spin_low (Duration: 2.5s)[0m
[32m[09:29:37.058] [INFO] [Character]   [135] axe2h_mocap_combo1 (Duration: 4.66667s)[0m
[32m[09:29:37.058] [INFO] [Character]   [136] axe1h_mocap_combo2 (Duration: 4.2s)[0m
[32m[09:29:37.058] [INFO] [Character]   [137] axe1h_mocap_combo3 (Duration: 2.73333s)[0m
[32m[09:29:37.058] [INFO] [Character] =====================================[0m
[32m[09:29:37.058] [INFO] [Character] resizeController: height=1.84887 halfWidth=0.236329 maxStep=0.428798 footOffset=0.0457551 minY=-0.00424489 maxY=1.79462[0m
[32m[09:29:37.059] [INFO] [Character]   Segment [mixamorig:Head] source=skeleton fallback he=(0.120038,0.120038,0.120038)[0m
[32m[09:29:37.059] [INFO] [Character]   Segment [mixamorig:Spine2] source=skeleton fallback he=(0.1,0.0625684,0.1)[0m
[32m[09:29:37.059] [INFO] [Character]   Segment [mixamorig:Spine1] source=skeleton fallback he=(0.1,0.043129,0.1)[0m
[32m[09:29:37.059] [INFO] [Character]   Segment [mixamorig:Hips] source=skeleton fallback he=(0.1,0.0987647,0.1)[0m
[32m[09:29:37.059] [INFO] [Character]   Segment [mixamorig:LeftArm] source=skeleton fallback he=(0.07,0.116407,0.07)[0m
[32m[09:29:37.059] [INFO] [Character]   Segment [mixamorig:RightArm] source=skeleton fallback he=(0.07,0.116407,0.07)[0m
[32m[09:29:37.059] [INFO] [Character]   Segment [mixamorig:LeftForeArm] source=skeleton fallback he=(0.07,0.118444,0.07)[0m
[32m[09:29:37.059] [INFO] [Character]   Segment [mixamorig:RightForeArm] source=skeleton fallback he=(0.07,0.118444,0.07)[0m
[32m[09:29:37.059] [INFO] [Character]   Segment [mixamorig:LeftUpLeg] source=skeleton fallback he=(0.08,0.206511,0.08)[0m
[32m[09:29:37.059] [INFO] [Character]   Segment [mixamorig:RightUpLeg] source=skeleton fallback he=(0.08,0.206512,0.08)[0m
[32m[09:29:37.059] [INFO] [Character]   Segment [mixamorig:LeftLeg] source=skeleton fallback he=(0.08,0.207239,0.08)[0m
[32m[09:29:37.059] [INFO] [Character]   Segment [mixamorig:RightLeg] source=skeleton fallback he=(0.08,0.207239,0.08)[0m
[32m[09:29:37.059] [INFO] [Character] Built 12/8 segment collision boxes[0m
[32m[09:29:37.059] [INFO] [NPCManager] Spawned NPC 'Bram' at (-26.3333, 18, -3.33333)[0m
[32m[09:29:37.059] [INFO] [Character] Parsed archetype 'humanoid_normal' from resources/animated_characters/humanoid.anim[0m
[32m[09:29:37.066] [INFO] [Character] === Loaded Animations (138) ===[0m
[32m[09:29:37.066] [INFO] [Character]   [0] base_pose (Duration: 0s)[0m
[32m[09:29:37.066] [INFO] [Character]   [1] crouch_to_stand (Duration: 2.54167s)[0m
[32m[09:29:37.066] [INFO] [Character]   [2] crouched_walking (Duration: 1s)[0m
[32m[09:29:37.066] [INFO] [Character]   [3] fast_run (Duration: 0.5s)[0m
[32m[09:29:37.066] [INFO] [Character]   [4] female_start_walking (Duration: 1.83333s)[0m
[32m[09:29:37.066] [INFO] [Character]   [5] female_stop_walking (Duration: 1.5s)[0m
[32m[09:29:37.066] [INFO] [Character]   [6] floating (Duration: 3.58333s)[0m
[32m[09:29:37.066] [INFO] [Character]   [7] idle (Duration: 16.625s)[0m
[32m[09:29:37.066] [INFO] [Character]   [8] jump (Duration: 2.58333s)[0m
[32m[09:29:37.066] [INFO] [Character]   [9] jumping_down (Duration: 3.45833s)[0m
[32m[09:29:37.066] [INFO] [Character]   [10] jump_down (Duration: 3.5s)[0m
[32m[09:29:37.066] [INFO] [Character]   [11] landing (Duration: 2.08333s)[0m
[32m[09:29:37.066] [INFO] [Character]   [12] left_strafe_walk (Duration: 0.916667s)[0m
[32m[09:29:37.066] [INFO] [Character]   [13] left_strafe (Duration: 0.666667s)[0m
[32m[09:29:37.066] [INFO] [Character]   [14] left_turn (Duration: 1.16667s)[0m
[32m[09:29:37.066] [INFO] [Character]   [15] right_strafe_walk (Duration: 0.916667s)[0m
[32m[09:29:37.066] [INFO] [Character]   [16] right_strafe (Duration: 0.666667s)[0m
[32m[09:29:37.066] [INFO] [Character]   [17] right_turn (Duration: 1.16667s)[0m
[32m[09:29:37.066] [INFO] [Character]   [18] run_to_stop (Duration: 0.875s)[0m
[32m[09:29:37.066] [INFO] [Character]   [19] run (Duration: 0.666667s)[0m
[32m[09:29:37.066] [INFO] [Character]   [20] standing_to_crouched (Duration: 0.625s)[0m
[32m[09:29:37.066] [INFO] [Character]   [21] standing (Duration: 3.83333s)[0m
[32m[09:29:37.066] [INFO] [Character]   [22] unarmed_walk (Duration: 1.33333s)[0m
[32m[09:29:37.066] [INFO] [Character]   [23] walking_backward (Duration: 1.20833s)[0m
[32m[09:29:37.066] [INFO] [Character]   [24] walk (Duration: 0.958333s)[0m
[32m[09:29:37.066] [INFO] [Character]   [25] crouch_idle (Duration: 3s)[0m
[32m[09:29:37.066] [INFO] [Character]   [26] point (Duration: 1.5s)[0m
[32m[09:29:37.066] [INFO] [Character]   [27] climbing_to_top (Duration: 4s)[0m
[32m[09:29:37.066] [INFO] [Character]   [28] body_block (Duration: 3.41667s)[0m
[32m[09:29:37.066] [INFO] [Character]   [29] boxing (Duration: 1.70833s)[0m
[32m[09:29:37.066] [INFO] [Character]   [30] climbing_down (Duration: 3.41667s)[0m
[32m[09:29:37.066] [INFO] [Character]   [31] climbing_top (Duration: 4s)[0m
[32m[09:29:37.066] [INFO] [Character]   [32] stair_down (Duration: 0.916667s)[0m
[32m[09:29:37.066] [INFO] [Character]   [33] elbow_punch (Duration: 1.70833s)[0m
[32m[09:29:37.066] [INFO] [Character]   [34] headbutt (Duration: 2.08333s)[0m
[32m[09:29:37.066] [INFO] [Character]   [35] idle_looking (Duration: 7.83333s)[0m
[32m[09:29:37.066] [INFO] [Character]   [36] attack (Duration: 1.25s)[0m
[32m[09:29:37.066] [INFO] [Character]   [37] sit_to_stand (Duration: 2.25s)[0m
[32m[09:29:37.066] [INFO] [Character]   [38] sitting_idle (Duration: 6.375s)[0m
[32m[09:29:37.066] [INFO] [Character]   [39] stand_to_sit (Duration: 2.20833s)[0m
[32m[09:29:37.066] [INFO] [Character]   [40] melee_attack_down (Duration: 2.25s)[0m
[32m[09:29:37.066] [INFO] [Character]   [41] melee_attack_horizontal (Duration: 2.375s)[0m
[32m[09:29:37.066] [INFO] [Character]   [42] start_walking (Duration: 1.83333s)[0m
[32m[09:29:37.066] [INFO] [Character]   [43] talk (Duration: 5.16667s)[0m
[32m[09:29:37.066] [INFO] [Character]   [44] taunt (Duration: 2.83333s)[0m
[32m[09:29:37.066] [INFO] [Character]   [45] stair_up (Duration: 1.16667s)[0m
[32m[09:29:37.066] [INFO] [Character]   [46] wave (Duration: 0.5s)[0m
[32m[09:29:37.066] [INFO] [Character]   [47] cast_quick (Duration: 0.8s)[0m
[32m[09:29:37.066] [INFO] [Character]   [48] cast_standard (Duration: 1.6s)[0m
[32m[09:29:37.066] [INFO] [Character]   [49] cast_windup (Duration: 0.8s)[0m
[32m[09:29:37.066] [INFO] [Character]   [50] cast_loop (Duration: 1.2s)[0m
[32m[09:29:37.066] [INFO] [Character]   [51] cast_release (Duration: 0.7s)[0m
[32m[09:29:37.066] [INFO] [Character]   [52] cast_call_down (Duration: 2s)[0m
[32m[09:29:37.066] [INFO] [Character]   [53] cast_touch (Duration: 1.2s)[0m
[32m[09:29:37.066] [INFO] [Character]   [54] cast_ward (Duration: 0.5s)[0m
[32m[09:29:37.066] [INFO] [Character]   [55] melee_stab_1h (Duration: 0.9s)[0m
[32m[09:29:37.066] [INFO] [Character]   [56] melee_chop_2h (Duration: 1.3s)[0m
[32m[09:29:37.066] [INFO] [Character]   [57] melee_sweep_2h (Duration: 1.4s)[0m
[32m[09:29:37.066] [INFO] [Character]   [58] melee_thrust_spear (Duration: 1s)[0m
[32m[09:29:37.066] [INFO] [Character]   [59] melee_parry (Duration: 0.45s)[0m
[32m[09:29:37.066] [INFO] [Character]   [60] sword1h_light1 (Duration: 0.94s)[0m
[32m[09:29:37.066] [INFO] [Character]   [61] sword1h_light2 (Duration: 1.07s)[0m
[32m[09:29:37.066] [INFO] [Character]   [62] sword1h_light3 (Duration: 0.9s)[0m
[32m[09:29:37.066] [INFO] [Character]   [63] sword1h_heavy (Duration: 1.26s)[0m
[32m[09:29:37.066] [INFO] [Character]   [64] roll_forward (Duration: 2.36667s)[0m
[32m[09:29:37.066] [INFO] [Character]   [65] dive_forward (Duration: 1.2s)[0m
[32m[09:29:37.066] [INFO] [Character]   [66] hit_head (Duration: 1.43333s)[0m
[32m[09:29:37.066] [INFO] [Character]   [67] hit_stomach (Duration: 1.2s)[0m
[32m[09:29:37.066] [INFO] [Character]   [68] hit_rib (Duration: 1s)[0m
[32m[09:29:37.066] [INFO] [Character]   [69] dodge_right (Duration: 1.43333s)[0m
[32m[09:29:37.066] [INFO] [Character]   [70] death_front (Duration: 4.33333s)[0m
[32m[09:29:37.066] [INFO] [Character]   [71] death_back (Duration: 4.6s)[0m
[32m[09:29:37.066] [INFO] [Character]   [72] ko_lay (Duration: 2.13333s)[0m
[32m[09:29:37.066] [INFO] [Character]   [73] get_up (Duration: 11.4s)[0m
[32m[09:29:37.066] [INFO] [Character]   [74] kick (Duration: 1.5s)[0m
[32m[09:29:37.066] [INFO] [Character]   [75] chop_1h (Duration: 1.1s)[0m
[32m[09:29:37.066] [INFO] [Character]   [76] ogre_walk (Duration: 1.41667s)[0m
[32m[09:29:37.066] [INFO] [Character]   [77] ogre_swipe (Duration: 2.66667s)[0m
[32m[09:29:37.066] [INFO] [Character]   [78] ogre_idle (Duration: 4s)[0m
[32m[09:29:37.066] [INFO] [Character]   [79] ogre_jump_attack (Duration: 3.66667s)[0m
[32m[09:29:37.066] [INFO] [Character]   [80] hop_onto_seat (Duration: 3.875s)[0m
[32m[09:29:37.066] [INFO] [Character]   [81] scamper_walk (Duration: 1.08333s)[0m
[32m[09:29:37.066] [INFO] [Character]   [82] stomp (Duration: 1.79167s)[0m
[32m[09:29:37.066] [INFO] [Character]   [83] sword1h_light4 (Duration: 1.26s)[0m
[32m[09:29:37.066] [INFO] [Character]   [84] sword1h_mocap_combo (Duration: 4.53333s)[0m
[32m[09:29:37.066] [INFO] [Character]   [85] slash2h_idle (Duration: 2s)[0m
[32m[09:29:37.066] [INFO] [Character]   [86] slash2h_light1 (Duration: 1.26667s)[0m
[32m[09:29:37.066] [INFO] [Character]   [87] slash2h_light2 (Duration: 3.53333s)[0m
[32m[09:29:37.066] [INFO] [Character]   [88] slash2h_light3 (Duration: 1.83333s)[0m
[32m[09:29:37.066] [INFO] [Character]   [89] slash2h_light4 (Duration: 1.8s)[0m
[32m[09:29:37.066] [INFO] [Character]   [90] slash2h_light5 (Duration: 1.43333s)[0m
[32m[09:29:37.066] [INFO] [Character]   [91] slash2h_heavy (Duration: 1.2s)[0m
[32m[09:29:37.066] [INFO] [Character]   [92] slash2h_block1 (Duration: 0.5s)[0m
[32m[09:29:37.066] [INFO] [Character]   [93] slash2h_block2 (Duration: 0.966667s)[0m
[32m[09:29:37.066] [INFO] [Character]   [94] slash2h_block3 (Duration: 0.5s)[0m
[32m[09:29:37.066] [INFO] [Character]   [95] blunt2h_heavy (Duration: 5.2s)[0m
[32m[09:29:37.066] [INFO] [Character]   [96] dagger1h_light1 (Duration: 2.13333s)[0m
[32m[09:29:37.066] [INFO] [Character]   [97] dagger1h_light2 (Duration: 2.36667s)[0m
[32m[09:29:37.066] [INFO] [Character]   [98] dagger1h_light3 (Duration: 2.63333s)[0m
[32m[09:29:37.066] [INFO] [Character]   [99] bow_idle (Duration: 5.1s)[0m
[32m[09:29:37.066] [INFO] [Character]   [100] bow_draw (Duration: 1.03333s)[0m
[32m[09:29:37.066] [INFO] [Character]   [101] bow_aim_overdraw (Duration: 3.76667s)[0m
[32m[09:29:37.066] [INFO] [Character]   [102] bow_release_recoil (Duration: 0.7s)[0m
[32m[09:29:37.066] [INFO] [Character]   [103] bow_aim_walk_forward (Duration: 1.2s)[0m
[32m[09:29:37.066] [INFO] [Character]   [104] bow_aim_walk_back (Duration: 1.46667s)[0m
[32m[09:29:37.066] [INFO] [Character]   [105] bow_aim_walk_left (Duration: 1.2s)[0m
[32m[09:29:37.066] [INFO] [Character]   [106] bow_aim_walk_right (Duration: 1.3s)[0m
[32m[09:29:37.066] [INFO] [Character]   [107] mining_wall_strike (Duration: 2.26667s)[0m
[32m[09:29:37.067] [INFO] [Character]   [108] digging_ground (Duration: 4.83333s)[0m
[32m[09:29:37.067] [INFO] [Character]   [109] woodchop_horizontal (Duration: 2.4s)[0m
[32m[09:29:37.067] [INFO] [Character]   [110] blunt1h_mocap_combo (Duration: 3.63333s)[0m
[32m[09:29:37.067] [INFO] [Character]   [111] blunt2h_mocap_combo (Duration: 5.43333s)[0m
[32m[09:29:37.067] [INFO] [Character]   [112] blunt1h_light1 (Duration: 1.1s)[0m
[32m[09:29:37.067] [INFO] [Character]   [113] blunt1h_light2 (Duration: 0.87s)[0m
[32m[09:29:37.067] [INFO] [Character]   [114] blunt1h_light3 (Duration: 0.74s)[0m
[32m[09:29:37.067] [INFO] [Character]   [115] blunt1h_light4 (Duration: 1.13s)[0m
[32m[09:29:37.067] [INFO] [Character]   [116] blunt2h_light1 (Duration: 1.5s)[0m
[32m[09:29:37.067] [INFO] [Character]   [117] blunt2h_light2 (Duration: 1.2s)[0m
[32m[09:29:37.067] [INFO] [Character]   [118] blunt2h_light3 (Duration: 1.07s)[0m
[32m[09:29:37.067] [INFO] [Character]   [119] blunt2h_light4 (Duration: 0.93s)[0m
[32m[09:29:37.067] [INFO] [Character]   [120] cast_1h_spell1 (Duration: 2.26667s)[0m
[32m[09:29:37.067] [INFO] [Character]   [121] cast_1h_attack1 (Duration: 2.3s)[0m
[32m[09:29:37.067] [INFO] [Character]   [122] cast_1h_attack2 (Duration: 2.2s)[0m
[32m[09:29:37.067] [INFO] [Character]   [123] cast_1h_attack3 (Duration: 2.3s)[0m
[32m[09:29:37.067] [INFO] [Character]   [124] cast_2h_spell1 (Duration: 2.16667s)[0m
[32m[09:29:37.067] [INFO] [Character]   [125] cast_2h_area1 (Duration: 2.96667s)[0m
[32m[09:29:37.067] [INFO] [Character]   [126] cast_2h_area2 (Duration: 3.26667s)[0m
[32m[09:29:37.067] [INFO] [Character]   [127] cast_2h_attack1 (Duration: 2.7s)[0m
[32m[09:29:37.067] [INFO] [Character]   [128] cast_2h_attack2 (Duration: 2.63333s)[0m
[32m[09:29:37.067] [INFO] [Character]   [129] cast_2h_attack3 (Duration: 4.3s)[0m
[32m[09:29:37.067] [INFO] [Character]   [130] cast_2h_attack4 (Duration: 3.33333s)[0m
[32m[09:29:37.067] [INFO] [Character]   [131] cast_2h_attack5 (Duration: 3.53333s)[0m
[32m[09:29:37.067] [INFO] [Character]   [132] axe1h_uppercut (Duration: 3.16667s)[0m
[32m[09:29:37.067] [INFO] [Character]   [133] axe1h_spin_high (Duration: 3.16667s)[0m
[32m[09:29:37.067] [INFO] [Character]   [134] axe1h_spin_low (Duration: 2.5s)[0m
[32m[09:29:37.067] [INFO] [Character]   [135] axe2h_mocap_combo1 (Duration: 4.66667s)[0m
[32m[09:29:37.067] [INFO] [Character]   [136] axe1h_mocap_combo2 (Duration: 4.2s)[0m
[32m[09:29:37.067] [INFO] [Character]   [137] axe1h_mocap_combo3 (Duration: 2.73333s)[0m
[32m[09:29:37.067] [INFO] [Character] =====================================[0m
[32m[09:29:37.067] [INFO] [Character] resizeController: height=1.76607 halfWidth=0.248536 maxStep=0.416331 footOffset=-0.0378528 minY=-0.0878528 maxY=1.62822[0m
[32m[09:29:37.067] [INFO] [Character]   Segment [mixamorig:Head] source=skeleton fallback he=(0.112584,0.112584,0.112584)[0m
[32m[09:29:37.067] [INFO] [Character]   Segment [mixamorig:Spine2] source=skeleton fallback he=(0.1,0.054474,0.1)[0m
[32m[09:29:37.067] [INFO] [Character]   Segment [mixamorig:Spine1] source=skeleton fallback he=(0.1,0.04,0.1)[0m
[32m[09:29:37.067] [INFO] [Character]   Segment [mixamorig:Hips] source=skeleton fallback he=(0.1,0.0881765,0.1)[0m
[32m[09:29:37.067] [INFO] [Character]   Segment [mixamorig:LeftArm] source=skeleton fallback he=(0.07,0.129104,0.07)[0m
[32m[09:29:37.067] [INFO] [Character]   Segment [mixamorig:RightArm] source=skeleton fallback he=(0.07,0.129104,0.07)[0m
[32m[09:29:37.067] [INFO] [Character]   Segment [mixamorig:LeftForeArm] source=skeleton fallback he=(0.07,0.131363,0.07)[0m
[32m[09:29:37.067] [INFO] [Character]   Segment [mixamorig:RightForeArm] source=skeleton fallback he=(0.07,0.131363,0.07)[0m
[32m[09:29:37.067] [INFO] [Character]   Segment [mixamorig:LeftUpLeg] source=skeleton fallback he=(0.08,0.194678,0.08)[0m
[32m[09:29:37.067] [INFO] [Character]   Segment [mixamorig:RightUpLeg] source=skeleton fallback he=(0.08,0.194678,0.08)[0m
[32m[09:29:37.067] [INFO] [Character]   Segment [mixamorig:LeftLeg] source=skeleton fallback he=(0.08,0.195364,0.08)[0m
[32m[09:29:37.067] [INFO] [Character]   Segment [mixamorig:RightLeg] source=skeleton fallback he=(0.08,0.195364,0.08)[0m
[32m[09:29:37.067] [INFO] [Character] Built 12/8 segment collision boxes[0m
[32m[09:29:37.067] [INFO] [NPCManager] Spawned NPC 'Wren' at (-5, 18, 14)[0m
[32m[09:29:37.068] [INFO] [Character] Parsed archetype 'humanoid_normal' from resources/animated_characters/humanoid.anim[0m
[32m[09:29:37.075] [INFO] [Character] === Loaded Animations (138) ===[0m
[32m[09:29:37.075] [INFO] [Character]   [0] base_pose (Duration: 0s)[0m
[32m[09:29:37.075] [INFO] [Character]   [1] crouch_to_stand (Duration: 2.54167s)[0m
[32m[09:29:37.075] [INFO] [Character]   [2] crouched_walking (Duration: 1s)[0m
[32m[09:29:37.075] [INFO] [Character]   [3] fast_run (Duration: 0.5s)[0m
[32m[09:29:37.075] [INFO] [Character]   [4] female_start_walking (Duration: 1.83333s)[0m
[32m[09:29:37.075] [INFO] [Character]   [5] female_stop_walking (Duration: 1.5s)[0m
[32m[09:29:37.075] [INFO] [Character]   [6] floating (Duration: 3.58333s)[0m
[32m[09:29:37.075] [INFO] [Character]   [7] idle (Duration: 16.625s)[0m
[32m[09:29:37.075] [INFO] [Character]   [8] jump (Duration: 2.58333s)[0m
[32m[09:29:37.075] [INFO] [Character]   [9] jumping_down (Duration: 3.45833s)[0m
[32m[09:29:37.075] [INFO] [Character]   [10] jump_down (Duration: 3.5s)[0m
[32m[09:29:37.075] [INFO] [Character]   [11] landing (Duration: 2.08333s)[0m
[32m[09:29:37.075] [INFO] [Character]   [12] left_strafe_walk (Duration: 0.916667s)[0m
[32m[09:29:37.075] [INFO] [Character]   [13] left_strafe (Duration: 0.666667s)[0m
[32m[09:29:37.075] [INFO] [Character]   [14] left_turn (Duration: 1.16667s)[0m
[32m[09:29:37.075] [INFO] [Character]   [15] right_strafe_walk (Duration: 0.916667s)[0m
[32m[09:29:37.075] [INFO] [Character]   [16] right_strafe (Duration: 0.666667s)[0m
[32m[09:29:37.075] [INFO] [Character]   [17] right_turn (Duration: 1.16667s)[0m
[32m[09:29:37.075] [INFO] [Character]   [18] run_to_stop (Duration: 0.875s)[0m
[32m[09:29:37.075] [INFO] [Character]   [19] run (Duration: 0.666667s)[0m
[32m[09:29:37.075] [INFO] [Character]   [20] standing_to_crouched (Duration: 0.625s)[0m
[32m[09:29:37.075] [INFO] [Character]   [21] standing (Duration: 3.83333s)[0m
[32m[09:29:37.075] [INFO] [Character]   [22] unarmed_walk (Duration: 1.33333s)[0m
[32m[09:29:37.075] [INFO] [Character]   [23] walking_backward (Duration: 1.20833s)[0m
[32m[09:29:37.075] [INFO] [Character]   [24] walk (Duration: 0.958333s)[0m
[32m[09:29:37.075] [INFO] [Character]   [25] crouch_idle (Duration: 3s)[0m
[32m[09:29:37.075] [INFO] [Character]   [26] point (Duration: 1.5s)[0m
[32m[09:29:37.075] [INFO] [Character]   [27] climbing_to_top (Duration: 4s)[0m
[32m[09:29:37.075] [INFO] [Character]   [28] body_block (Duration: 3.41667s)[0m
[32m[09:29:37.075] [INFO] [Character]   [29] boxing (Duration: 1.70833s)[0m
[32m[09:29:37.075] [INFO] [Character]   [30] climbing_down (Duration: 3.41667s)[0m
[32m[09:29:37.075] [INFO] [Character]   [31] climbing_top (Duration: 4s)[0m
[32m[09:29:37.075] [INFO] [Character]   [32] stair_down (Duration: 0.916667s)[0m
[32m[09:29:37.075] [INFO] [Character]   [33] elbow_punch (Duration: 1.70833s)[0m
[32m[09:29:37.075] [INFO] [Character]   [34] headbutt (Duration: 2.08333s)[0m
[32m[09:29:37.075] [INFO] [Character]   [35] idle_looking (Duration: 7.83333s)[0m
[32m[09:29:37.075] [INFO] [Character]   [36] attack (Duration: 1.25s)[0m
[32m[09:29:37.075] [INFO] [Character]   [37] sit_to_stand (Duration: 2.25s)[0m
[32m[09:29:37.075] [INFO] [Character]   [38] sitting_idle (Duration: 6.375s)[0m
[32m[09:29:37.075] [INFO] [Character]   [39] stand_to_sit (Duration: 2.20833s)[0m
[32m[09:29:37.075] [INFO] [Character]   [40] melee_attack_down (Duration: 2.25s)[0m
[32m[09:29:37.075] [INFO] [Character]   [41] melee_attack_horizontal (Duration: 2.375s)[0m
[32m[09:29:37.075] [INFO] [Character]   [42] start_walking (Duration: 1.83333s)[0m
[32m[09:29:37.075] [INFO] [Character]   [43] talk (Duration: 5.16667s)[0m
[32m[09:29:37.075] [INFO] [Character]   [44] taunt (Duration: 2.83333s)[0m
[32m[09:29:37.075] [INFO] [Character]   [45] stair_up (Duration: 1.16667s)[0m
[32m[09:29:37.075] [INFO] [Character]   [46] wave (Duration: 0.5s)[0m
[32m[09:29:37.075] [INFO] [Character]   [47] cast_quick (Duration: 0.8s)[0m
[32m[09:29:37.075] [INFO] [Character]   [48] cast_standard (Duration: 1.6s)[0m
[32m[09:29:37.075] [INFO] [Character]   [49] cast_windup (Duration: 0.8s)[0m
[32m[09:29:37.075] [INFO] [Character]   [50] cast_loop (Duration: 1.2s)[0m
[32m[09:29:37.075] [INFO] [Character]   [51] cast_release (Duration: 0.7s)[0m
[32m[09:29:37.075] [INFO] [Character]   [52] cast_call_down (Duration: 2s)[0m
[32m[09:29:37.075] [INFO] [Character]   [53] cast_touch (Duration: 1.2s)[0m
[32m[09:29:37.075] [INFO] [Character]   [54] cast_ward (Duration: 0.5s)[0m
[32m[09:29:37.075] [INFO] [Character]   [55] melee_stab_1h (Duration: 0.9s)[0m
[32m[09:29:37.075] [INFO] [Character]   [56] melee_chop_2h (Duration: 1.3s)[0m
[32m[09:29:37.075] [INFO] [Character]   [57] melee_sweep_2h (Duration: 1.4s)[0m
[32m[09:29:37.075] [INFO] [Character]   [58] melee_thrust_spear (Duration: 1s)[0m
[32m[09:29:37.075] [INFO] [Character]   [59] melee_parry (Duration: 0.45s)[0m
[32m[09:29:37.075] [INFO] [Character]   [60] sword1h_light1 (Duration: 0.94s)[0m
[32m[09:29:37.075] [INFO] [Character]   [61] sword1h_light2 (Duration: 1.07s)[0m
[32m[09:29:37.075] [INFO] [Character]   [62] sword1h_light3 (Duration: 0.9s)[0m
[32m[09:29:37.075] [INFO] [Character]   [63] sword1h_heavy (Duration: 1.26s)[0m
[32m[09:29:37.075] [INFO] [Character]   [64] roll_forward (Duration: 2.36667s)[0m
[32m[09:29:37.075] [INFO] [Character]   [65] dive_forward (Duration: 1.2s)[0m
[32m[09:29:37.075] [INFO] [Character]   [66] hit_head (Duration: 1.43333s)[0m
[32m[09:29:37.075] [INFO] [Character]   [67] hit_stomach (Duration: 1.2s)[0m
[32m[09:29:37.075] [INFO] [Character]   [68] hit_rib (Duration: 1s)[0m
[32m[09:29:37.075] [INFO] [Character]   [69] dodge_right (Duration: 1.43333s)[0m
[32m[09:29:37.075] [INFO] [Character]   [70] death_front (Duration: 4.33333s)[0m
[32m[09:29:37.075] [INFO] [Character]   [71] death_back (Duration: 4.6s)[0m
[32m[09:29:37.075] [INFO] [Character]   [72] ko_lay (Duration: 2.13333s)[0m
[32m[09:29:37.075] [INFO] [Character]   [73] get_up (Duration: 11.4s)[0m
[32m[09:29:37.075] [INFO] [Character]   [74] kick (Duration: 1.5s)[0m
[32m[09:29:37.075] [INFO] [Character]   [75] chop_1h (Duration: 1.1s)[0m
[32m[09:29:37.075] [INFO] [Character]   [76] ogre_walk (Duration: 1.41667s)[0m
[32m[09:29:37.075] [INFO] [Character]   [77] ogre_swipe (Duration: 2.66667s)[0m
[32m[09:29:37.075] [INFO] [Character]   [78] ogre_idle (Duration: 4s)[0m
[32m[09:29:37.075] [INFO] [Character]   [79] ogre_jump_attack (Duration: 3.66667s)[0m
[32m[09:29:37.075] [INFO] [Character]   [80] hop_onto_seat (Duration: 3.875s)[0m
[32m[09:29:37.075] [INFO] [Character]   [81] scamper_walk (Duration: 1.08333s)[0m
[32m[09:29:37.075] [INFO] [Character]   [82] stomp (Duration: 1.79167s)[0m
[32m[09:29:37.075] [INFO] [Character]   [83] sword1h_light4 (Duration: 1.26s)[0m
[32m[09:29:37.075] [INFO] [Character]   [84] sword1h_mocap_combo (Duration: 4.53333s)[0m
[32m[09:29:37.075] [INFO] [Character]   [85] slash2h_idle (Duration: 2s)[0m
[32m[09:29:37.075] [INFO] [Character]   [86] slash2h_light1 (Duration: 1.26667s)[0m
[32m[09:29:37.075] [INFO] [Character]   [87] slash2h_light2 (Duration: 3.53333s)[0m
[32m[09:29:37.075] [INFO] [Character]   [88] slash2h_light3 (Duration: 1.83333s)[0m
[32m[09:29:37.075] [INFO] [Character]   [89] slash2h_light4 (Duration: 1.8s)[0m
[32m[09:29:37.075] [INFO] [Character]   [90] slash2h_light5 (Duration: 1.43333s)[0m
[32m[09:29:37.075] [INFO] [Character]   [91] slash2h_heavy (Duration: 1.2s)[0m
[32m[09:29:37.075] [INFO] [Character]   [92] slash2h_block1 (Duration: 0.5s)[0m
[32m[09:29:37.075] [INFO] [Character]   [93] slash2h_block2 (Duration: 0.966667s)[0m
[32m[09:29:37.075] [INFO] [Character]   [94] slash2h_block3 (Duration: 0.5s)[0m
[32m[09:29:37.075] [INFO] [Character]   [95] blunt2h_heavy (Duration: 5.2s)[0m
[32m[09:29:37.075] [INFO] [Character]   [96] dagger1h_light1 (Duration: 2.13333s)[0m
[32m[09:29:37.075] [INFO] [Character]   [97] dagger1h_light2 (Duration: 2.36667s)[0m
[32m[09:29:37.075] [INFO] [Character]   [98] dagger1h_light3 (Duration: 2.63333s)[0m
[32m[09:29:37.075] [INFO] [Character]   [99] bow_idle (Duration: 5.1s)[0m
[32m[09:29:37.075] [INFO] [Character]   [100] bow_draw (Duration: 1.03333s)[0m
[32m[09:29:37.075] [INFO] [Character]   [101] bow_aim_overdraw (Duration: 3.76667s)[0m
[32m[09:29:37.075] [INFO] [Character]   [102] bow_release_recoil (Duration: 0.7s)[0m
[32m[09:29:37.075] [INFO] [Character]   [103] bow_aim_walk_forward (Duration: 1.2s)[0m
[32m[09:29:37.075] [INFO] [Character]   [104] bow_aim_walk_back (Duration: 1.46667s)[0m
[32m[09:29:37.075] [INFO] [Character]   [105] bow_aim_walk_left (Duration: 1.2s)[0m
[32m[09:29:37.075] [INFO] [Character]   [106] bow_aim_walk_right (Duration: 1.3s)[0m
[32m[09:29:37.075] [INFO] [Character]   [107] mining_wall_strike (Duration: 2.26667s)[0m
[32m[09:29:37.075] [INFO] [Character]   [108] digging_ground (Duration: 4.83333s)[0m
[32m[09:29:37.076] [INFO] [Character]   [109] woodchop_horizontal (Duration: 2.4s)[0m
[32m[09:29:37.076] [INFO] [Character]   [110] blunt1h_mocap_combo (Duration: 3.63333s)[0m
[32m[09:29:37.076] [INFO] [Character]   [111] blunt2h_mocap_combo (Duration: 5.43333s)[0m
[32m[09:29:37.076] [INFO] [Character]   [112] blunt1h_light1 (Duration: 1.1s)[0m
[32m[09:29:37.076] [INFO] [Character]   [113] blunt1h_light2 (Duration: 0.87s)[0m
[32m[09:29:37.076] [INFO] [Character]   [114] blunt1h_light3 (Duration: 0.74s)[0m
[32m[09:29:37.076] [INFO] [Character]   [115] blunt1h_light4 (Duration: 1.13s)[0m
[32m[09:29:37.076] [INFO] [Character]   [116] blunt2h_light1 (Duration: 1.5s)[0m
[32m[09:29:37.076] [INFO] [Character]   [117] blunt2h_light2 (Duration: 1.2s)[0m
[32m[09:29:37.076] [INFO] [Character]   [118] blunt2h_light3 (Duration: 1.07s)[0m
[32m[09:29:37.076] [INFO] [Character]   [119] blunt2h_light4 (Duration: 0.93s)[0m
[32m[09:29:37.076] [INFO] [Character]   [120] cast_1h_spell1 (Duration: 2.26667s)[0m
[32m[09:29:37.076] [INFO] [Character]   [121] cast_1h_attack1 (Duration: 2.3s)[0m
[32m[09:29:37.076] [INFO] [Character]   [122] cast_1h_attack2 (Duration: 2.2s)[0m
[32m[09:29:37.076] [INFO] [Character]   [123] cast_1h_attack3 (Duration: 2.3s)[0m
[32m[09:29:37.076] [INFO] [Character]   [124] cast_2h_spell1 (Duration: 2.16667s)[0m
[32m[09:29:37.076] [INFO] [Character]   [125] cast_2h_area1 (Duration: 2.96667s)[0m
[32m[09:29:37.076] [INFO] [Character]   [126] cast_2h_area2 (Duration: 3.26667s)[0m
[32m[09:29:37.076] [INFO] [Character]   [127] cast_2h_attack1 (Duration: 2.7s)[0m
[32m[09:29:37.076] [INFO] [Character]   [128] cast_2h_attack2 (Duration: 2.63333s)[0m
[32m[09:29:37.076] [INFO] [Character]   [129] cast_2h_attack3 (Duration: 4.3s)[0m
[32m[09:29:37.076] [INFO] [Character]   [130] cast_2h_attack4 (Duration: 3.33333s)[0m
[32m[09:29:37.076] [INFO] [Character]   [131] cast_2h_attack5 (Duration: 3.53333s)[0m
[32m[09:29:37.076] [INFO] [Character]   [132] axe1h_uppercut (Duration: 3.16667s)[0m
[32m[09:29:37.076] [INFO] [Character]   [133] axe1h_spin_high (Duration: 3.16667s)[0m
[32m[09:29:37.076] [INFO] [Character]   [134] axe1h_spin_low (Duration: 2.5s)[0m
[32m[09:29:37.076] [INFO] [Character]   [135] axe2h_mocap_combo1 (Duration: 4.66667s)[0m
[32m[09:29:37.076] [INFO] [Character]   [136] axe1h_mocap_combo2 (Duration: 4.2s)[0m
[32m[09:29:37.076] [INFO] [Character]   [137] axe1h_mocap_combo3 (Duration: 2.73333s)[0m
[32m[09:29:37.076] [INFO] [Character] =====================================[0m
[32m[09:29:37.076] [INFO] [Character] resizeController: height=1.87448 halfWidth=0.25345 maxStep=0.449066 footOffset=0.0156271 minY=-0.0343729 maxY=1.79011[0m
[32m[09:29:37.076] [INFO] [Character]   Segment [mixamorig:Head] source=skeleton fallback he=(0.118456,0.118456,0.118456)[0m
[32m[09:29:37.076] [INFO] [Character]   Segment [mixamorig:Spine2] source=skeleton fallback he=(0.1,0.0556469,0.1)[0m
[32m[09:29:37.076] [INFO] [Character]   Segment [mixamorig:Spine1] source=skeleton fallback he=(0.1,0.04,0.1)[0m
[32m[09:29:37.076] [INFO] [Character]   Segment [mixamorig:Hips] source=skeleton fallback he=(0.1,0.100059,0.1)[0m
[32m[09:29:37.076] [INFO] [Character]   Segment [mixamorig:LeftArm] source=skeleton fallback he=(0.07,0.155672,0.07)[0m
[32m[09:29:37.076] [INFO] [Character]   Segment [mixamorig:RightArm] source=skeleton fallback he=(0.07,0.155672,0.07)[0m
[32m[09:29:37.076] [INFO] [Character]   Segment [mixamorig:LeftForeArm] source=skeleton fallback he=(0.07,0.158397,0.07)[0m
[32m[09:29:37.076] [INFO] [Character]   Segment [mixamorig:RightForeArm] source=skeleton fallback he=(0.07,0.158397,0.07)[0m
[32m[09:29:37.076] [INFO] [Character]   Segment [mixamorig:LeftUpLeg] source=skeleton fallback he=(0.08,0.226495,0.08)[0m
[32m[09:29:37.076] [INFO] [Character]   Segment [mixamorig:RightUpLeg] source=skeleton fallback he=(0.08,0.226495,0.08)[0m
[32m[09:29:37.076] [INFO] [Character]   Segment [mixamorig:LeftLeg] source=skeleton fallback he=(0.08,0.227293,0.08)[0m
[32m[09:29:37.076] [INFO] [Character]   Segment [mixamorig:RightLeg] source=skeleton fallback he=(0.08,0.227293,0.08)[0m
[32m[09:29:37.076] [INFO] [Character] Built 12/8 segment collision boxes[0m
[32m[09:29:37.076] [INFO] [NPCManager] Spawned NPC 'Selby' at (7, 18, 13)[0m
[32m[09:29:37.076] [INFO] [Character] Parsed archetype 'humanoid_normal' from resources/animated_characters/humanoid.anim[0m
[32m[09:29:37.083] [INFO] [Character] === Loaded Animations (138) ===[0m
[32m[09:29:37.083] [INFO] [Character]   [0] base_pose (Duration: 0s)[0m
[32m[09:29:37.083] [INFO] [Character]   [1] crouch_to_stand (Duration: 2.54167s)[0m
[32m[09:29:37.083] [INFO] [Character]   [2] crouched_walking (Duration: 1s)[0m
[32m[09:29:37.083] [INFO] [Character]   [3] fast_run (Duration: 0.5s)[0m
[32m[09:29:37.083] [INFO] [Character]   [4] female_start_walking (Duration: 1.83333s)[0m
[32m[09:29:37.083] [INFO] [Character]   [5] female_stop_walking (Duration: 1.5s)[0m
[32m[09:29:37.083] [INFO] [Character]   [6] floating (Duration: 3.58333s)[0m
[32m[09:29:37.083] [INFO] [Character]   [7] idle (Duration: 16.625s)[0m
[32m[09:29:37.083] [INFO] [Character]   [8] jump (Duration: 2.58333s)[0m
[32m[09:29:37.083] [INFO] [Character]   [9] jumping_down (Duration: 3.45833s)[0m
[32m[09:29:37.083] [INFO] [Character]   [10] jump_down (Duration: 3.5s)[0m
[32m[09:29:37.083] [INFO] [Character]   [11] landing (Duration: 2.08333s)[0m
[32m[09:29:37.083] [INFO] [Character]   [12] left_strafe_walk (Duration: 0.916667s)[0m
[32m[09:29:37.083] [INFO] [Character]   [13] left_strafe (Duration: 0.666667s)[0m
[32m[09:29:37.083] [INFO] [Character]   [14] left_turn (Duration: 1.16667s)[0m
[32m[09:29:37.083] [INFO] [Character]   [15] right_strafe_walk (Duration: 0.916667s)[0m
[32m[09:29:37.083] [INFO] [Character]   [16] right_strafe (Duration: 0.666667s)[0m
[32m[09:29:37.083] [INFO] [Character]   [17] right_turn (Duration: 1.16667s)[0m
[32m[09:29:37.083] [INFO] [Character]   [18] run_to_stop (Duration: 0.875s)[0m
[32m[09:29:37.083] [INFO] [Character]   [19] run (Duration: 0.666667s)[0m
[32m[09:29:37.083] [INFO] [Character]   [20] standing_to_crouched (Duration: 0.625s)[0m
[32m[09:29:37.083] [INFO] [Character]   [21] standing (Duration: 3.83333s)[0m
[32m[09:29:37.083] [INFO] [Character]   [22] unarmed_walk (Duration: 1.33333s)[0m
[32m[09:29:37.083] [INFO] [Character]   [23] walking_backward (Duration: 1.20833s)[0m
[32m[09:29:37.083] [INFO] [Character]   [24] walk (Duration: 0.958333s)[0m
[32m[09:29:37.083] [INFO] [Character]   [25] crouch_idle (Duration: 3s)[0m
[32m[09:29:37.083] [INFO] [Character]   [26] point (Duration: 1.5s)[0m
[32m[09:29:37.083] [INFO] [Character]   [27] climbing_to_top (Duration: 4s)[0m
[32m[09:29:37.083] [INFO] [Character]   [28] body_block (Duration: 3.41667s)[0m
[32m[09:29:37.083] [INFO] [Character]   [29] boxing (Duration: 1.70833s)[0m
[32m[09:29:37.083] [INFO] [Character]   [30] climbing_down (Duration: 3.41667s)[0m
[32m[09:29:37.083] [INFO] [Character]   [31] climbing_top (Duration: 4s)[0m
[32m[09:29:37.083] [INFO] [Character]   [32] stair_down (Duration: 0.916667s)[0m
[32m[09:29:37.083] [INFO] [Character]   [33] elbow_punch (Duration: 1.70833s)[0m
[32m[09:29:37.083] [INFO] [Character]   [34] headbutt (Duration: 2.08333s)[0m
[32m[09:29:37.083] [INFO] [Character]   [35] idle_looking (Duration: 7.83333s)[0m
[32m[09:29:37.083] [INFO] [Character]   [36] attack (Duration: 1.25s)[0m
[32m[09:29:37.083] [INFO] [Character]   [37] sit_to_stand (Duration: 2.25s)[0m
[32m[09:29:37.083] [INFO] [Character]   [38] sitting_idle (Duration: 6.375s)[0m
[32m[09:29:37.083] [INFO] [Character]   [39] stand_to_sit (Duration: 2.20833s)[0m
[32m[09:29:37.083] [INFO] [Character]   [40] melee_attack_down (Duration: 2.25s)[0m
[32m[09:29:37.083] [INFO] [Character]   [41] melee_attack_horizontal (Duration: 2.375s)[0m
[32m[09:29:37.084] [INFO] [Character]   [42] start_walking (Duration: 1.83333s)[0m
[32m[09:29:37.084] [INFO] [Character]   [43] talk (Duration: 5.16667s)[0m
[32m[09:29:37.084] [INFO] [Character]   [44] taunt (Duration: 2.83333s)[0m
[32m[09:29:37.084] [INFO] [Character]   [45] stair_up (Duration: 1.16667s)[0m
[32m[09:29:37.084] [INFO] [Character]   [46] wave (Duration: 0.5s)[0m
[32m[09:29:37.084] [INFO] [Character]   [47] cast_quick (Duration: 0.8s)[0m
[32m[09:29:37.084] [INFO] [Character]   [48] cast_standard (Duration: 1.6s)[0m
[32m[09:29:37.084] [INFO] [Character]   [49] cast_windup (Duration: 0.8s)[0m
[32m[09:29:37.084] [INFO] [Character]   [50] cast_loop (Duration: 1.2s)[0m
[32m[09:29:37.084] [INFO] [Character]   [51] cast_release (Duration: 0.7s)[0m
[32m[09:29:37.084] [INFO] [Character]   [52] cast_call_down (Duration: 2s)[0m
[32m[09:29:37.084] [INFO] [Character]   [53] cast_touch (Duration: 1.2s)[0m
[32m[09:29:37.084] [INFO] [Character]   [54] cast_ward (Duration: 0.5s)[0m
[32m[09:29:37.084] [INFO] [Character]   [55] melee_stab_1h (Duration: 0.9s)[0m
[32m[09:29:37.084] [INFO] [Character]   [56] melee_chop_2h (Duration: 1.3s)[0m
[32m[09:29:37.084] [INFO] [Character]   [57] melee_sweep_2h (Duration: 1.4s)[0m
[32m[09:29:37.084] [INFO] [Character]   [58] melee_thrust_spear (Duration: 1s)[0m
[32m[09:29:37.084] [INFO] [Character]   [59] melee_parry (Duration: 0.45s)[0m
[32m[09:29:37.084] [INFO] [Character]   [60] sword1h_light1 (Duration: 0.94s)[0m
[32m[09:29:37.084] [INFO] [Character]   [61] sword1h_light2 (Duration: 1.07s)[0m
[32m[09:29:37.084] [INFO] [Character]   [62] sword1h_light3 (Duration: 0.9s)[0m
[32m[09:29:37.084] [INFO] [Character]   [63] sword1h_heavy (Duration: 1.26s)[0m
[32m[09:29:37.084] [INFO] [Character]   [64] roll_forward (Duration: 2.36667s)[0m
[32m[09:29:37.084] [INFO] [Character]   [65] dive_forward (Duration: 1.2s)[0m
[32m[09:29:37.084] [INFO] [Character]   [66] hit_head (Duration: 1.43333s)[0m
[32m[09:29:37.084] [INFO] [Character]   [67] hit_stomach (Duration: 1.2s)[0m
[32m[09:29:37.084] [INFO] [Character]   [68] hit_rib (Duration: 1s)[0m
[32m[09:29:37.084] [INFO] [Character]   [69] dodge_right (Duration: 1.43333s)[0m
[32m[09:29:37.084] [INFO] [Character]   [70] death_front (Duration: 4.33333s)[0m
[32m[09:29:37.084] [INFO] [Character]   [71] death_back (Duration: 4.6s)[0m
[32m[09:29:37.084] [INFO] [Character]   [72] ko_lay (Duration: 2.13333s)[0m
[32m[09:29:37.084] [INFO] [Character]   [73] get_up (Duration: 11.4s)[0m
[32m[09:29:37.084] [INFO] [Character]   [74] kick (Duration: 1.5s)[0m
[32m[09:29:37.084] [INFO] [Character]   [75] chop_1h (Duration: 1.1s)[0m
[32m[09:29:37.084] [INFO] [Character]   [76] ogre_walk (Duration: 1.41667s)[0m
[32m[09:29:37.084] [INFO] [Character]   [77] ogre_swipe (Duration: 2.66667s)[0m
[32m[09:29:37.084] [INFO] [Character]   [78] ogre_idle (Duration: 4s)[0m
[32m[09:29:37.084] [INFO] [Character]   [79] ogre_jump_attack (Duration: 3.66667s)[0m
[32m[09:29:37.084] [INFO] [Character]   [80] hop_onto_seat (Duration: 3.875s)[0m
[32m[09:29:37.084] [INFO] [Character]   [81] scamper_walk (Duration: 1.08333s)[0m
[32m[09:29:37.084] [INFO] [Character]   [82] stomp (Duration: 1.79167s)[0m
[32m[09:29:37.084] [INFO] [Character]   [83] sword1h_light4 (Duration: 1.26s)[0m
[32m[09:29:37.084] [INFO] [Character]   [84] sword1h_mocap_combo (Duration: 4.53333s)[0m
[32m[09:29:37.084] [INFO] [Character]   [85] slash2h_idle (Duration: 2s)[0m
[32m[09:29:37.084] [INFO] [Character]   [86] slash2h_light1 (Duration: 1.26667s)[0m
[32m[09:29:37.084] [INFO] [Character]   [87] slash2h_light2 (Duration: 3.53333s)[0m
[32m[09:29:37.084] [INFO] [Character]   [88] slash2h_light3 (Duration: 1.83333s)[0m
[32m[09:29:37.084] [INFO] [Character]   [89] slash2h_light4 (Duration: 1.8s)[0m
[32m[09:29:37.084] [INFO] [Character]   [90] slash2h_light5 (Duration: 1.43333s)[0m
[32m[09:29:37.084] [INFO] [Character]   [91] slash2h_heavy (Duration: 1.2s)[0m
[32m[09:29:37.084] [INFO] [Character]   [92] slash2h_block1 (Duration: 0.5s)[0m
[32m[09:29:37.084] [INFO] [Character]   [93] slash2h_block2 (Duration: 0.966667s)[0m
[32m[09:29:37.084] [INFO] [Character]   [94] slash2h_block3 (Duration: 0.5s)[0m
[32m[09:29:37.084] [INFO] [Character]   [95] blunt2h_heavy (Duration: 5.2s)[0m
[32m[09:29:37.084] [INFO] [Character]   [96] dagger1h_light1 (Duration: 2.13333s)[0m
[32m[09:29:37.084] [INFO] [Character]   [97] dagger1h_light2 (Duration: 2.36667s)[0m
[32m[09:29:37.084] [INFO] [Character]   [98] dagger1h_light3 (Duration: 2.63333s)[0m
[32m[09:29:37.084] [INFO] [Character]   [99] bow_idle (Duration: 5.1s)[0m
[32m[09:29:37.084] [INFO] [Character]   [100] bow_draw (Duration: 1.03333s)[0m
[32m[09:29:37.084] [INFO] [Character]   [101] bow_aim_overdraw (Duration: 3.76667s)[0m
[32m[09:29:37.084] [INFO] [Character]   [102] bow_release_recoil (Duration: 0.7s)[0m
[32m[09:29:37.084] [INFO] [Character]   [103] bow_aim_walk_forward (Duration: 1.2s)[0m
[32m[09:29:37.084] [INFO] [Character]   [104] bow_aim_walk_back (Duration: 1.46667s)[0m
[32m[09:29:37.084] [INFO] [Character]   [105] bow_aim_walk_left (Duration: 1.2s)[0m
[32m[09:29:37.084] [INFO] [Character]   [106] bow_aim_walk_right (Duration: 1.3s)[0m
[32m[09:29:37.084] [INFO] [Character]   [107] mining_wall_strike (Duration: 2.26667s)[0m
[32m[09:29:37.084] [INFO] [Character]   [108] digging_ground (Duration: 4.83333s)[0m
[32m[09:29:37.084] [INFO] [Character]   [109] woodchop_horizontal (Duration: 2.4s)[0m
[32m[09:29:37.084] [INFO] [Character]   [110] blunt1h_mocap_combo (Duration: 3.63333s)[0m
[32m[09:29:37.084] [INFO] [Character]   [111] blunt2h_mocap_combo (Duration: 5.43333s)[0m
[32m[09:29:37.084] [INFO] [Character]   [112] blunt1h_light1 (Duration: 1.1s)[0m
[32m[09:29:37.084] [INFO] [Character]   [113] blunt1h_light2 (Duration: 0.87s)[0m
[32m[09:29:37.084] [INFO] [Character]   [114] blunt1h_light3 (Duration: 0.74s)[0m
[32m[09:29:37.084] [INFO] [Character]   [115] blunt1h_light4 (Duration: 1.13s)[0m
[32m[09:29:37.084] [INFO] [Character]   [116] blunt2h_light1 (Duration: 1.5s)[0m
[32m[09:29:37.084] [INFO] [Character]   [117] blunt2h_light2 (Duration: 1.2s)[0m
[32m[09:29:37.084] [INFO] [Character]   [118] blunt2h_light3 (Duration: 1.07s)[0m
[32m[09:29:37.084] [INFO] [Character]   [119] blunt2h_light4 (Duration: 0.93s)[0m
[32m[09:29:37.084] [INFO] [Character]   [120] cast_1h_spell1 (Duration: 2.26667s)[0m
[32m[09:29:37.084] [INFO] [Character]   [121] cast_1h_attack1 (Duration: 2.3s)[0m
[32m[09:29:37.084] [INFO] [Character]   [122] cast_1h_attack2 (Duration: 2.2s)[0m
[32m[09:29:37.084] [INFO] [Character]   [123] cast_1h_attack3 (Duration: 2.3s)[0m
[32m[09:29:37.084] [INFO] [Character]   [124] cast_2h_spell1 (Duration: 2.16667s)[0m
[32m[09:29:37.084] [INFO] [Character]   [125] cast_2h_area1 (Duration: 2.96667s)[0m
[32m[09:29:37.084] [INFO] [Character]   [126] cast_2h_area2 (Duration: 3.26667s)[0m
[32m[09:29:37.084] [INFO] [Character]   [127] cast_2h_attack1 (Duration: 2.7s)[0m
[32m[09:29:37.084] [INFO] [Character]   [128] cast_2h_attack2 (Duration: 2.63333s)[0m
[32m[09:29:37.084] [INFO] [Character]   [129] cast_2h_attack3 (Duration: 4.3s)[0m
[32m[09:29:37.084] [INFO] [Character]   [130] cast_2h_attack4 (Duration: 3.33333s)[0m
[32m[09:29:37.084] [INFO] [Character]   [131] cast_2h_attack5 (Duration: 3.53333s)[0m
[32m[09:29:37.084] [INFO] [Character]   [132] axe1h_uppercut (Duration: 3.16667s)[0m
[32m[09:29:37.084] [INFO] [Character]   [133] axe1h_spin_high (Duration: 3.16667s)[0m
[32m[09:29:37.084] [INFO] [Character]   [134] axe1h_spin_low (Duration: 2.5s)[0m
[32m[09:29:37.084] [INFO] [Character]   [135] axe2h_mocap_combo1 (Duration: 4.66667s)[0m
[32m[09:29:37.084] [INFO] [Character]   [136] axe1h_mocap_combo2 (Duration: 4.2s)[0m
[32m[09:29:37.084] [INFO] [Character]   [137] axe1h_mocap_combo3 (Duration: 2.73333s)[0m
[32m[09:29:37.084] [INFO] [Character] =====================================[0m
[32m[09:29:37.084] [INFO] [Character] resizeController: height=1.72209 halfWidth=0.228045 maxStep=0.395407 footOffset=-0.0259939 minY=-0.0759939 maxY=1.5961[0m
[32m[09:29:37.085] [INFO] [Character]   Segment [mixamorig:Head] source=skeleton fallback he=(0.122298,0.122298,0.122298)[0m
[32m[09:29:37.085] [INFO] [Character]   Segment [mixamorig:Spine2] source=skeleton fallback he=(0.1,0.0501311,0.1)[0m
[32m[09:29:37.085] [INFO] [Character]   Segment [mixamorig:Spine1] source=skeleton fallback he=(0.1,0.04,0.1)[0m
[32m[09:29:37.085] [INFO] [Character]   Segment [mixamorig:Hips] source=skeleton fallback he=(0.1,0.085,0.1)[0m
[32m[09:29:37.085] [INFO] [Character]   Segment [mixamorig:LeftArm] source=skeleton fallback he=(0.07,0.109854,0.07)[0m
[32m[09:29:37.085] [INFO] [Character]   Segment [mixamorig:RightArm] source=skeleton fallback he=(0.07,0.109854,0.07)[0m
[32m[09:29:37.085] [INFO] [Character]   Segment [mixamorig:LeftForeArm] source=skeleton fallback he=(0.07,0.111777,0.07)[0m
[32m[09:29:37.085] [INFO] [Character]   Segment [mixamorig:RightForeArm] source=skeleton fallback he=(0.07,0.111777,0.07)[0m
[32m[09:29:37.085] [INFO] [Character]   Segment [mixamorig:LeftUpLeg] source=skeleton fallback he=(0.08,0.175601,0.08)[0m
[32m[09:29:37.085] [INFO] [Character]   Segment [mixamorig:RightUpLeg] source=skeleton fallback he=(0.08,0.175602,0.08)[0m
[32m[09:29:37.085] [INFO] [Character]   Segment [mixamorig:LeftLeg] source=skeleton fallback he=(0.08,0.17622,0.08)[0m
[32m[09:29:37.085] [INFO] [Character]   Segment [mixamorig:RightLeg] source=skeleton fallback he=(0.08,0.17622,0.08)[0m
[32m[09:29:37.085] [INFO] [Character] Built 12/8 segment collision boxes[0m
[32m[09:29:37.085] [INFO] [NPCManager] Spawned NPC 'Ada' at (-30, 18, 15)[0m
[32m[09:29:37.085] [INFO] [Character] Parsed archetype 'humanoid_normal' from resources/animated_characters/humanoid.anim[0m
[32m[09:29:37.092] [INFO] [Character] === Loaded Animations (138) ===[0m
[32m[09:29:37.092] [INFO] [Character]   [0] base_pose (Duration: 0s)[0m
[32m[09:29:37.092] [INFO] [Character]   [1] crouch_to_stand (Duration: 2.54167s)[0m
[32m[09:29:37.092] [INFO] [Character]   [2] crouched_walking (Duration: 1s)[0m
[32m[09:29:37.092] [INFO] [Character]   [3] fast_run (Duration: 0.5s)[0m
[32m[09:29:37.092] [INFO] [Character]   [4] female_start_walking (Duration: 1.83333s)[0m
[32m[09:29:37.092] [INFO] [Character]   [5] female_stop_walking (Duration: 1.5s)[0m
[32m[09:29:37.092] [INFO] [Character]   [6] floating (Duration: 3.58333s)[0m
[32m[09:29:37.092] [INFO] [Character]   [7] idle (Duration: 16.625s)[0m
[32m[09:29:37.092] [INFO] [Character]   [8] jump (Duration: 2.58333s)[0m
[32m[09:29:37.092] [INFO] [Character]   [9] jumping_down (Duration: 3.45833s)[0m
[32m[09:29:37.092] [INFO] [Character]   [10] jump_down (Duration: 3.5s)[0m
[32m[09:29:37.092] [INFO] [Character]   [11] landing (Duration: 2.08333s)[0m
[32m[09:29:37.092] [INFO] [Character]   [12] left_strafe_walk (Duration: 0.916667s)[0m
[32m[09:29:37.092] [INFO] [Character]   [13] left_strafe (Duration: 0.666667s)[0m
[32m[09:29:37.092] [INFO] [Character]   [14] left_turn (Duration: 1.16667s)[0m
[32m[09:29:37.092] [INFO] [Character]   [15] right_strafe_walk (Duration: 0.916667s)[0m
[32m[09:29:37.092] [INFO] [Character]   [16] right_strafe (Duration: 0.666667s)[0m
[32m[09:29:37.092] [INFO] [Character]   [17] right_turn (Duration: 1.16667s)[0m
[32m[09:29:37.092] [INFO] [Character]   [18] run_to_stop (Duration: 0.875s)[0m
[32m[09:29:37.092] [INFO] [Character]   [19] run (Duration: 0.666667s)[0m
[32m[09:29:37.092] [INFO] [Character]   [20] standing_to_crouched (Duration: 0.625s)[0m
[32m[09:29:37.092] [INFO] [Character]   [21] standing (Duration: 3.83333s)[0m
[32m[09:29:37.092] [INFO] [Character]   [22] unarmed_walk (Duration: 1.33333s)[0m
[32m[09:29:37.092] [INFO] [Character]   [23] walking_backward (Duration: 1.20833s)[0m
[32m[09:29:37.092] [INFO] [Character]   [24] walk (Duration: 0.958333s)[0m
[32m[09:29:37.092] [INFO] [Character]   [25] crouch_idle (Duration: 3s)[0m
[32m[09:29:37.092] [INFO] [Character]   [26] point (Duration: 1.5s)[0m
[32m[09:29:37.092] [INFO] [Character]   [27] climbing_to_top (Duration: 4s)[0m
[32m[09:29:37.092] [INFO] [Character]   [28] body_block (Duration: 3.41667s)[0m
[32m[09:29:37.092] [INFO] [Character]   [29] boxing (Duration: 1.70833s)[0m
[32m[09:29:37.092] [INFO] [Character]   [30] climbing_down (Duration: 3.41667s)[0m
[32m[09:29:37.092] [INFO] [Character]   [31] climbing_top (Duration: 4s)[0m
[32m[09:29:37.092] [INFO] [Character]   [32] stair_down (Duration: 0.916667s)[0m
[32m[09:29:37.092] [INFO] [Character]   [33] elbow_punch (Duration: 1.70833s)[0m
[32m[09:29:37.092] [INFO] [Character]   [34] headbutt (Duration: 2.08333s)[0m
[32m[09:29:37.092] [INFO] [Character]   [35] idle_looking (Duration: 7.83333s)[0m
[32m[09:29:37.092] [INFO] [Character]   [36] attack (Duration: 1.25s)[0m
[32m[09:29:37.092] [INFO] [Character]   [37] sit_to_stand (Duration: 2.25s)[0m
[32m[09:29:37.092] [INFO] [Character]   [38] sitting_idle (Duration: 6.375s)[0m
[32m[09:29:37.092] [INFO] [Character]   [39] stand_to_sit (Duration: 2.20833s)[0m
[32m[09:29:37.092] [INFO] [Character]   [40] melee_attack_down (Duration: 2.25s)[0m
[32m[09:29:37.092] [INFO] [Character]   [41] melee_attack_horizontal (Duration: 2.375s)[0m
[32m[09:29:37.092] [INFO] [Character]   [42] start_walking (Duration: 1.83333s)[0m
[32m[09:29:37.092] [INFO] [Character]   [43] talk (Duration: 5.16667s)[0m
[32m[09:29:37.092] [INFO] [Character]   [44] taunt (Duration: 2.83333s)[0m
[32m[09:29:37.092] [INFO] [Character]   [45] stair_up (Duration: 1.16667s)[0m
[32m[09:29:37.092] [INFO] [Character]   [46] wave (Duration: 0.5s)[0m
[32m[09:29:37.092] [INFO] [Character]   [47] cast_quick (Duration: 0.8s)[0m
[32m[09:29:37.092] [INFO] [Character]   [48] cast_standard (Duration: 1.6s)[0m
[32m[09:29:37.092] [INFO] [Character]   [49] cast_windup (Duration: 0.8s)[0m
[32m[09:29:37.092] [INFO] [Character]   [50] cast_loop (Duration: 1.2s)[0m
[32m[09:29:37.092] [INFO] [Character]   [51] cast_release (Duration: 0.7s)[0m
[32m[09:29:37.092] [INFO] [Character]   [52] cast_call_down (Duration: 2s)[0m
[32m[09:29:37.092] [INFO] [Character]   [53] cast_touch (Duration: 1.2s)[0m
[32m[09:29:37.092] [INFO] [Character]   [54] cast_ward (Duration: 0.5s)[0m
[32m[09:29:37.092] [INFO] [Character]   [55] melee_stab_1h (Duration: 0.9s)[0m
[32m[09:29:37.092] [INFO] [Character]   [56] melee_chop_2h (Duration: 1.3s)[0m
[32m[09:29:37.092] [INFO] [Character]   [57] melee_sweep_2h (Duration: 1.4s)[0m
[32m[09:29:37.092] [INFO] [Character]   [58] melee_thrust_spear (Duration: 1s)[0m
[32m[09:29:37.092] [INFO] [Character]   [59] melee_parry (Duration: 0.45s)[0m
[32m[09:29:37.092] [INFO] [Character]   [60] sword1h_light1 (Duration: 0.94s)[0m
[32m[09:29:37.092] [INFO] [Character]   [61] sword1h_light2 (Duration: 1.07s)[0m
[32m[09:29:37.092] [INFO] [Character]   [62] sword1h_light3 (Duration: 0.9s)[0m
[32m[09:29:37.092] [INFO] [Character]   [63] sword1h_heavy (Duration: 1.26s)[0m
[32m[09:29:37.092] [INFO] [Character]   [64] roll_forward (Duration: 2.36667s)[0m
[32m[09:29:37.092] [INFO] [Character]   [65] dive_forward (Duration: 1.2s)[0m
[32m[09:29:37.092] [INFO] [Character]   [66] hit_head (Duration: 1.43333s)[0m
[32m[09:29:37.092] [INFO] [Character]   [67] hit_stomach (Duration: 1.2s)[0m
[32m[09:29:37.092] [INFO] [Character]   [68] hit_rib (Duration: 1s)[0m
[32m[09:29:37.092] [INFO] [Character]   [69] dodge_right (Duration: 1.43333s)[0m
[32m[09:29:37.092] [INFO] [Character]   [70] death_front (Duration: 4.33333s)[0m
[32m[09:29:37.092] [INFO] [Character]   [71] death_back (Duration: 4.6s)[0m
[32m[09:29:37.092] [INFO] [Character]   [72] ko_lay (Duration: 2.13333s)[0m
[32m[09:29:37.092] [INFO] [Character]   [73] get_up (Duration: 11.4s)[0m
[32m[09:29:37.092] [INFO] [Character]   [74] kick (Duration: 1.5s)[0m
[32m[09:29:37.092] [INFO] [Character]   [75] chop_1h (Duration: 1.1s)[0m
[32m[09:29:37.092] [INFO] [Character]   [76] ogre_walk (Duration: 1.41667s)[0m
[32m[09:29:37.092] [INFO] [Character]   [77] ogre_swipe (Duration: 2.66667s)[0m
[32m[09:29:37.092] [INFO] [Character]   [78] ogre_idle (Duration: 4s)[0m
[32m[09:29:37.092] [INFO] [Character]   [79] ogre_jump_attack (Duration: 3.66667s)[0m
[32m[09:29:37.092] [INFO] [Character]   [80] hop_onto_seat (Duration: 3.875s)[0m
[32m[09:29:37.092] [INFO] [Character]   [81] scamper_walk (Duration: 1.08333s)[0m
[32m[09:29:37.092] [INFO] [Character]   [82] stomp (Duration: 1.79167s)[0m
[32m[09:29:37.092] [INFO] [Character]   [83] sword1h_light4 (Duration: 1.26s)[0m
[32m[09:29:37.092] [INFO] [Character]   [84] sword1h_mocap_combo (Duration: 4.53333s)[0m
[32m[09:29:37.092] [INFO] [Character]   [85] slash2h_idle (Duration: 2s)[0m
[32m[09:29:37.092] [INFO] [Character]   [86] slash2h_light1 (Duration: 1.26667s)[0m
[32m[09:29:37.092] [INFO] [Character]   [87] slash2h_light2 (Duration: 3.53333s)[0m
[32m[09:29:37.092] [INFO] [Character]   [88] slash2h_light3 (Duration: 1.83333s)[0m
[32m[09:29:37.092] [INFO] [Character]   [89] slash2h_light4 (Duration: 1.8s)[0m
[32m[09:29:37.092] [INFO] [Character]   [90] slash2h_light5 (Duration: 1.43333s)[0m
[32m[09:29:37.092] [INFO] [Character]   [91] slash2h_heavy (Duration: 1.2s)[0m
[32m[09:29:37.092] [INFO] [Character]   [92] slash2h_block1 (Duration: 0.5s)[0m
[32m[09:29:37.092] [INFO] [Character]   [93] slash2h_block2 (Duration: 0.966667s)[0m
[32m[09:29:37.092] [INFO] [Character]   [94] slash2h_block3 (Duration: 0.5s)[0m
[32m[09:29:37.092] [INFO] [Character]   [95] blunt2h_heavy (Duration: 5.2s)[0m
[32m[09:29:37.092] [INFO] [Character]   [96] dagger1h_light1 (Duration: 2.13333s)[0m
[32m[09:29:37.092] [INFO] [Character]   [97] dagger1h_light2 (Duration: 2.36667s)[0m
[32m[09:29:37.092] [INFO] [Character]   [98] dagger1h_light3 (Duration: 2.63333s)[0m
[32m[09:29:37.092] [INFO] [Character]   [99] bow_idle (Duration: 5.1s)[0m
[32m[09:29:37.092] [INFO] [Character]   [100] bow_draw (Duration: 1.03333s)[0m
[32m[09:29:37.092] [INFO] [Character]   [101] bow_aim_overdraw (Duration: 3.76667s)[0m
[32m[09:29:37.092] [INFO] [Character]   [102] bow_release_recoil (Duration: 0.7s)[0m
[32m[09:29:37.092] [INFO] [Character]   [103] bow_aim_walk_forward (Duration: 1.2s)[0m
[32m[09:29:37.092] [INFO] [Character]   [104] bow_aim_walk_back (Duration: 1.46667s)[0m
[32m[09:29:37.092] [INFO] [Character]   [105] bow_aim_walk_left (Duration: 1.2s)[0m
[32m[09:29:37.093] [INFO] [Character]   [106] bow_aim_walk_right (Duration: 1.3s)[0m
[32m[09:29:37.093] [INFO] [Character]   [107] mining_wall_strike (Duration: 2.26667s)[0m
[32m[09:29:37.093] [INFO] [Character]   [108] digging_ground (Duration: 4.83333s)[0m
[32m[09:29:37.093] [INFO] [Character]   [109] woodchop_horizontal (Duration: 2.4s)[0m
[32m[09:29:37.093] [INFO] [Character]   [110] blunt1h_mocap_combo (Duration: 3.63333s)[0m
[32m[09:29:37.093] [INFO] [Character]   [111] blunt2h_mocap_combo (Duration: 5.43333s)[0m
[32m[09:29:37.093] [INFO] [Character]   [112] blunt1h_light1 (Duration: 1.1s)[0m
[32m[09:29:37.093] [INFO] [Character]   [113] blunt1h_light2 (Duration: 0.87s)[0m
[32m[09:29:37.093] [INFO] [Character]   [114] blunt1h_light3 (Duration: 0.74s)[0m
[32m[09:29:37.093] [INFO] [Character]   [115] blunt1h_light4 (Duration: 1.13s)[0m
[32m[09:29:37.093] [INFO] [Character]   [116] blunt2h_light1 (Duration: 1.5s)[0m
[32m[09:29:37.093] [INFO] [Character]   [117] blunt2h_light2 (Duration: 1.2s)[0m
[32m[09:29:37.093] [INFO] [Character]   [118] blunt2h_light3 (Duration: 1.07s)[0m
[32m[09:29:37.093] [INFO] [Character]   [119] blunt2h_light4 (Duration: 0.93s)[0m
[32m[09:29:37.093] [INFO] [Character]   [120] cast_1h_spell1 (Duration: 2.26667s)[0m
[32m[09:29:37.093] [INFO] [Character]   [121] cast_1h_attack1 (Duration: 2.3s)[0m
[32m[09:29:37.093] [INFO] [Character]   [122] cast_1h_attack2 (Duration: 2.2s)[0m
[32m[09:29:37.093] [INFO] [Character]   [123] cast_1h_attack3 (Duration: 2.3s)[0m
[32m[09:29:37.093] [INFO] [Character]   [124] cast_2h_spell1 (Duration: 2.16667s)[0m
[32m[09:29:37.093] [INFO] [Character]   [125] cast_2h_area1 (Duration: 2.96667s)[0m
[32m[09:29:37.093] [INFO] [Character]   [126] cast_2h_area2 (Duration: 3.26667s)[0m
[32m[09:29:37.093] [INFO] [Character]   [127] cast_2h_attack1 (Duration: 2.7s)[0m
[32m[09:29:37.093] [INFO] [Character]   [128] cast_2h_attack2 (Duration: 2.63333s)[0m
[32m[09:29:37.093] [INFO] [Character]   [129] cast_2h_attack3 (Duration: 4.3s)[0m
[32m[09:29:37.093] [INFO] [Character]   [130] cast_2h_attack4 (Duration: 3.33333s)[0m
[32m[09:29:37.093] [INFO] [Character]   [131] cast_2h_attack5 (Duration: 3.53333s)[0m
[32m[09:29:37.093] [INFO] [Character]   [132] axe1h_uppercut (Duration: 3.16667s)[0m
[32m[09:29:37.093] [INFO] [Character]   [133] axe1h_spin_high (Duration: 3.16667s)[0m
[32m[09:29:37.093] [INFO] [Character]   [134] axe1h_spin_low (Duration: 2.5s)[0m
[32m[09:29:37.093] [INFO] [Character]   [135] axe2h_mocap_combo1 (Duration: 4.66667s)[0m
[32m[09:29:37.093] [INFO] [Character]   [136] axe1h_mocap_combo2 (Duration: 4.2s)[0m
[32m[09:29:37.093] [INFO] [Character]   [137] axe1h_mocap_combo3 (Duration: 2.73333s)[0m
[32m[09:29:37.093] [INFO] [Character] =====================================[0m
[32m[09:29:37.093] [INFO] [Character] resizeController: height=1.81256 halfWidth=0.235083 maxStep=0.427154 footOffset=-0.0549844 minY=-0.104984 maxY=1.65758[0m
[32m[09:29:37.093] [INFO] [Character]   Segment [mixamorig:Head] source=skeleton fallback he=(0.123206,0.123206,0.123206)[0m
[32m[09:29:37.093] [INFO] [Character]   Segment [mixamorig:Spine2] source=skeleton fallback he=(0.1,0.0562799,0.1)[0m
[32m[09:29:37.093] [INFO] [Character]   Segment [mixamorig:Spine1] source=skeleton fallback he=(0.1,0.04,0.1)[0m
[32m[09:29:37.093] [INFO] [Character]   Segment [mixamorig:Hips] source=skeleton fallback he=(0.1,0.0887647,0.1)[0m
[32m[09:29:37.093] [INFO] [Character]   Segment [mixamorig:LeftArm] source=skeleton fallback he=(0.07,0.113065,0.07)[0m
[32m[09:29:37.093] [INFO] [Character]   Segment [mixamorig:RightArm] source=skeleton fallback he=(0.07,0.113065,0.07)[0m
[32m[09:29:37.093] [INFO] [Character]   Segment [mixamorig:LeftForeArm] source=skeleton fallback he=(0.07,0.115044,0.07)[0m
[32m[09:29:37.093] [INFO] [Character]   Segment [mixamorig:RightForeArm] source=skeleton fallback he=(0.07,0.115044,0.07)[0m
[32m[09:29:37.093] [INFO] [Character]   Segment [mixamorig:LeftUpLeg] source=skeleton fallback he=(0.08,0.20493,0.08)[0m
[32m[09:29:37.093] [INFO] [Character]   Segment [mixamorig:RightUpLeg] source=skeleton fallback he=(0.08,0.204931,0.08)[0m
[32m[09:29:37.093] [INFO] [Character]   Segment [mixamorig:LeftLeg] source=skeleton fallback he=(0.08,0.205653,0.08)[0m
[32m[09:29:37.093] [INFO] [Character]   Segment [mixamorig:RightLeg] source=skeleton fallback he=(0.08,0.205653,0.08)[0m
[32m[09:29:37.093] [INFO] [Character] Built 12/8 segment collision boxes[0m
[32m[09:29:37.093] [INFO] [NPCManager] Spawned NPC 'Tam' at (-2, 18, 16)[0m
[32m[09:29:37.093] [INFO] [Character] Parsed archetype 'humanoid_normal' from resources/animated_characters/humanoid.anim[0m
[32m[09:29:37.100] [INFO] [Character] === Loaded Animations (138) ===[0m
[32m[09:29:37.100] [INFO] [Character]   [0] base_pose (Duration: 0s)[0m
[32m[09:29:37.100] [INFO] [Character]   [1] crouch_to_stand (Duration: 2.54167s)[0m
[32m[09:29:37.100] [INFO] [Character]   [2] crouched_walking (Duration: 1s)[0m
[32m[09:29:37.100] [INFO] [Character]   [3] fast_run (Duration: 0.5s)[0m
[32m[09:29:37.100] [INFO] [Character]   [4] female_start_walking (Duration: 1.83333s)[0m
[32m[09:29:37.100] [INFO] [Character]   [5] female_stop_walking (Duration: 1.5s)[0m
[32m[09:29:37.100] [INFO] [Character]   [6] floating (Duration: 3.58333s)[0m
[32m[09:29:37.100] [INFO] [Character]   [7] idle (Duration: 16.625s)[0m
[32m[09:29:37.100] [INFO] [Character]   [8] jump (Duration: 2.58333s)[0m
[32m[09:29:37.100] [INFO] [Character]   [9] jumping_down (Duration: 3.45833s)[0m
[32m[09:29:37.100] [INFO] [Character]   [10] jump_down (Duration: 3.5s)[0m
[32m[09:29:37.100] [INFO] [Character]   [11] landing (Duration: 2.08333s)[0m
[32m[09:29:37.100] [INFO] [Character]   [12] left_strafe_walk (Duration: 0.916667s)[0m
[32m[09:29:37.100] [INFO] [Character]   [13] left_strafe (Duration: 0.666667s)[0m
[32m[09:29:37.100] [INFO] [Character]   [14] left_turn (Duration: 1.16667s)[0m
[32m[09:29:37.100] [INFO] [Character]   [15] right_strafe_walk (Duration: 0.916667s)[0m
[32m[09:29:37.100] [INFO] [Character]   [16] right_strafe (Duration: 0.666667s)[0m
[32m[09:29:37.100] [INFO] [Character]   [17] right_turn (Duration: 1.16667s)[0m
[32m[09:29:37.100] [INFO] [Character]   [18] run_to_stop (Duration: 0.875s)[0m
[32m[09:29:37.100] [INFO] [Character]   [19] run (Duration: 0.666667s)[0m
[32m[09:29:37.100] [INFO] [Character]   [20] standing_to_crouched (Duration: 0.625s)[0m
[32m[09:29:37.100] [INFO] [Character]   [21] standing (Duration: 3.83333s)[0m
[32m[09:29:37.100] [INFO] [Character]   [22] unarmed_walk (Duration: 1.33333s)[0m
[32m[09:29:37.100] [INFO] [Character]   [23] walking_backward (Duration: 1.20833s)[0m
[32m[09:29:37.100] [INFO] [Character]   [24] walk (Duration: 0.958333s)[0m
[32m[09:29:37.100] [INFO] [Character]   [25] crouch_idle (Duration: 3s)[0m
[32m[09:29:37.100] [INFO] [Character]   [26] point (Duration: 1.5s)[0m
[32m[09:29:37.100] [INFO] [Character]   [27] climbing_to_top (Duration: 4s)[0m
[32m[09:29:37.100] [INFO] [Character]   [28] body_block (Duration: 3.41667s)[0m
[32m[09:29:37.100] [INFO] [Character]   [29] boxing (Duration: 1.70833s)[0m
[32m[09:29:37.100] [INFO] [Character]   [30] climbing_down (Duration: 3.41667s)[0m
[32m[09:29:37.100] [INFO] [Character]   [31] climbing_top (Duration: 4s)[0m
[32m[09:29:37.100] [INFO] [Character]   [32] stair_down (Duration: 0.916667s)[0m
[32m[09:29:37.100] [INFO] [Character]   [33] elbow_punch (Duration: 1.70833s)[0m
[32m[09:29:37.100] [INFO] [Character]   [34] headbutt (Duration: 2.08333s)[0m
[32m[09:29:37.100] [INFO] [Character]   [35] idle_looking (Duration: 7.83333s)[0m
[32m[09:29:37.100] [INFO] [Character]   [36] attack (Duration: 1.25s)[0m
[32m[09:29:37.100] [INFO] [Character]   [37] sit_to_stand (Duration: 2.25s)[0m
[32m[09:29:37.100] [INFO] [Character]   [38] sitting_idle (Duration: 6.375s)[0m
[32m[09:29:37.100] [INFO] [Character]   [39] stand_to_sit (Duration: 2.20833s)[0m
[32m[09:29:37.100] [INFO] [Character]   [40] melee_attack_down (Duration: 2.25s)[0m
[32m[09:29:37.100] [INFO] [Character]   [41] melee_attack_horizontal (Duration: 2.375s)[0m
[32m[09:29:37.100] [INFO] [Character]   [42] start_walking (Duration: 1.83333s)[0m
[32m[09:29:37.100] [INFO] [Character]   [43] talk (Duration: 5.16667s)[0m
[32m[09:29:37.100] [INFO] [Character]   [44] taunt (Duration: 2.83333s)[0m
[32m[09:29:37.100] [INFO] [Character]   [45] stair_up (Duration: 1.16667s)[0m
[32m[09:29:37.100] [INFO] [Character]   [46] wave (Duration: 0.5s)[0m
[32m[09:29:37.100] [INFO] [Character]   [47] cast_quick (Duration: 0.8s)[0m
[32m[09:29:37.100] [INFO] [Character]   [48] cast_standard (Duration: 1.6s)[0m
[32m[09:29:37.100] [INFO] [Character]   [49] cast_windup (Duration: 0.8s)[0m
[32m[09:29:37.100] [INFO] [Character]   [50] cast_loop (Duration: 1.2s)[0m
[32m[09:29:37.100] [INFO] [Character]   [51] cast_release (Duration: 0.7s)[0m
[32m[09:29:37.100] [INFO] [Character]   [52] cast_call_down (Duration: 2s)[0m
[32m[09:29:37.100] [INFO] [Character]   [53] cast_touch (Duration: 1.2s)[0m
[32m[09:29:37.100] [INFO] [Character]   [54] cast_ward (Duration: 0.5s)[0m
[32m[09:29:37.100] [INFO] [Character]   [55] melee_stab_1h (Duration: 0.9s)[0m
[32m[09:29:37.100] [INFO] [Character]   [56] melee_chop_2h (Duration: 1.3s)[0m
[32m[09:29:37.100] [INFO] [Character]   [57] melee_sweep_2h (Duration: 1.4s)[0m
[32m[09:29:37.100] [INFO] [Character]   [58] melee_thrust_spear (Duration: 1s)[0m
[32m[09:29:37.100] [INFO] [Character]   [59] melee_parry (Duration: 0.45s)[0m
[32m[09:29:37.100] [INFO] [Character]   [60] sword1h_light1 (Duration: 0.94s)[0m
[32m[09:29:37.100] [INFO] [Character]   [61] sword1h_light2 (Duration: 1.07s)[0m
[32m[09:29:37.100] [INFO] [Character]   [62] sword1h_light3 (Duration: 0.9s)[0m
[32m[09:29:37.100] [INFO] [Character]   [63] sword1h_heavy (Duration: 1.26s)[0m
[32m[09:29:37.100] [INFO] [Character]   [64] roll_forward (Duration: 2.36667s)[0m
[32m[09:29:37.100] [INFO] [Character]   [65] dive_forward (Duration: 1.2s)[0m
[32m[09:29:37.101] [INFO] [Character]   [66] hit_head (Duration: 1.43333s)[0m
[32m[09:29:37.101] [INFO] [Character]   [67] hit_stomach (Duration: 1.2s)[0m
[32m[09:29:37.101] [INFO] [Character]   [68] hit_rib (Duration: 1s)[0m
[32m[09:29:37.101] [INFO] [Character]   [69] dodge_right (Duration: 1.43333s)[0m
[32m[09:29:37.101] [INFO] [Character]   [70] death_front (Duration: 4.33333s)[0m
[32m[09:29:37.101] [INFO] [Character]   [71] death_back (Duration: 4.6s)[0m
[32m[09:29:37.101] [INFO] [Character]   [72] ko_lay (Duration: 2.13333s)[0m
[32m[09:29:37.101] [INFO] [Character]   [73] get_up (Duration: 11.4s)[0m
[32m[09:29:37.101] [INFO] [Character]   [74] kick (Duration: 1.5s)[0m
[32m[09:29:37.101] [INFO] [Character]   [75] chop_1h (Duration: 1.1s)[0m
[32m[09:29:37.101] [INFO] [Character]   [76] ogre_walk (Duration: 1.41667s)[0m
[32m[09:29:37.101] [INFO] [Character]   [77] ogre_swipe (Duration: 2.66667s)[0m
[32m[09:29:37.101] [INFO] [Character]   [78] ogre_idle (Duration: 4s)[0m
[32m[09:29:37.101] [INFO] [Character]   [79] ogre_jump_attack (Duration: 3.66667s)[0m
[32m[09:29:37.101] [INFO] [Character]   [80] hop_onto_seat (Duration: 3.875s)[0m
[32m[09:29:37.101] [INFO] [Character]   [81] scamper_walk (Duration: 1.08333s)[0m
[32m[09:29:37.101] [INFO] [Character]   [82] stomp (Duration: 1.79167s)[0m
[32m[09:29:37.101] [INFO] [Character]   [83] sword1h_light4 (Duration: 1.26s)[0m
[32m[09:29:37.101] [INFO] [Character]   [84] sword1h_mocap_combo (Duration: 4.53333s)[0m
[32m[09:29:37.101] [INFO] [Character]   [85] slash2h_idle (Duration: 2s)[0m
[32m[09:29:37.101] [INFO] [Character]   [86] slash2h_light1 (Duration: 1.26667s)[0m
[32m[09:29:37.101] [INFO] [Character]   [87] slash2h_light2 (Duration: 3.53333s)[0m
[32m[09:29:37.101] [INFO] [Character]   [88] slash2h_light3 (Duration: 1.83333s)[0m
[32m[09:29:37.101] [INFO] [Character]   [89] slash2h_light4 (Duration: 1.8s)[0m
[32m[09:29:37.101] [INFO] [Character]   [90] slash2h_light5 (Duration: 1.43333s)[0m
[32m[09:29:37.101] [INFO] [Character]   [91] slash2h_heavy (Duration: 1.2s)[0m
[32m[09:29:37.101] [INFO] [Character]   [92] slash2h_block1 (Duration: 0.5s)[0m
[32m[09:29:37.101] [INFO] [Character]   [93] slash2h_block2 (Duration: 0.966667s)[0m
[32m[09:29:37.101] [INFO] [Character]   [94] slash2h_block3 (Duration: 0.5s)[0m
[32m[09:29:37.101] [INFO] [Character]   [95] blunt2h_heavy (Duration: 5.2s)[0m
[32m[09:29:37.101] [INFO] [Character]   [96] dagger1h_light1 (Duration: 2.13333s)[0m
[32m[09:29:37.101] [INFO] [Character]   [97] dagger1h_light2 (Duration: 2.36667s)[0m
[32m[09:29:37.101] [INFO] [Character]   [98] dagger1h_light3 (Duration: 2.63333s)[0m
[32m[09:29:37.101] [INFO] [Character]   [99] bow_idle (Duration: 5.1s)[0m
[32m[09:29:37.101] [INFO] [Character]   [100] bow_draw (Duration: 1.03333s)[0m
[32m[09:29:37.101] [INFO] [Character]   [101] bow_aim_overdraw (Duration: 3.76667s)[0m
[32m[09:29:37.101] [INFO] [Character]   [102] bow_release_recoil (Duration: 0.7s)[0m
[32m[09:29:37.101] [INFO] [Character]   [103] bow_aim_walk_forward (Duration: 1.2s)[0m
[32m[09:29:37.101] [INFO] [Character]   [104] bow_aim_walk_back (Duration: 1.46667s)[0m
[32m[09:29:37.101] [INFO] [Character]   [105] bow_aim_walk_left (Duration: 1.2s)[0m
[32m[09:29:37.101] [INFO] [Character]   [106] bow_aim_walk_right (Duration: 1.3s)[0m
[32m[09:29:37.101] [INFO] [Character]   [107] mining_wall_strike (Duration: 2.26667s)[0m
[32m[09:29:37.101] [INFO] [Character]   [108] digging_ground (Duration: 4.83333s)[0m
[32m[09:29:37.101] [INFO] [Character]   [109] woodchop_horizontal (Duration: 2.4s)[0m
[32m[09:29:37.101] [INFO] [Character]   [110] blunt1h_mocap_combo (Duration: 3.63333s)[0m
[32m[09:29:37.101] [INFO] [Character]   [111] blunt2h_mocap_combo (Duration: 5.43333s)[0m
[32m[09:29:37.101] [INFO] [Character]   [112] blunt1h_light1 (Duration: 1.1s)[0m
[32m[09:29:37.101] [INFO] [Character]   [113] blunt1h_light2 (Duration: 0.87s)[0m
[32m[09:29:37.101] [INFO] [Character]   [114] blunt1h_light3 (Duration: 0.74s)[0m
[32m[09:29:37.101] [INFO] [Character]   [115] blunt1h_light4 (Duration: 1.13s)[0m
[32m[09:29:37.101] [INFO] [Character]   [116] blunt2h_light1 (Duration: 1.5s)[0m
[32m[09:29:37.101] [INFO] [Character]   [117] blunt2h_light2 (Duration: 1.2s)[0m
[32m[09:29:37.101] [INFO] [Character]   [118] blunt2h_light3 (Duration: 1.07s)[0m
[32m[09:29:37.101] [INFO] [Character]   [119] blunt2h_light4 (Duration: 0.93s)[0m
[32m[09:29:37.101] [INFO] [Character]   [120] cast_1h_spell1 (Duration: 2.26667s)[0m
[32m[09:29:37.101] [INFO] [Character]   [121] cast_1h_attack1 (Duration: 2.3s)[0m
[32m[09:29:37.101] [INFO] [Character]   [122] cast_1h_attack2 (Duration: 2.2s)[0m
[32m[09:29:37.101] [INFO] [Character]   [123] cast_1h_attack3 (Duration: 2.3s)[0m
[32m[09:29:37.101] [INFO] [Character]   [124] cast_2h_spell1 (Duration: 2.16667s)[0m
[32m[09:29:37.101] [INFO] [Character]   [125] cast_2h_area1 (Duration: 2.96667s)[0m
[32m[09:29:37.101] [INFO] [Character]   [126] cast_2h_area2 (Duration: 3.26667s)[0m
[32m[09:29:37.101] [INFO] [Character]   [127] cast_2h_attack1 (Duration: 2.7s)[0m
[32m[09:29:37.101] [INFO] [Character]   [128] cast_2h_attack2 (Duration: 2.63333s)[0m
[32m[09:29:37.101] [INFO] [Character]   [129] cast_2h_attack3 (Duration: 4.3s)[0m
[32m[09:29:37.101] [INFO] [Character]   [130] cast_2h_attack4 (Duration: 3.33333s)[0m
[32m[09:29:37.101] [INFO] [Character]   [131] cast_2h_attack5 (Duration: 3.53333s)[0m
[32m[09:29:37.101] [INFO] [Character]   [132] axe1h_uppercut (Duration: 3.16667s)[0m
[32m[09:29:37.101] [INFO] [Character]   [133] axe1h_spin_high (Duration: 3.16667s)[0m
[32m[09:29:37.101] [INFO] [Character]   [134] axe1h_spin_low (Duration: 2.5s)[0m
[32m[09:29:37.101] [INFO] [Character]   [135] axe2h_mocap_combo1 (Duration: 4.66667s)[0m
[32m[09:29:37.101] [INFO] [Character]   [136] axe1h_mocap_combo2 (Duration: 4.2s)[0m
[32m[09:29:37.101] [INFO] [Character]   [137] axe1h_mocap_combo3 (Duration: 2.73333s)[0m
[32m[09:29:37.101] [INFO] [Character] =====================================[0m
[32m[09:29:37.101] [INFO] [Character] resizeController: height=1.96759 halfWidth=0.252451 maxStep=0.476237 footOffset=-0.0191791 minY=-0.0691791 maxY=1.84841[0m
[32m[09:29:37.101] [INFO] [Character]   Segment [mixamorig:Head] source=skeleton fallback he=(0.121167,0.121167,0.121167)[0m
[32m[09:29:37.102] [INFO] [Character]   Segment [mixamorig:Spine2] source=skeleton fallback he=(0.1,0.0620307,0.1)[0m
[32m[09:29:37.102] [INFO] [Character]   Segment [mixamorig:Spine1] source=skeleton fallback he=(0.1,0.0458233,0.1)[0m
[32m[09:29:37.102] [INFO] [Character]   Segment [mixamorig:Hips] source=skeleton fallback he=(0.1,0.102529,0.1)[0m
[32m[09:29:37.102] [INFO] [Character]   Segment [mixamorig:LeftArm] source=skeleton fallback he=(0.07,0.152017,0.07)[0m
[32m[09:29:37.102] [INFO] [Character]   Segment [mixamorig:RightArm] source=skeleton fallback he=(0.07,0.152017,0.07)[0m
[32m[09:29:37.102] [INFO] [Character]   Segment [mixamorig:LeftForeArm] source=skeleton fallback he=(0.07,0.154678,0.07)[0m
[32m[09:29:37.102] [INFO] [Character]   Segment [mixamorig:RightForeArm] source=skeleton fallback he=(0.07,0.154678,0.07)[0m
[32m[09:29:37.102] [INFO] [Character]   Segment [mixamorig:LeftUpLeg] source=skeleton fallback he=(0.08,0.254732,0.08)[0m
[32m[09:29:37.102] [INFO] [Character]   Segment [mixamorig:RightUpLeg] source=skeleton fallback he=(0.08,0.254733,0.08)[0m
[32m[09:29:37.102] [INFO] [Character]   Segment [mixamorig:LeftLeg] source=skeleton fallback he=(0.08,0.255631,0.08)[0m
[32m[09:29:37.102] [INFO] [Character]   Segment [mixamorig:RightLeg] source=skeleton fallback he=(0.08,0.25563,0.08)[0m
[32m[09:29:37.102] [INFO] [Character] Built 12/8 segment collision boxes[0m
[32m[09:29:37.102] [INFO] [NPCManager] Spawned NPC 'Old Moll' at (20, 18, 14)[0m
[32m[09:29:37.102] [INFO] [Character] Parsed archetype 'humanoid_normal' from resources/animated_characters/humanoid.anim[0m
[32m[09:29:37.108] [INFO] [Character] === Loaded Animations (138) ===[0m
[32m[09:29:37.108] [INFO] [Character]   [0] base_pose (Duration: 0s)[0m
[32m[09:29:37.108] [INFO] [Character]   [1] crouch_to_stand (Duration: 2.54167s)[0m
[32m[09:29:37.108] [INFO] [Character]   [2] crouched_walking (Duration: 1s)[0m
[32m[09:29:37.109] [INFO] [Character]   [3] fast_run (Duration: 0.5s)[0m
[32m[09:29:37.109] [INFO] [Character]   [4] female_start_walking (Duration: 1.83333s)[0m
[32m[09:29:37.109] [INFO] [Character]   [5] female_stop_walking (Duration: 1.5s)[0m
[32m[09:29:37.109] [INFO] [Character]   [6] floating (Duration: 3.58333s)[0m
[32m[09:29:37.109] [INFO] [Character]   [7] idle (Duration: 16.625s)[0m
[32m[09:29:37.109] [INFO] [Character]   [8] jump (Duration: 2.58333s)[0m
[32m[09:29:37.109] [INFO] [Character]   [9] jumping_down (Duration: 3.45833s)[0m
[32m[09:29:37.109] [INFO] [Character]   [10] jump_down (Duration: 3.5s)[0m
[32m[09:29:37.109] [INFO] [Character]   [11] landing (Duration: 2.08333s)[0m
[32m[09:29:37.109] [INFO] [Character]   [12] left_strafe_walk (Duration: 0.916667s)[0m
[32m[09:29:37.109] [INFO] [Character]   [13] left_strafe (Duration: 0.666667s)[0m
[32m[09:29:37.109] [INFO] [Character]   [14] left_turn (Duration: 1.16667s)[0m
[32m[09:29:37.109] [INFO] [Character]   [15] right_strafe_walk (Duration: 0.916667s)[0m
[32m[09:29:37.109] [INFO] [Character]   [16] right_strafe (Duration: 0.666667s)[0m
[32m[09:29:37.109] [INFO] [Character]   [17] right_turn (Duration: 1.16667s)[0m
[32m[09:29:37.109] [INFO] [Character]   [18] run_to_stop (Duration: 0.875s)[0m
[32m[09:29:37.109] [INFO] [Character]   [19] run (Duration: 0.666667s)[0m
[32m[09:29:37.109] [INFO] [Character]   [20] standing_to_crouched (Duration: 0.625s)[0m
[32m[09:29:37.109] [INFO] [Character]   [21] standing (Duration: 3.83333s)[0m
[32m[09:29:37.109] [INFO] [Character]   [22] unarmed_walk (Duration: 1.33333s)[0m
[32m[09:29:37.109] [INFO] [Character]   [23] walking_backward (Duration: 1.20833s)[0m
[32m[09:29:37.109] [INFO] [Character]   [24] walk (Duration: 0.958333s)[0m
[32m[09:29:37.109] [INFO] [Character]   [25] crouch_idle (Duration: 3s)[0m
[32m[09:29:37.109] [INFO] [Character]   [26] point (Duration: 1.5s)[0m
[32m[09:29:37.109] [INFO] [Character]   [27] climbing_to_top (Duration: 4s)[0m
[32m[09:29:37.109] [INFO] [Character]   [28] body_block (Duration: 3.41667s)[0m
[32m[09:29:37.109] [INFO] [Character]   [29] boxing (Duration: 1.70833s)[0m
[32m[09:29:37.109] [INFO] [Character]   [30] climbing_down (Duration: 3.41667s)[0m
[32m[09:29:37.109] [INFO] [Character]   [31] climbing_top (Duration: 4s)[0m
[32m[09:29:37.109] [INFO] [Character]   [32] stair_down (Duration: 0.916667s)[0m
[32m[09:29:37.109] [INFO] [Character]   [33] elbow_punch (Duration: 1.70833s)[0m
[32m[09:29:37.109] [INFO] [Character]   [34] headbutt (Duration: 2.08333s)[0m
[32m[09:29:37.109] [INFO] [Character]   [35] idle_looking (Duration: 7.83333s)[0m
[32m[09:29:37.109] [INFO] [Character]   [36] attack (Duration: 1.25s)[0m
[32m[09:29:37.109] [INFO] [Character]   [37] sit_to_stand (Duration: 2.25s)[0m
[32m[09:29:37.109] [INFO] [Character]   [38] sitting_idle (Duration: 6.375s)[0m
[32m[09:29:37.109] [INFO] [Character]   [39] stand_to_sit (Duration: 2.20833s)[0m
[32m[09:29:37.109] [INFO] [Character]   [40] melee_attack_down (Duration: 2.25s)[0m
[32m[09:29:37.109] [INFO] [Character]   [41] melee_attack_horizontal (Duration: 2.375s)[0m
[32m[09:29:37.109] [INFO] [Character]   [42] start_walking (Duration: 1.83333s)[0m
[32m[09:29:37.109] [INFO] [Character]   [43] talk (Duration: 5.16667s)[0m
[32m[09:29:37.109] [INFO] [Character]   [44] taunt (Duration: 2.83333s)[0m
[32m[09:29:37.109] [INFO] [Character]   [45] stair_up (Duration: 1.16667s)[0m
[32m[09:29:37.109] [INFO] [Character]   [46] wave (Duration: 0.5s)[0m
[32m[09:29:37.109] [INFO] [Character]   [47] cast_quick (Duration: 0.8s)[0m
[32m[09:29:37.109] [INFO] [Character]   [48] cast_standard (Duration: 1.6s)[0m
[32m[09:29:37.109] [INFO] [Character]   [49] cast_windup (Duration: 0.8s)[0m
[32m[09:29:37.109] [INFO] [Character]   [50] cast_loop (Duration: 1.2s)[0m
[32m[09:29:37.109] [INFO] [Character]   [51] cast_release (Duration: 0.7s)[0m
[32m[09:29:37.109] [INFO] [Character]   [52] cast_call_down (Duration: 2s)[0m
[32m[09:29:37.109] [INFO] [Character]   [53] cast_touch (Duration: 1.2s)[0m
[32m[09:29:37.109] [INFO] [Character]   [54] cast_ward (Duration: 0.5s)[0m
[32m[09:29:37.109] [INFO] [Character]   [55] melee_stab_1h (Duration: 0.9s)[0m
[32m[09:29:37.109] [INFO] [Character]   [56] melee_chop_2h (Duration: 1.3s)[0m
[32m[09:29:37.109] [INFO] [Character]   [57] melee_sweep_2h (Duration: 1.4s)[0m
[32m[09:29:37.109] [INFO] [Character]   [58] melee_thrust_spear (Duration: 1s)[0m
[32m[09:29:37.109] [INFO] [Character]   [59] melee_parry (Duration: 0.45s)[0m
[32m[09:29:37.109] [INFO] [Character]   [60] sword1h_light1 (Duration: 0.94s)[0m
[32m[09:29:37.109] [INFO] [Character]   [61] sword1h_light2 (Duration: 1.07s)[0m
[32m[09:29:37.109] [INFO] [Character]   [62] sword1h_light3 (Duration: 0.9s)[0m
[32m[09:29:37.109] [INFO] [Character]   [63] sword1h_heavy (Duration: 1.26s)[0m
[32m[09:29:37.109] [INFO] [Character]   [64] roll_forward (Duration: 2.36667s)[0m
[32m[09:29:37.109] [INFO] [Character]   [65] dive_forward (Duration: 1.2s)[0m
[32m[09:29:37.109] [INFO] [Character]   [66] hit_head (Duration: 1.43333s)[0m
[32m[09:29:37.109] [INFO] [Character]   [67] hit_stomach (Duration: 1.2s)[0m
[32m[09:29:37.109] [INFO] [Character]   [68] hit_rib (Duration: 1s)[0m
[32m[09:29:37.109] [INFO] [Character]   [69] dodge_right (Duration: 1.43333s)[0m
[32m[09:29:37.109] [INFO] [Character]   [70] death_front (Duration: 4.33333s)[0m
[32m[09:29:37.109] [INFO] [Character]   [71] death_back (Duration: 4.6s)[0m
[32m[09:29:37.109] [INFO] [Character]   [72] ko_lay (Duration: 2.13333s)[0m
[32m[09:29:37.109] [INFO] [Character]   [73] get_up (Duration: 11.4s)[0m
[32m[09:29:37.109] [INFO] [Character]   [74] kick (Duration: 1.5s)[0m
[32m[09:29:37.109] [INFO] [Character]   [75] chop_1h (Duration: 1.1s)[0m
[32m[09:29:37.109] [INFO] [Character]   [76] ogre_walk (Duration: 1.41667s)[0m
[32m[09:29:37.109] [INFO] [Character]   [77] ogre_swipe (Duration: 2.66667s)[0m
[32m[09:29:37.109] [INFO] [Character]   [78] ogre_idle (Duration: 4s)[0m
[32m[09:29:37.109] [INFO] [Character]   [79] ogre_jump_attack (Duration: 3.66667s)[0m
[32m[09:29:37.109] [INFO] [Character]   [80] hop_onto_seat (Duration: 3.875s)[0m
[32m[09:29:37.109] [INFO] [Character]   [81] scamper_walk (Duration: 1.08333s)[0m
[32m[09:29:37.109] [INFO] [Character]   [82] stomp (Duration: 1.79167s)[0m
[32m[09:29:37.109] [INFO] [Character]   [83] sword1h_light4 (Duration: 1.26s)[0m
[32m[09:29:37.109] [INFO] [Character]   [84] sword1h_mocap_combo (Duration: 4.53333s)[0m
[32m[09:29:37.109] [INFO] [Character]   [85] slash2h_idle (Duration: 2s)[0m
[32m[09:29:37.109] [INFO] [Character]   [86] slash2h_light1 (Duration: 1.26667s)[0m
[32m[09:29:37.109] [INFO] [Character]   [87] slash2h_light2 (Duration: 3.53333s)[0m
[32m[09:29:37.109] [INFO] [Character]   [88] slash2h_light3 (Duration: 1.83333s)[0m
[32m[09:29:37.109] [INFO] [Character]   [89] slash2h_light4 (Duration: 1.8s)[0m
[32m[09:29:37.109] [INFO] [Character]   [90] slash2h_light5 (Duration: 1.43333s)[0m
[32m[09:29:37.109] [INFO] [Character]   [91] slash2h_heavy (Duration: 1.2s)[0m
[32m[09:29:37.109] [INFO] [Character]   [92] slash2h_block1 (Duration: 0.5s)[0m
[32m[09:29:37.109] [INFO] [Character]   [93] slash2h_block2 (Duration: 0.966667s)[0m
[32m[09:29:37.109] [INFO] [Character]   [94] slash2h_block3 (Duration: 0.5s)[0m
[32m[09:29:37.109] [INFO] [Character]   [95] blunt2h_heavy (Duration: 5.2s)[0m
[32m[09:29:37.109] [INFO] [Character]   [96] dagger1h_light1 (Duration: 2.13333s)[0m
[32m[09:29:37.109] [INFO] [Character]   [97] dagger1h_light2 (Duration: 2.36667s)[0m
[32m[09:29:37.109] [INFO] [Character]   [98] dagger1h_light3 (Duration: 2.63333s)[0m
[32m[09:29:37.109] [INFO] [Character]   [99] bow_idle (Duration: 5.1s)[0m
[32m[09:29:37.109] [INFO] [Character]   [100] bow_draw (Duration: 1.03333s)[0m
[32m[09:29:37.109] [INFO] [Character]   [101] bow_aim_overdraw (Duration: 3.76667s)[0m
[32m[09:29:37.109] [INFO] [Character]   [102] bow_release_recoil (Duration: 0.7s)[0m
[32m[09:29:37.109] [INFO] [Character]   [103] bow_aim_walk_forward (Duration: 1.2s)[0m
[32m[09:29:37.109] [INFO] [Character]   [104] bow_aim_walk_back (Duration: 1.46667s)[0m
[32m[09:29:37.109] [INFO] [Character]   [105] bow_aim_walk_left (Duration: 1.2s)[0m
[32m[09:29:37.109] [INFO] [Character]   [106] bow_aim_walk_right (Duration: 1.3s)[0m
[32m[09:29:37.109] [INFO] [Character]   [107] mining_wall_strike (Duration: 2.26667s)[0m
[32m[09:29:37.109] [INFO] [Character]   [108] digging_ground (Duration: 4.83333s)[0m
[32m[09:29:37.109] [INFO] [Character]   [109] woodchop_horizontal (Duration: 2.4s)[0m
[32m[09:29:37.109] [INFO] [Character]   [110] blunt1h_mocap_combo (Duration: 3.63333s)[0m
[32m[09:29:37.109] [INFO] [Character]   [111] blunt2h_mocap_combo (Duration: 5.43333s)[0m
[32m[09:29:37.109] [INFO] [Character]   [112] blunt1h_light1 (Duration: 1.1s)[0m
[32m[09:29:37.109] [INFO] [Character]   [113] blunt1h_light2 (Duration: 0.87s)[0m
[32m[09:29:37.109] [INFO] [Character]   [114] blunt1h_light3 (Duration: 0.74s)[0m
[32m[09:29:37.109] [INFO] [Character]   [115] blunt1h_light4 (Duration: 1.13s)[0m
[32m[09:29:37.109] [INFO] [Character]   [116] blunt2h_light1 (Duration: 1.5s)[0m
[32m[09:29:37.109] [INFO] [Character]   [117] blunt2h_light2 (Duration: 1.2s)[0m
[32m[09:29:37.109] [INFO] [Character]   [118] blunt2h_light3 (Duration: 1.07s)[0m
[32m[09:29:37.109] [INFO] [Character]   [119] blunt2h_light4 (Duration: 0.93s)[0m
[32m[09:29:37.109] [INFO] [Character]   [120] cast_1h_spell1 (Duration: 2.26667s)[0m
[32m[09:29:37.110] [INFO] [Character]   [121] cast_1h_attack1 (Duration: 2.3s)[0m
[32m[09:29:37.110] [INFO] [Character]   [122] cast_1h_attack2 (Duration: 2.2s)[0m
[32m[09:29:37.110] [INFO] [Character]   [123] cast_1h_attack3 (Duration: 2.3s)[0m
[32m[09:29:37.110] [INFO] [Character]   [124] cast_2h_spell1 (Duration: 2.16667s)[0m
[32m[09:29:37.110] [INFO] [Character]   [125] cast_2h_area1 (Duration: 2.96667s)[0m
[32m[09:29:37.110] [INFO] [Character]   [126] cast_2h_area2 (Duration: 3.26667s)[0m
[32m[09:29:37.110] [INFO] [Character]   [127] cast_2h_attack1 (Duration: 2.7s)[0m
[32m[09:29:37.110] [INFO] [Character]   [128] cast_2h_attack2 (Duration: 2.63333s)[0m
[32m[09:29:37.110] [INFO] [Character]   [129] cast_2h_attack3 (Duration: 4.3s)[0m
[32m[09:29:37.110] [INFO] [Character]   [130] cast_2h_attack4 (Duration: 3.33333s)[0m
[32m[09:29:37.110] [INFO] [Character]   [131] cast_2h_attack5 (Duration: 3.53333s)[0m
[32m[09:29:37.110] [INFO] [Character]   [132] axe1h_uppercut (Duration: 3.16667s)[0m
[32m[09:29:37.110] [INFO] [Character]   [133] axe1h_spin_high (Duration: 3.16667s)[0m
[32m[09:29:37.110] [INFO] [Character]   [134] axe1h_spin_low (Duration: 2.5s)[0m
[32m[09:29:37.110] [INFO] [Character]   [135] axe2h_mocap_combo1 (Duration: 4.66667s)[0m
[32m[09:29:37.110] [INFO] [Character]   [136] axe1h_mocap_combo2 (Duration: 4.2s)[0m
[32m[09:29:37.110] [INFO] [Character]   [137] axe1h_mocap_combo3 (Duration: 2.73333s)[0m
[32m[09:29:37.110] [INFO] [Character] =====================================[0m
[32m[09:29:37.110] [INFO] [Character] resizeController: height=1.82827 halfWidth=0.258865 maxStep=0.402909 footOffset=0.0977297 minY=0.0477296 maxY=1.826[0m
[32m[09:29:37.110] [INFO] [Character]   Segment [mixamorig:Head] source=skeleton fallback he=(0.110776,0.110776,0.110776)[0m
[32m[09:29:37.110] [INFO] [Character]   Segment [mixamorig:Spine2] source=skeleton fallback he=(0.1,0.0726009,0.1)[0m
[32m[09:29:37.110] [INFO] [Character]   Segment [mixamorig:Spine1] source=skeleton fallback he=(0.1,0.0518002,0.1)[0m
[32m[09:29:37.110] [INFO] [Character]   Segment [mixamorig:Hips] source=skeleton fallback he=(0.1,0.1,0.0984118)[0m
[32m[09:29:37.110] [INFO] [Character]   Segment [mixamorig:LeftArm] source=skeleton fallback he=(0.07,0.147476,0.07)[0m
[32m[09:29:37.110] [INFO] [Character]   Segment [mixamorig:RightArm] source=skeleton fallback he=(0.07,0.147476,0.07)[0m
[32m[09:29:37.110] [INFO] [Character]   Segment [mixamorig:LeftForeArm] source=skeleton fallback he=(0.07,0.150058,0.07)[0m
[32m[09:29:37.110] [INFO] [Character]   Segment [mixamorig:RightForeArm] source=skeleton fallback he=(0.07,0.150058,0.07)[0m
[32m[09:29:37.110] [INFO] [Character]   Segment [mixamorig:LeftUpLeg] source=skeleton fallback he=(0.08,0.182328,0.08)[0m
[32m[09:29:37.110] [INFO] [Character]   Segment [mixamorig:RightUpLeg] source=skeleton fallback he=(0.08,0.182328,0.08)[0m
[32m[09:29:37.110] [INFO] [Character]   Segment [mixamorig:LeftLeg] source=skeleton fallback he=(0.08,0.182971,0.08)[0m
[32m[09:29:37.110] [INFO] [Character]   Segment [mixamorig:RightLeg] source=skeleton fallback he=(0.08,0.18297,0.08)[0m
[32m[09:29:37.110] [INFO] [Character] Built 12/8 segment collision boxes[0m
[32m[09:29:37.110] [INFO] [NPCManager] Spawned NPC 'Gerrit' at (40, 18, 16)[0m
[32m[09:29:37.110] [INFO] [Character] Parsed archetype 'humanoid_normal' from resources/animated_characters/humanoid.anim[0m
[32m[09:29:37.117] [INFO] [Character] === Loaded Animations (138) ===[0m
[32m[09:29:37.117] [INFO] [Character]   [0] base_pose (Duration: 0s)[0m
[32m[09:29:37.117] [INFO] [Character]   [1] crouch_to_stand (Duration: 2.54167s)[0m
[32m[09:29:37.117] [INFO] [Character]   [2] crouched_walking (Duration: 1s)[0m
[32m[09:29:37.117] [INFO] [Character]   [3] fast_run (Duration: 0.5s)[0m
[32m[09:29:37.117] [INFO] [Character]   [4] female_start_walking (Duration: 1.83333s)[0m
[32m[09:29:37.117] [INFO] [Character]   [5] female_stop_walking (Duration: 1.5s)[0m
[32m[09:29:37.117] [INFO] [Character]   [6] floating (Duration: 3.58333s)[0m
[32m[09:29:37.117] [INFO] [Character]   [7] idle (Duration: 16.625s)[0m
[32m[09:29:37.117] [INFO] [Character]   [8] jump (Duration: 2.58333s)[0m
[32m[09:29:37.117] [INFO] [Character]   [9] jumping_down (Duration: 3.45833s)[0m
[32m[09:29:37.117] [INFO] [Character]   [10] jump_down (Duration: 3.5s)[0m
[32m[09:29:37.117] [INFO] [Character]   [11] landing (Duration: 2.08333s)[0m
[32m[09:29:37.117] [INFO] [Character]   [12] left_strafe_walk (Duration: 0.916667s)[0m
[32m[09:29:37.117] [INFO] [Character]   [13] left_strafe (Duration: 0.666667s)[0m
[32m[09:29:37.117] [INFO] [Character]   [14] left_turn (Duration: 1.16667s)[0m
[32m[09:29:37.117] [INFO] [Character]   [15] right_strafe_walk (Duration: 0.916667s)[0m
[32m[09:29:37.117] [INFO] [Character]   [16] right_strafe (Duration: 0.666667s)[0m
[32m[09:29:37.117] [INFO] [Character]   [17] right_turn (Duration: 1.16667s)[0m
[32m[09:29:37.117] [INFO] [Character]   [18] run_to_stop (Duration: 0.875s)[0m
[32m[09:29:37.117] [INFO] [Character]   [19] run (Duration: 0.666667s)[0m
[32m[09:29:37.117] [INFO] [Character]   [20] standing_to_crouched (Duration: 0.625s)[0m
[32m[09:29:37.117] [INFO] [Character]   [21] standing (Duration: 3.83333s)[0m
[32m[09:29:37.117] [INFO] [Character]   [22] unarmed_walk (Duration: 1.33333s)[0m
[32m[09:29:37.117] [INFO] [Character]   [23] walking_backward (Duration: 1.20833s)[0m
[32m[09:29:37.117] [INFO] [Character]   [24] walk (Duration: 0.958333s)[0m
[32m[09:29:37.117] [INFO] [Character]   [25] crouch_idle (Duration: 3s)[0m
[32m[09:29:37.117] [INFO] [Character]   [26] point (Duration: 1.5s)[0m
[32m[09:29:37.117] [INFO] [Character]   [27] climbing_to_top (Duration: 4s)[0m
[32m[09:29:37.117] [INFO] [Character]   [28] body_block (Duration: 3.41667s)[0m
[32m[09:29:37.117] [INFO] [Character]   [29] boxing (Duration: 1.70833s)[0m
[32m[09:29:37.117] [INFO] [Character]   [30] climbing_down (Duration: 3.41667s)[0m
[32m[09:29:37.117] [INFO] [Character]   [31] climbing_top (Duration: 4s)[0m
[32m[09:29:37.117] [INFO] [Character]   [32] stair_down (Duration: 0.916667s)[0m
[32m[09:29:37.117] [INFO] [Character]   [33] elbow_punch (Duration: 1.70833s)[0m
[32m[09:29:37.117] [INFO] [Character]   [34] headbutt (Duration: 2.08333s)[0m
[32m[09:29:37.117] [INFO] [Character]   [35] idle_looking (Duration: 7.83333s)[0m
[32m[09:29:37.117] [INFO] [Character]   [36] attack (Duration: 1.25s)[0m
[32m[09:29:37.117] [INFO] [Character]   [37] sit_to_stand (Duration: 2.25s)[0m
[32m[09:29:37.117] [INFO] [Character]   [38] sitting_idle (Duration: 6.375s)[0m
[32m[09:29:37.117] [INFO] [Character]   [39] stand_to_sit (Duration: 2.20833s)[0m
[32m[09:29:37.117] [INFO] [Character]   [40] melee_attack_down (Duration: 2.25s)[0m
[32m[09:29:37.117] [INFO] [Character]   [41] melee_attack_horizontal (Duration: 2.375s)[0m
[32m[09:29:37.117] [INFO] [Character]   [42] start_walking (Duration: 1.83333s)[0m
[32m[09:29:37.117] [INFO] [Character]   [43] talk (Duration: 5.16667s)[0m
[32m[09:29:37.117] [INFO] [Character]   [44] taunt (Duration: 2.83333s)[0m
[32m[09:29:37.117] [INFO] [Character]   [45] stair_up (Duration: 1.16667s)[0m
[32m[09:29:37.117] [INFO] [Character]   [46] wave (Duration: 0.5s)[0m
[32m[09:29:37.117] [INFO] [Character]   [47] cast_quick (Duration: 0.8s)[0m
[32m[09:29:37.117] [INFO] [Character]   [48] cast_standard (Duration: 1.6s)[0m
[32m[09:29:37.117] [INFO] [Character]   [49] cast_windup (Duration: 0.8s)[0m
[32m[09:29:37.117] [INFO] [Character]   [50] cast_loop (Duration: 1.2s)[0m
[32m[09:29:37.117] [INFO] [Character]   [51] cast_release (Duration: 0.7s)[0m
[32m[09:29:37.117] [INFO] [Character]   [52] cast_call_down (Duration: 2s)[0m
[32m[09:29:37.117] [INFO] [Character]   [53] cast_touch (Duration: 1.2s)[0m
[32m[09:29:37.117] [INFO] [Character]   [54] cast_ward (Duration: 0.5s)[0m
[32m[09:29:37.117] [INFO] [Character]   [55] melee_stab_1h (Duration: 0.9s)[0m
[32m[09:29:37.117] [INFO] [Character]   [56] melee_chop_2h (Duration: 1.3s)[0m
[32m[09:29:37.117] [INFO] [Character]   [57] melee_sweep_2h (Duration: 1.4s)[0m
[32m[09:29:37.117] [INFO] [Character]   [58] melee_thrust_spear (Duration: 1s)[0m
[32m[09:29:37.117] [INFO] [Character]   [59] melee_parry (Duration: 0.45s)[0m
[32m[09:29:37.117] [INFO] [Character]   [60] sword1h_light1 (Duration: 0.94s)[0m
[32m[09:29:37.117] [INFO] [Character]   [61] sword1h_light2 (Duration: 1.07s)[0m
[32m[09:29:37.117] [INFO] [Character]   [62] sword1h_light3 (Duration: 0.9s)[0m
[32m[09:29:37.117] [INFO] [Character]   [63] sword1h_heavy (Duration: 1.26s)[0m
[32m[09:29:37.117] [INFO] [Character]   [64] roll_forward (Duration: 2.36667s)[0m
[32m[09:29:37.117] [INFO] [Character]   [65] dive_forward (Duration: 1.2s)[0m
[32m[09:29:37.117] [INFO] [Character]   [66] hit_head (Duration: 1.43333s)[0m
[32m[09:29:37.117] [INFO] [Character]   [67] hit_stomach (Duration: 1.2s)[0m
[32m[09:29:37.118] [INFO] [Character]   [68] hit_rib (Duration: 1s)[0m
[32m[09:29:37.118] [INFO] [Character]   [69] dodge_right (Duration: 1.43333s)[0m
[32m[09:29:37.118] [INFO] [Character]   [70] death_front (Duration: 4.33333s)[0m
[32m[09:29:37.118] [INFO] [Character]   [71] death_back (Duration: 4.6s)[0m
[32m[09:29:37.118] [INFO] [Character]   [72] ko_lay (Duration: 2.13333s)[0m
[32m[09:29:37.118] [INFO] [Character]   [73] get_up (Duration: 11.4s)[0m
[32m[09:29:37.118] [INFO] [Character]   [74] kick (Duration: 1.5s)[0m
[32m[09:29:37.118] [INFO] [Character]   [75] chop_1h (Duration: 1.1s)[0m
[32m[09:29:37.118] [INFO] [Character]   [76] ogre_walk (Duration: 1.41667s)[0m
[32m[09:29:37.118] [INFO] [Character]   [77] ogre_swipe (Duration: 2.66667s)[0m
[32m[09:29:37.118] [INFO] [Character]   [78] ogre_idle (Duration: 4s)[0m
[32m[09:29:37.118] [INFO] [Character]   [79] ogre_jump_attack (Duration: 3.66667s)[0m
[32m[09:29:37.118] [INFO] [Character]   [80] hop_onto_seat (Duration: 3.875s)[0m
[32m[09:29:37.118] [INFO] [Character]   [81] scamper_walk (Duration: 1.08333s)[0m
[32m[09:29:37.118] [INFO] [Character]   [82] stomp (Duration: 1.79167s)[0m
[32m[09:29:37.118] [INFO] [Character]   [83] sword1h_light4 (Duration: 1.26s)[0m
[32m[09:29:37.118] [INFO] [Character]   [84] sword1h_mocap_combo (Duration: 4.53333s)[0m
[32m[09:29:37.118] [INFO] [Character]   [85] slash2h_idle (Duration: 2s)[0m
[32m[09:29:37.118] [INFO] [Character]   [86] slash2h_light1 (Duration: 1.26667s)[0m
[32m[09:29:37.118] [INFO] [Character]   [87] slash2h_light2 (Duration: 3.53333s)[0m
[32m[09:29:37.118] [INFO] [Character]   [88] slash2h_light3 (Duration: 1.83333s)[0m
[32m[09:29:37.118] [INFO] [Character]   [89] slash2h_light4 (Duration: 1.8s)[0m
[32m[09:29:37.118] [INFO] [Character]   [90] slash2h_light5 (Duration: 1.43333s)[0m
[32m[09:29:37.118] [INFO] [Character]   [91] slash2h_heavy (Duration: 1.2s)[0m
[32m[09:29:37.118] [INFO] [Character]   [92] slash2h_block1 (Duration: 0.5s)[0m
[32m[09:29:37.118] [INFO] [Character]   [93] slash2h_block2 (Duration: 0.966667s)[0m
[32m[09:29:37.118] [INFO] [Character]   [94] slash2h_block3 (Duration: 0.5s)[0m
[32m[09:29:37.118] [INFO] [Character]   [95] blunt2h_heavy (Duration: 5.2s)[0m
[32m[09:29:37.118] [INFO] [Character]   [96] dagger1h_light1 (Duration: 2.13333s)[0m
[32m[09:29:37.118] [INFO] [Character]   [97] dagger1h_light2 (Duration: 2.36667s)[0m
[32m[09:29:37.118] [INFO] [Character]   [98] dagger1h_light3 (Duration: 2.63333s)[0m
[32m[09:29:37.118] [INFO] [Character]   [99] bow_idle (Duration: 5.1s)[0m
[32m[09:29:37.118] [INFO] [Character]   [100] bow_draw (Duration: 1.03333s)[0m
[32m[09:29:37.118] [INFO] [Character]   [101] bow_aim_overdraw (Duration: 3.76667s)[0m
[32m[09:29:37.118] [INFO] [Character]   [102] bow_release_recoil (Duration: 0.7s)[0m
[32m[09:29:37.118] [INFO] [Character]   [103] bow_aim_walk_forward (Duration: 1.2s)[0m
[32m[09:29:37.118] [INFO] [Character]   [104] bow_aim_walk_back (Duration: 1.46667s)[0m
[32m[09:29:37.118] [INFO] [Character]   [105] bow_aim_walk_left (Duration: 1.2s)[0m
[32m[09:29:37.118] [INFO] [Character]   [106] bow_aim_walk_right (Duration: 1.3s)[0m
[32m[09:29:37.118] [INFO] [Character]   [107] mining_wall_strike (Duration: 2.26667s)[0m
[32m[09:29:37.118] [INFO] [Character]   [108] digging_ground (Duration: 4.83333s)[0m
[32m[09:29:37.118] [INFO] [Character]   [109] woodchop_horizontal (Duration: 2.4s)[0m
[32m[09:29:37.118] [INFO] [Character]   [110] blunt1h_mocap_combo (Duration: 3.63333s)[0m
[32m[09:29:37.118] [INFO] [Character]   [111] blunt2h_mocap_combo (Duration: 5.43333s)[0m
[32m[09:29:37.118] [INFO] [Character]   [112] blunt1h_light1 (Duration: 1.1s)[0m
[32m[09:29:37.118] [INFO] [Character]   [113] blunt1h_light2 (Duration: 0.87s)[0m
[32m[09:29:37.118] [INFO] [Character]   [114] blunt1h_light3 (Duration: 0.74s)[0m
[32m[09:29:37.118] [INFO] [Character]   [115] blunt1h_light4 (Duration: 1.13s)[0m
[32m[09:29:37.118] [INFO] [Character]   [116] blunt2h_light1 (Duration: 1.5s)[0m
[32m[09:29:37.118] [INFO] [Character]   [117] blunt2h_light2 (Duration: 1.2s)[0m
[32m[09:29:37.118] [INFO] [Character]   [118] blunt2h_light3 (Duration: 1.07s)[0m
[32m[09:29:37.118] [INFO] [Character]   [119] blunt2h_light4 (Duration: 0.93s)[0m
[32m[09:29:37.118] [INFO] [Character]   [120] cast_1h_spell1 (Duration: 2.26667s)[0m
[32m[09:29:37.118] [INFO] [Character]   [121] cast_1h_attack1 (Duration: 2.3s)[0m
[32m[09:29:37.118] [INFO] [Character]   [122] cast_1h_attack2 (Duration: 2.2s)[0m
[32m[09:29:37.118] [INFO] [Character]   [123] cast_1h_attack3 (Duration: 2.3s)[0m
[32m[09:29:37.118] [INFO] [Character]   [124] cast_2h_spell1 (Duration: 2.16667s)[0m
[32m[09:29:37.118] [INFO] [Character]   [125] cast_2h_area1 (Duration: 2.96667s)[0m
[32m[09:29:37.118] [INFO] [Character]   [126] cast_2h_area2 (Duration: 3.26667s)[0m
[32m[09:29:37.118] [INFO] [Character]   [127] cast_2h_attack1 (Duration: 2.7s)[0m
[32m[09:29:37.118] [INFO] [Character]   [128] cast_2h_attack2 (Duration: 2.63333s)[0m
[32m[09:29:37.118] [INFO] [Character]   [129] cast_2h_attack3 (Duration: 4.3s)[0m
[32m[09:29:37.118] [INFO] [Character]   [130] cast_2h_attack4 (Duration: 3.33333s)[0m
[32m[09:29:37.118] [INFO] [Character]   [131] cast_2h_attack5 (Duration: 3.53333s)[0m
[32m[09:29:37.118] [INFO] [Character]   [132] axe1h_uppercut (Duration: 3.16667s)[0m
[32m[09:29:37.118] [INFO] [Character]   [133] axe1h_spin_high (Duration: 3.16667s)[0m
[32m[09:29:37.118] [INFO] [Character]   [134] axe1h_spin_low (Duration: 2.5s)[0m
[32m[09:29:37.118] [INFO] [Character]   [135] axe2h_mocap_combo1 (Duration: 4.66667s)[0m
[32m[09:29:37.118] [INFO] [Character]   [136] axe1h_mocap_combo2 (Duration: 4.2s)[0m
[32m[09:29:37.118] [INFO] [Character]   [137] axe1h_mocap_combo3 (Duration: 2.73333s)[0m
[32m[09:29:37.118] [INFO] [Character] =====================================[0m
[32m[09:29:37.118] [INFO] [Character] resizeController: height=1.91343 halfWidth=0.252346 maxStep=0.462982 footOffset=-0.00417362 minY=-0.0541736 maxY=1.80926[0m
[32m[09:29:37.119] [INFO] [Character]   Segment [mixamorig:Head] source=skeleton fallback he=(0.122979,0.122979,0.122979)[0m
[32m[09:29:37.119] [INFO] [Character]   Segment [mixamorig:Spine2] source=skeleton fallback he=(0.1,0.0618781,0.1)[0m
[32m[09:29:37.119] [INFO] [Character]   Segment [mixamorig:Spine1] source=skeleton fallback he=(0.1,0.04089,0.1)[0m
[32m[09:29:37.119] [INFO] [Character]   Segment [mixamorig:Hips] source=skeleton fallback he=(0.1,0.101118,0.1)[0m
[32m[09:29:37.119] [INFO] [Character]   Segment [mixamorig:LeftArm] source=skeleton fallback he=(0.07,0.13539,0.07)[0m
[32m[09:29:37.119] [INFO] [Character]   Segment [mixamorig:RightArm] source=skeleton fallback he=(0.07,0.13539,0.07)[0m
[32m[09:29:37.119] [INFO] [Character]   Segment [mixamorig:LeftForeArm] source=skeleton fallback he=(0.07,0.13776,0.07)[0m
[32m[09:29:37.119] [INFO] [Character]   Segment [mixamorig:RightForeArm] source=skeleton fallback he=(0.07,0.13776,0.07)[0m
[32m[09:29:37.119] [INFO] [Character]   Segment [mixamorig:LeftUpLeg] source=skeleton fallback he=(0.08,0.24075,0.08)[0m
[32m[09:29:37.119] [INFO] [Character]   Segment [mixamorig:RightUpLeg] source=skeleton fallback he=(0.08,0.240751,0.08)[0m
[32m[09:29:37.119] [INFO] [Character]   Segment [mixamorig:LeftLeg] source=skeleton fallback he=(0.08,0.241599,0.08)[0m
[32m[09:29:37.119] [INFO] [Character]   Segment [mixamorig:RightLeg] source=skeleton fallback he=(0.08,0.241599,0.08)[0m
[32m[09:29:37.119] [INFO] [Character] Built 12/8 segment collision boxes[0m
[32m[09:29:37.119] [INFO] [NPCManager] Spawned NPC 'Pell' at (52, 18, 14)[0m
[32m[09:29:37.119] [INFO] [Character] Parsed archetype 'humanoid_normal' from resources/animated_characters/humanoid.anim[0m
[32m[09:29:37.126] [INFO] [Character] === Loaded Animations (138) ===[0m
[32m[09:29:37.126] [INFO] [Character]   [0] base_pose (Duration: 0s)[0m
[32m[09:29:37.126] [INFO] [Character]   [1] crouch_to_stand (Duration: 2.54167s)[0m
[32m[09:29:37.126] [INFO] [Character]   [2] crouched_walking (Duration: 1s)[0m
[32m[09:29:37.126] [INFO] [Character]   [3] fast_run (Duration: 0.5s)[0m
[32m[09:29:37.126] [INFO] [Character]   [4] female_start_walking (Duration: 1.83333s)[0m
[32m[09:29:37.126] [INFO] [Character]   [5] female_stop_walking (Duration: 1.5s)[0m
[32m[09:29:37.126] [INFO] [Character]   [6] floating (Duration: 3.58333s)[0m
[32m[09:29:37.126] [INFO] [Character]   [7] idle (Duration: 16.625s)[0m
[32m[09:29:37.126] [INFO] [Character]   [8] jump (Duration: 2.58333s)[0m
[32m[09:29:37.126] [INFO] [Character]   [9] jumping_down (Duration: 3.45833s)[0m
[32m[09:29:37.126] [INFO] [Character]   [10] jump_down (Duration: 3.5s)[0m
[32m[09:29:37.126] [INFO] [Character]   [11] landing (Duration: 2.08333s)[0m
[32m[09:29:37.126] [INFO] [Character]   [12] left_strafe_walk (Duration: 0.916667s)[0m
[32m[09:29:37.126] [INFO] [Character]   [13] left_strafe (Duration: 0.666667s)[0m
[32m[09:29:37.126] [INFO] [Character]   [14] left_turn (Duration: 1.16667s)[0m
[32m[09:29:37.126] [INFO] [Character]   [15] right_strafe_walk (Duration: 0.916667s)[0m
[32m[09:29:37.126] [INFO] [Character]   [16] right_strafe (Duration: 0.666667s)[0m
[32m[09:29:37.126] [INFO] [Character]   [17] right_turn (Duration: 1.16667s)[0m
[32m[09:29:37.126] [INFO] [Character]   [18] run_to_stop (Duration: 0.875s)[0m
[32m[09:29:37.126] [INFO] [Character]   [19] run (Duration: 0.666667s)[0m
[32m[09:29:37.126] [INFO] [Character]   [20] standing_to_crouched (Duration: 0.625s)[0m
[32m[09:29:37.126] [INFO] [Character]   [21] standing (Duration: 3.83333s)[0m
[32m[09:29:37.126] [INFO] [Character]   [22] unarmed_walk (Duration: 1.33333s)[0m
[32m[09:29:37.126] [INFO] [Character]   [23] walking_backward (Duration: 1.20833s)[0m
[32m[09:29:37.126] [INFO] [Character]   [24] walk (Duration: 0.958333s)[0m
[32m[09:29:37.126] [INFO] [Character]   [25] crouch_idle (Duration: 3s)[0m
[32m[09:29:37.126] [INFO] [Character]   [26] point (Duration: 1.5s)[0m
[32m[09:29:37.126] [INFO] [Character]   [27] climbing_to_top (Duration: 4s)[0m
[32m[09:29:37.126] [INFO] [Character]   [28] body_block (Duration: 3.41667s)[0m
[32m[09:29:37.126] [INFO] [Character]   [29] boxing (Duration: 1.70833s)[0m
[32m[09:29:37.126] [INFO] [Character]   [30] climbing_down (Duration: 3.41667s)[0m
[32m[09:29:37.126] [INFO] [Character]   [31] climbing_top (Duration: 4s)[0m
[32m[09:29:37.126] [INFO] [Character]   [32] stair_down (Duration: 0.916667s)[0m
[32m[09:29:37.126] [INFO] [Character]   [33] elbow_punch (Duration: 1.70833s)[0m
[32m[09:29:37.126] [INFO] [Character]   [34] headbutt (Duration: 2.08333s)[0m
[32m[09:29:37.126] [INFO] [Character]   [35] idle_looking (Duration: 7.83333s)[0m
[32m[09:29:37.126] [INFO] [Character]   [36] attack (Duration: 1.25s)[0m
[32m[09:29:37.126] [INFO] [Character]   [37] sit_to_stand (Duration: 2.25s)[0m
[32m[09:29:37.126] [INFO] [Character]   [38] sitting_idle (Duration: 6.375s)[0m
[32m[09:29:37.126] [INFO] [Character]   [39] stand_to_sit (Duration: 2.20833s)[0m
[32m[09:29:37.126] [INFO] [Character]   [40] melee_attack_down (Duration: 2.25s)[0m
[32m[09:29:37.126] [INFO] [Character]   [41] melee_attack_horizontal (Duration: 2.375s)[0m
[32m[09:29:37.126] [INFO] [Character]   [42] start_walking (Duration: 1.83333s)[0m
[32m[09:29:37.126] [INFO] [Character]   [43] talk (Duration: 5.16667s)[0m
[32m[09:29:37.126] [INFO] [Character]   [44] taunt (Duration: 2.83333s)[0m
[32m[09:29:37.126] [INFO] [Character]   [45] stair_up (Duration: 1.16667s)[0m
[32m[09:29:37.126] [INFO] [Character]   [46] wave (Duration: 0.5s)[0m
[32m[09:29:37.126] [INFO] [Character]   [47] cast_quick (Duration: 0.8s)[0m
[32m[09:29:37.126] [INFO] [Character]   [48] cast_standard (Duration: 1.6s)[0m
[32m[09:29:37.126] [INFO] [Character]   [49] cast_windup (Duration: 0.8s)[0m
[32m[09:29:37.126] [INFO] [Character]   [50] cast_loop (Duration: 1.2s)[0m
[32m[09:29:37.126] [INFO] [Character]   [51] cast_release (Duration: 0.7s)[0m
[32m[09:29:37.126] [INFO] [Character]   [52] cast_call_down (Duration: 2s)[0m
[32m[09:29:37.126] [INFO] [Character]   [53] cast_touch (Duration: 1.2s)[0m
[32m[09:29:37.126] [INFO] [Character]   [54] cast_ward (Duration: 0.5s)[0m
[32m[09:29:37.126] [INFO] [Character]   [55] melee_stab_1h (Duration: 0.9s)[0m
[32m[09:29:37.126] [INFO] [Character]   [56] melee_chop_2h (Duration: 1.3s)[0m
[32m[09:29:37.126] [INFO] [Character]   [57] melee_sweep_2h (Duration: 1.4s)[0m
[32m[09:29:37.126] [INFO] [Character]   [58] melee_thrust_spear (Duration: 1s)[0m
[32m[09:29:37.126] [INFO] [Character]   [59] melee_parry (Duration: 0.45s)[0m
[32m[09:29:37.126] [INFO] [Character]   [60] sword1h_light1 (Duration: 0.94s)[0m
[32m[09:29:37.127] [INFO] [Character]   [61] sword1h_light2 (Duration: 1.07s)[0m
[32m[09:29:37.127] [INFO] [Character]   [62] sword1h_light3 (Duration: 0.9s)[0m
[32m[09:29:37.127] [INFO] [Character]   [63] sword1h_heavy (Duration: 1.26s)[0m
[32m[09:29:37.127] [INFO] [Character]   [64] roll_forward (Duration: 2.36667s)[0m
[32m[09:29:37.127] [INFO] [Character]   [65] dive_forward (Duration: 1.2s)[0m
[32m[09:29:37.127] [INFO] [Character]   [66] hit_head (Duration: 1.43333s)[0m
[32m[09:29:37.127] [INFO] [Character]   [67] hit_stomach (Duration: 1.2s)[0m
[32m[09:29:37.127] [INFO] [Character]   [68] hit_rib (Duration: 1s)[0m
[32m[09:29:37.127] [INFO] [Character]   [69] dodge_right (Duration: 1.43333s)[0m
[32m[09:29:37.127] [INFO] [Character]   [70] death_front (Duration: 4.33333s)[0m
[32m[09:29:37.127] [INFO] [Character]   [71] death_back (Duration: 4.6s)[0m
[32m[09:29:37.127] [INFO] [Character]   [72] ko_lay (Duration: 2.13333s)[0m
[32m[09:29:37.127] [INFO] [Character]   [73] get_up (Duration: 11.4s)[0m
[32m[09:29:37.127] [INFO] [Character]   [74] kick (Duration: 1.5s)[0m
[32m[09:29:37.127] [INFO] [Character]   [75] chop_1h (Duration: 1.1s)[0m
[32m[09:29:37.127] [INFO] [Character]   [76] ogre_walk (Duration: 1.41667s)[0m
[32m[09:29:37.127] [INFO] [Character]   [77] ogre_swipe (Duration: 2.66667s)[0m
[32m[09:29:37.127] [INFO] [Character]   [78] ogre_idle (Duration: 4s)[0m
[32m[09:29:37.127] [INFO] [Character]   [79] ogre_jump_attack (Duration: 3.66667s)[0m
[32m[09:29:37.127] [INFO] [Character]   [80] hop_onto_seat (Duration: 3.875s)[0m
[32m[09:29:37.127] [INFO] [Character]   [81] scamper_walk (Duration: 1.08333s)[0m
[32m[09:29:37.127] [INFO] [Character]   [82] stomp (Duration: 1.79167s)[0m
[32m[09:29:37.127] [INFO] [Character]   [83] sword1h_light4 (Duration: 1.26s)[0m
[32m[09:29:37.127] [INFO] [Character]   [84] sword1h_mocap_combo (Duration: 4.53333s)[0m
[32m[09:29:37.127] [INFO] [Character]   [85] slash2h_idle (Duration: 2s)[0m
[32m[09:29:37.127] [INFO] [Character]   [86] slash2h_light1 (Duration: 1.26667s)[0m
[32m[09:29:37.127] [INFO] [Character]   [87] slash2h_light2 (Duration: 3.53333s)[0m
[32m[09:29:37.127] [INFO] [Character]   [88] slash2h_light3 (Duration: 1.83333s)[0m
[32m[09:29:37.127] [INFO] [Character]   [89] slash2h_light4 (Duration: 1.8s)[0m
[32m[09:29:37.127] [INFO] [Character]   [90] slash2h_light5 (Duration: 1.43333s)[0m
[32m[09:29:37.127] [INFO] [Character]   [91] slash2h_heavy (Duration: 1.2s)[0m
[32m[09:29:37.127] [INFO] [Character]   [92] slash2h_block1 (Duration: 0.5s)[0m
[32m[09:29:37.127] [INFO] [Character]   [93] slash2h_block2 (Duration: 0.966667s)[0m
[32m[09:29:37.127] [INFO] [Character]   [94] slash2h_block3 (Duration: 0.5s)[0m
[32m[09:29:37.127] [INFO] [Character]   [95] blunt2h_heavy (Duration: 5.2s)[0m
[32m[09:29:37.127] [INFO] [Character]   [96] dagger1h_light1 (Duration: 2.13333s)[0m
[32m[09:29:37.127] [INFO] [Character]   [97] dagger1h_light2 (Duration: 2.36667s)[0m
[32m[09:29:37.127] [INFO] [Character]   [98] dagger1h_light3 (Duration: 2.63333s)[0m
[32m[09:29:37.127] [INFO] [Character]   [99] bow_idle (Duration: 5.1s)[0m
[32m[09:29:37.127] [INFO] [Character]   [100] bow_draw (Duration: 1.03333s)[0m
[32m[09:29:37.127] [INFO] [Character]   [101] bow_aim_overdraw (Duration: 3.76667s)[0m
[32m[09:29:37.127] [INFO] [Character]   [102] bow_release_recoil (Duration: 0.7s)[0m
[32m[09:29:37.127] [INFO] [Character]   [103] bow_aim_walk_forward (Duration: 1.2s)[0m
[32m[09:29:37.127] [INFO] [Character]   [104] bow_aim_walk_back (Duration: 1.46667s)[0m
[32m[09:29:37.127] [INFO] [Character]   [105] bow_aim_walk_left (Duration: 1.2s)[0m
[32m[09:29:37.127] [INFO] [Character]   [106] bow_aim_walk_right (Duration: 1.3s)[0m
[32m[09:29:37.127] [INFO] [Character]   [107] mining_wall_strike (Duration: 2.26667s)[0m
[32m[09:29:37.127] [INFO] [Character]   [108] digging_ground (Duration: 4.83333s)[0m
[32m[09:29:37.127] [INFO] [Character]   [109] woodchop_horizontal (Duration: 2.4s)[0m
[32m[09:29:37.127] [INFO] [Character]   [110] blunt1h_mocap_combo (Duration: 3.63333s)[0m
[32m[09:29:37.127] [INFO] [Character]   [111] blunt2h_mocap_combo (Duration: 5.43333s)[0m
[32m[09:29:37.127] [INFO] [Character]   [112] blunt1h_light1 (Duration: 1.1s)[0m
[32m[09:29:37.127] [INFO] [Character]   [113] blunt1h_light2 (Duration: 0.87s)[0m
[32m[09:29:37.127] [INFO] [Character]   [114] blunt1h_light3 (Duration: 0.74s)[0m
[32m[09:29:37.127] [INFO] [Character]   [115] blunt1h_light4 (Duration: 1.13s)[0m
[32m[09:29:37.127] [INFO] [Character]   [116] blunt2h_light1 (Duration: 1.5s)[0m
[32m[09:29:37.127] [INFO] [Character]   [117] blunt2h_light2 (Duration: 1.2s)[0m
[32m[09:29:37.127] [INFO] [Character]   [118] blunt2h_light3 (Duration: 1.07s)[0m
[32m[09:29:37.127] [INFO] [Character]   [119] blunt2h_light4 (Duration: 0.93s)[0m
[32m[09:29:37.127] [INFO] [Character]   [120] cast_1h_spell1 (Duration: 2.26667s)[0m
[32m[09:29:37.127] [INFO] [Character]   [121] cast_1h_attack1 (Duration: 2.3s)[0m
[32m[09:29:37.127] [INFO] [Character]   [122] cast_1h_attack2 (Duration: 2.2s)[0m
[32m[09:29:37.127] [INFO] [Character]   [123] cast_1h_attack3 (Duration: 2.3s)[0m
[32m[09:29:37.127] [INFO] [Character]   [124] cast_2h_spell1 (Duration: 2.16667s)[0m
[32m[09:29:37.127] [INFO] [Character]   [125] cast_2h_area1 (Duration: 2.96667s)[0m
[32m[09:29:37.127] [INFO] [Character]   [126] cast_2h_area2 (Duration: 3.26667s)[0m
[32m[09:29:37.127] [INFO] [Character]   [127] cast_2h_attack1 (Duration: 2.7s)[0m
[32m[09:29:37.127] [INFO] [Character]   [128] cast_2h_attack2 (Duration: 2.63333s)[0m
[32m[09:29:37.127] [INFO] [Character]   [129] cast_2h_attack3 (Duration: 4.3s)[0m
[32m[09:29:37.127] [INFO] [Character]   [130] cast_2h_attack4 (Duration: 3.33333s)[0m
[32m[09:29:37.127] [INFO] [Character]   [131] cast_2h_attack5 (Duration: 3.53333s)[0m
[32m[09:29:37.127] [INFO] [Character]   [132] axe1h_uppercut (Duration: 3.16667s)[0m
[32m[09:29:37.127] [INFO] [Character]   [133] axe1h_spin_high (Duration: 3.16667s)[0m
[32m[09:29:37.127] [INFO] [Character]   [134] axe1h_spin_low (Duration: 2.5s)[0m
[32m[09:29:37.127] [INFO] [Character]   [135] axe2h_mocap_combo1 (Duration: 4.66667s)[0m
[32m[09:29:37.127] [INFO] [Character]   [136] axe1h_mocap_combo2 (Duration: 4.2s)[0m
[32m[09:29:37.127] [INFO] [Character]   [137] axe1h_mocap_combo3 (Duration: 2.73333s)[0m
[32m[09:29:37.127] [INFO] [Character] =====================================[0m
[32m[09:29:37.127] [INFO] [Character] resizeController: height=1.82612 halfWidth=0.259321 maxStep=0.423007 footOffset=0.0483909 minY=-0.00160911 maxY=1.77451[0m
[32m[09:29:37.128] [INFO] [Character]   Segment [mixamorig:Head] source=skeleton fallback he=(0.112809,0.112809,0.112809)[0m
[32m[09:29:37.128] [INFO] [Character]   Segment [mixamorig:Spine2] source=skeleton fallback he=(0.1,0.0612238,0.1)[0m
[32m[09:29:37.128] [INFO] [Character]   Segment [mixamorig:Spine1] source=skeleton fallback he=(0.1,0.0422565,0.1)[0m
[32m[09:29:37.128] [INFO] [Character]   Segment [mixamorig:Hips] source=skeleton fallback he=(0.1,0.0978235,0.1)[0m
[32m[09:29:37.128] [INFO] [Character]   Segment [mixamorig:LeftArm] source=skeleton fallback he=(0.07,0.153917,0.07)[0m
[32m[09:29:37.128] [INFO] [Character]   Segment [mixamorig:RightArm] source=skeleton fallback he=(0.07,0.153917,0.07)[0m
[32m[09:29:37.128] [INFO] [Character]   Segment [mixamorig:LeftForeArm] source=skeleton fallback he=(0.07,0.156611,0.07)[0m
[32m[09:29:37.128] [INFO] [Character]   Segment [mixamorig:RightForeArm] source=skeleton fallback he=(0.07,0.156611,0.07)[0m
[32m[09:29:37.128] [INFO] [Character]   Segment [mixamorig:LeftUpLeg] source=skeleton fallback he=(0.08,0.200971,0.08)[0m
[32m[09:29:37.128] [INFO] [Character]   Segment [mixamorig:RightUpLeg] source=skeleton fallback he=(0.08,0.200971,0.08)[0m
[32m[09:29:37.128] [INFO] [Character]   Segment [mixamorig:LeftLeg] source=skeleton fallback he=(0.08,0.201679,0.08)[0m
[32m[09:29:37.128] [INFO] [Character]   Segment [mixamorig:RightLeg] source=skeleton fallback he=(0.08,0.201679,0.08)[0m
[32m[09:29:37.128] [INFO] [Character] Built 12/8 segment collision boxes[0m
[32m[09:29:37.128] [INFO] [NPCManager] Spawned NPC 'Wynn' at (-36, 18, 17)[0m
[32m[09:29:37.128] [INFO] [GameDefinitionLoader] Triggers: loaded 9[0m
[32m[09:29:37.128] [INFO] [GameDefinitionLoader] Transition marker 'trapdoor_2' intact check: 121/121 exposed own cells at micro (-243,156,81)[0m
[32m[09:29:37.128] [INFO] [GameDefinitionLoader] Transition marker 'waystone_1' intact check: 145/145 exposed own cells at micro (567,153,135)[0m
[32m[09:29:37.128] [INFO] [GameDefinitionLoader] Transition markers: 0 placed, 2 already present, 0 failed[0m
[32m[09:29:37.128] [INFO] [GameDefinitionLoader] Game definition loaded: Untitled Game (chunks=0, structures=5, locations=0, npcs=12)[0m
[32m[09:29:42.944] [INFO] [NPCManager] Built NavGraph (micro mode): 30720 columns, 35388 surfaces in 5780 ms[0m
[32m[09:29:42.944] [INFO] [PathService] Worker thread started[0m
[32m[09:29:42.945] [INFO] [NPCManager] Built NavGrid: XZ [-96,-64] to [95,95], 30720 cells (30720 walkable)[0m
[32m[09:29:42.945] [INFO] [Ravenmere] navigation: NavGrid rebuilt for scene (pathService=running)[0m
[32m[09:29:42.945] [INFO] [Ravenmere] hostiles in scene: 0[0m
[32m[09:29:42.965] [INFO] [Ravenmere] WorldHealth: reachable 14/14, terrain under spawn yes, graph ok[0m
[32m[09:29:42.966] [INFO] [SceneManager] Scene 'town' loaded in 5044 ms[0m
[32m[09:29:43.235] [INFO] [Ravenmere] Loading screen dismissed (settled after 517 ms, 0 dirty chunks left)[0m
[32m[09:29:43.235] [INFO] [GameShell] control bindings: mmo/wow (Interact=F, Inventory=B)[0m
DEBUG: Selected TargetAnim=idle
[32m[09:29:43.236] [INFO] [Lighting] U3.2: 143 emissive voxel lights registered (143 emitters found)[0m
DEBUG: Selected TargetAnim=idle
DEBUG: Selected TargetAnim=idle
DEBUG: Selected TargetAnim=idle
DEBUG: Selected TargetAnim=idle
DEBUG: Selected TargetAnim=idle
DEBUG: Selected TargetAnim=idle
DEBUG: Selected TargetAnim=idle
DEBUG: Selected TargetAnim=idle
DEBUG: Selected TargetAnim=idle
DEBUG: Selected TargetAnim=idle
DEBUG: Selected TargetAnim=idle
DEBUG: Selected TargetAnim=idle
[32m[09:29:48.736] [INFO] [RenderCoordinator] Screenshot captured: 1280x720 pixels[0m
[32m[09:29:48.888] [INFO] [GroundLost] Drop too large: pos.y=17.6806 groundY=17.5556 drop=0.125 maxStep=0.462982 pos=(48.7762,19.525)[0m
[32m[09:29:48.995] [INFO] [GroundLost] Drop too large: pos.y=17.7879 groundY=17.5556 drop=0.232368 maxStep=0.462982 pos=(48.8385,19.5306)[0m
[32m[09:29:48.995] [INFO] [GroundLost] Drop too large: pos.y=17.8926 groundY=17.5556 drop=0.337076 maxStep=0.462982 pos=(48.6781,19.5161)[0m
DEBUG: Selected TargetAnim=idle
[32m[09:29:49.100] [INFO] [GroundLost] Drop too large: pos.y=17.788 groundY=17.5556 drop=0.232477 maxStep=0.462982 pos=(48.6246,19.5113)[0m
[32m[09:29:49.100] [INFO] [GroundLost] Drop too large: pos.y=17.6834 groundY=17.5556 drop=0.127878 maxStep=0.462982 pos=(48.6246,19.5113)[0m
DEBUG: Selected TargetAnim=idle
DEBUG: Selected TargetAnim=idle
DEBUG: Selected TargetAnim=idle
DEBUG: Selected TargetAnim=idle
DEBUG: Selected TargetAnim=idle
DEBUG: Selected TargetAnim=idle
DEBUG: Selected TargetAnim=idle
DEBUG: Selected TargetAnim=idle
DEBUG: Selected TargetAnim=idle
[32m[09:29:52.535] [INFO] [RenderCoordinator] Screenshot captured: 1280x720 pixels[0m
DEBUG: Selected TargetAnim=idle
DEBUG: Selected TargetAnim=idle
DEBUG: Selected TargetAnim=idle
DEBUG: Selected TargetAnim=idle
DEBUG: Selected TargetAnim=idle
DEBUG: Selected TargetAnim=idle
DEBUG: Selected TargetAnim=idle
[32m[09:29:56.501] [INFO] [RenderCoordinator] Screenshot captured: 1280x720 pixels[0m
DEBUG: Selected TargetAnim=idle
[32m[09:29:56.649] [INFO] [GroundLost] Drop too large: pos.y=17.2083 groundY=17.1111 drop=0.0972214 maxStep=0.395407 pos=(-29.2943,18.4963)[0m
