tick,t,active,awake,asleep,energy,kinetic,injected,cum_injected,max_speed,p95_speed,churning,rebounds,kicks,launches,slept_clean,slept_forced,woke,color_skipped,constraints,hardcontact,hardcontact_max_depth,wake_requests,below_floor,min_y
0,0,1296,1296,0,1.18243e+06,93.2246,0,0,0.173536,0.162506,1152,0,0,0,0,0,0,0,1607,186,0.001257,0,0,14.1677
1,0.0166667,1296,1296,0,1.18235e+06,369.489,0,0,0.505639,0.329695,1174,0,3,0,0,0,0,5,3683,287,0.00988,0,0,14.1634
2,0.0333333,1296,1296,0,1.18228e+06,821.241,0,0,0.611378,0.488466,1253,2,26,0,0,0,0,6,4158,253,0.012873,0,0,14.1607
3,0.05,1296,1296,0,1.18222e+06,1429.19,0,0,0.859712,0.652793,1255,10,8,0,0,0,0,0,3689,224,0.017756,0,0,14.1551
4,0.0666667,1296,1296,0,1.18213e+06,2170.14,0,0,1.01791,0.819627,1254,10,8,0,0,0,0,0,4003,219,0.017873,0,0,14.1603
5,0.0833333,1296,1296,0,1.18202e+06,3055.25,0,0,1.07466,0.984163,1271,4,7,0,0,0,0,0,4016,217,0.019142,0,0,14.1607
6,0.1,1296,1296,0,1.1819e+06,4089.37,0,0,1.22501,1.14449,1270,5,6,0,0,0,0,0,4052,212,0.018678,0,0,14.1623
7,0.116667,1296,1296,0,1.18175e+06,5246.73,0,0,1.37881,1.30436,1271,3,3,0,0,0,0,0,4015,214,0.019859,0,0,14.1611
8,0.133333,1296,1296,0,1.18158e+06,6543.72,0,0,1.53503,1.45954,1271,3,4,0,0,0,0,0,3882,210,0.0165,0,0,14.1643
9,0.15,1296,1296,0,1.18138e+06,7975.5,0,0,1.68803,1.61383,1275,2,4,0,0,0,0,0,3649,201,0.02038,0,0,14.1635
10,0.166667,1296,1296,0,1.18116e+06,9543.41,0,0,1.84017,1.76775,1266,2,2,0,0,0,0,0,3727,193,0.02006,0,0,14.1634
11,0.183333,1296,1296,0,1.1809e+06,11216,0,0,1.99589,1.92188,1269,5,4,0,0,0,0,0,3538,192,0.014776,0,0,14.1654
12,0.2,1296,1296,0,1.18061e+06,13020.3,0,0,2.19049,2.07561,1270,5,5,0,0,0,0,1,3473,193,0.021706,0,0,14.1634
13,0.216667,1296,1296,0,1.18025e+06,14895.9,0,0,2.37372,2.22561,1274,5,3,0,0,0,0,0,3417,193,0.01532,0,0,14.1627
14,0.233333,1296,1296,0,1.17967e+06,16672.7,0,0,2.50803,2.37603,1281,6,6,0,0,0,0,0,3775,206,0.021951,0,0,14.162
15,0.25,1296,1296,0,1.17851e+06,17901.7,0,0,2.65489,2.52476,1276,19,7,0,0,0,0,0,4166,223,0.047944,0,0,14.1584
16,0.266667,1296,1296,0,1.17759e+06,19448.4,0,0,2.82857,2.6719,1282,18,10,1,0,0,0,1,4484,232,0.042776,0,0,14.1633
17,0.283333,1296,1296,0,1.17673e+06,21132.4,0,0,3.00782,2.81683,1280,15,4,0,0,0,0,0,4641,241,0.033322,0,0,14.1636
18,0.3,1296,1296,0,1.17582e+06,22868.2,0,0,3.08879,2.96228,1269,9,4,0,0,0,0,4,4681,256,0.023701,0,0,14.1644
19,0.316667,1296,1296,0,1.17483e+06,24602.1,0,0,3.17155,3.10422,1280,12,12,0,0,0,0,6,4773,262,0.021057,0,0,14.1678
20,0.333333,1296,1296,0,1.17371e+06,26288.1,0,0,3.33536,3.24599,1275,4,3,0,0,0,0,3,5075,272,0.031226,0,0,14.1666
21,0.35,1296,1296,0,1.17149e+06,26860.9,0,0,3.48985,3.39067,1283,15,6,0,0,0,0,1,5782,302,0.031755,0,0,14.1627
22,0.366667,1296,1296,0,1.16861e+06,26702.1,0,0,3.71018,3.52652,1279,21,6,2,0,0,0,13,6362,312,0.072002,0,0,14.164
23,0.383333,1296,1296,0,1.16593e+06,26645.3,0,0,3.77649,3.66542,1281,22,6,0,0,0,0,5,6690,338,0.043574,0,0,14.1656
24,0.4,1296,1296,0,1.16358e+06,26843.5,0,0,3.8895,3.80199,1285,28,5,1,0,0,0,8,7010,354,0.041014,0,0,14.1661
25,0.416667,1296,1296,0,1.16172e+06,27506.6,0,0,4.0285,3.93891,1275,17,3,1,0,0,0,23,7264,351,0.035759,0,0,14.1667
26,0.433333,1296,1296,0,1.15944e+06,27713.4,0,0,4.16671,4.07276,1273,11,12,0,0,0,0,12,7679,374,0.049647,0,0,14.1607
27,0.45,1296,1296,0,1.15631e+06,26963.3,0,0,4.30407,4.20818,1271,20,4,1,0,0,0,12,8188,395,0.069644,0,0,14.1643
28,0.466667,1296,1296,0,1.15321e+06,26133.3,0,0,4.43053,4.33843,1273,15,10,2,0,0,0,27,8877,401,0.041578,0,0,14.1664
29,0.483333,1296,1296,0,1.1496e+06,24689.9,0,0,4.62779,4.46512,1277,21,6,0,0,0,0,16,9699,432,0.052693,0,0,14.1621
30,0.5,1296,1296,0,1.14629e+06,23380.2,0,0,4.76264,4.59593,1269,24,9,1,0,0,0,19,10054,443,0.074018,0,0,14.1657
31,0.516667,1296,1296,0,1.14373e+06,22704,0,0,14.7283,4.69923,1276,25,9,1,0,0,0,33,10825,454,0.182492,0,0,14.161
32,0.533333,1296,1296,0,1.14106e+06,21726.7,0,0,14.633,4.70079,1282,39,10,9,0,0,0,22,11545,470,0.057921,0,0,14.1555
33,0.55,1296,1296,0,1.13686e+06,19011.6,0,0,8.00911,4.61463,1287,43,9,7,0,0,0,33,12177,464,0.060948,0,0,14.1649
34,0.566667,1296,1296,0,1.13442e+06,17852.7,0,0,6.02738,4.41653,1288,45,5,6,0,0,0,73,12917,469,0.07508,0,0,14.1618
35,0.583333,1296,1296,0,1.13214e+06,16675.5,0,0,5.28186,4.15611,1286,31,6,1,0,0,0,60,13630,493,0.084744,0,0,14.1454
36,0.6,1296,1296,0,1.13044e+06,15851.4,0,0,7.30389,3.8802,1286,48,6,5,0,0,0,83,14090,477,0.146158,0,0,14.1643
37,0.616667,1296,1296,0,1.13084e+06,16913.8,392.522,392.522,11.8236,3.8065,1292,71,2,9,0,0,0,45,14715,476,0.095145,0,0,14.1537
38,0.633333,1296,1296,0,1.13343e+06,19961.2,2588.38,2980.9,9.95702,3.98786,1290,84,1,28,0,0,0,50,14981,455,0.156652,0,0,14.1662
39,0.65,1296,1296,0,1.13472e+06,21524.8,1298.41,4279.31,14.207,4.00998,1285,81,2,19,0,0,0,64,15834,458,0.123211,0,0,14.1653
40,0.666667,1296,1296,0,1.13324e+06,20178.6,0,4279.31,14.0112,4.02079,1292,73,5,10,0,0,0,73,16319,455,0.11043,0,0,14.1534
41,0.683333,1296,1296,0,1.15404e+06,40975.6,20799.3,25078.6,76.0999,4.09843,1289,66,2,14,0,0,0,102,16871,472,0.109449,0,0,14.159
42,0.7,1296,1296,0,1.15349e+06,40296.5,0,25078.6,75.4934,4.64304,1291,72,5,14,0,0,0,95,17376,484,0.208439,0,0,14.1685
43,0.716667,1296,1296,0,1.15551e+06,42107.4,2019.55,27098.2,74.8908,4.68705,1284,86,2,22,0,0,0,111,18112,498,0.167477,0,0,14.1453
44,0.733333,1296,1296,0,1.16347e+06,49605.9,7955.65,35053.8,74.2917,4.7325,1291,111,9,31,0,0,0,126,18321,514,0.3058,0,0,14.1653
45,0.75,1296,1296,0,1.17634e+06,61911.9,12876.8,47930.7,73.6963,5.58928,1288,78,2,27,0,0,0,133,18549,525,0.319444,0,0,14.1609
46,0.766667,1296,1296,0,1.16869e+06,53590.7,0,47930.7,73.1045,4.76002,1291,74,3,18,0,0,0,161,19371,518,0.23593,0,0,14.1676
47,0.783333,1296,1296,0,1.16533e+06,49638.7,0,47930.7,72.5163,4.6135,1291,53,5,9,0,0,0,173,19604,498,0.271398,0,0,14.1657
48,0.8,1296,1296,0,1.16368e+06,47343.2,0,47930.7,71.9317,4.92593,1287,82,3,26,0,0,0,144,19983,509,0.145137,0,0,14.1432
49,0.816667,1296,1296,0,1.16419e+06,47174.2,511.828,48442.5,71.3506,4.85254,1289,69,5,25,0,0,0,157,20525,500,0.175879,0,0,14.1626
50,0.833333,1296,1296,0,1.17348e+06,55687.6,9287.45,57729.9,70.7732,5.24937,1291,66,3,27,0,0,0,289,20899,497,0.138412,0,0,14.1699
51,0.85,1296,1296,0,1.19166e+06,73105.1,18182.6,75912.5,70.1993,5.95153,1292,78,1,26,0,0,0,297,21345,479,0.201136,0,0,14.1529
52,0.866667,1296,1296,0,1.17996e+06,60551.3,0,75912.5,69.6289,5.76248,1294,81,2,26,0,0,0,266,22070,493,0.207842,0,0,14.16
53,0.883333,1296,1296,0,1.33092e+06,210613,150958,226871,198.518,5.18995,1288,75,1,26,0,0,0,265,22498,504,0.389874,0,0,13.7258
54,0.9,1296,1296,0,1.91312e+06,792170,582199,809070,475.05,6.15392,1292,66,5,20,0,0,0,283,22693,508,0.428863,0,1,9.36582
55,0.916667,1296,1296,0,1.90634e+06,784807,0,809070,472.312,5.64972,1292,79,3,29,0,0,0,362,23082,506,0.606794,0,1,4.05854
56,0.933333,1296,1296,0,1.904e+06,781743,0,809070,469.59,6.78996,1295,82,3,47,0,0,0,296,23502,520,0.481873,0,1,-1.21964
57,0.95,1296,1296,0,1.89291e+06,769771,0,809070,466.884,6.96469,1293,95,0,36,0,0,0,313,23667,518,0.557118,0,1,-6.46888
58,0.966667,1296,1296,0,1.91486e+06,790523,21952.9,831023,464.195,7.56791,1293,87,2,38,0,0,0,300,23965,498,0.520669,0,1,-11.6894
59,0.983333,1296,1296,0,1.92018e+06,794687,5323.36,836347,461.522,7.15738,1292,47,0,21,0,0,0,355,24063,470,0.635388,0,1,-16.8812
60,1,1296,1296,0,1.89186e+06,765081,0,836347,458.865,7.24706,1287,74,1,30,0,0,0,308,24150,464,0.659317,0,1,-22.0447
61,1.01667,1296,1296,0,1.89186e+06,763691,4.70994,836351,456.224,7.73823,1286,90,1,40,0,0,0,300,24068,455,0.587032,0,1,-27.1799
62,1.03333,1296,1296,0,1.89774e+06,768099,5875.19,842227,453.599,7.2358,1292,54,5,25,0,0,0,324,24315,446,0.544455,0,1,-32.2871
63,1.05,1296,1296,0,1.8822e+06,751261,0,842227,450.989,6.78709,1288,63,0,21,0,0,0,322,24641,451,0.669231,0,1,-37.3663
64,1.06667,1296,1296,0,1.87214e+06,739879,0,842227,448.396,6.6271,1288,65,2,20,0,0,0,362,24800,446,0.694364,0,1,-42.4179
65,1.08333,1296,1296,0,1.86386e+06,730422,0,842227,445.817,6.18751,1290,51,2,13,0,0,0,332,25130,446,0.51864,0,1,-47.4418
66,1.1,1296,1296,0,1.86102e+06,726374,0,842227,443.254,6.68395,1290,57,1,24,0,0,0,356,25474,441,0.538475,0,2,-52.4383
67,1.11667,1296,1296,0,1.85049e+06,714571,0,842227,440.707,6.62067,1290,63,0,27,0,0,0,341,25988,434,0.634566,0,3,-57.4076
68,1.13333,1296,1296,0,1.83176e+06,694560,0,842227,438.175,6.27554,1292,65,2,21,0,0,0,315,26316,438,0.415287,0,2,-62.3498
69,1.15,1296,1296,0,1.84341e+06,704953,11650.9,853878,435.658,6.30377,1289,48,1,16,0,0,0,300,26369,434,0.627688,0,2,-67.2651
70,1.16667,1296,1296,0,1.86166e+06,722162,18251.5,872129,433.157,6.01525,1284,52,1,14,0,0,0,321,26440,424,0.364535,0,3,-72.1536
71,1.18333,1296,1296,0,1.8618e+06,721011,135.275,872264,430.67,5.85942,1285,51,2,18,0,0,0,317,26935,421,0.335149,0,2,-77.0155
72,1.2,1296,1296,0,1.8559e+06,713807,0,872264,428.198,5.68029,1289,67,3,16,0,0,0,313,27373,425,0.401143,0,2,-81.851
73,1.21667,1296,1296,0,1.84637e+06,703031,0,872264,425.741,5.40033,1288,49,2,20,0,0,0,297,27416,425,0.271757,0,2,-86.6602
74,1.23333,1296,1296,0,1.84372e+06,699101,0,872264,423.299,4.89936,1285,53,2,19,0,0,0,322,27714,425,0.446266,0,2,-91.4433
75,1.25,1296,1296,0,1.83189e+06,685995,0,872264,420.872,5.26957,1286,57,3,23,0,0,0,298,27603,427,0.309976,0,2,-96.2004
76,1.26667,1296,1296,0,1.82604e+06,678905,0,872264,418.459,5.01608,1282,50,0,16,0,0,0,303,27442,421,0.417047,0,2,-100.932
77,1.28333,1296,1296,0,1.82168e+06,673368,0,872264,416.06,4.98142,1282,45,1,15,0,0,0,324,27646,412,0.399132,0,2,-105.637
78,1.3,1296,1296,0,1.81155e+06,662128,0,872264,413.676,4.88397,1287,48,2,11,0,0,0,332,27491,405,0.462786,0,2,-110.317
79,1.31667,1296,1296,0,1.80281e+06,652328,0,872264,411.306,4.81495,1277,48,2,11,0,0,0,310,27389,419,0.452646,0,2,-114.972
80,1.33333,1296,1296,0,1.78862e+06,637105,0,872264,408.951,4.7009,1281,44,3,7,0,0,0,329,27872,410,0.50448,0,2,-119.602
81,1.35,1296,1296,0,1.78841e+06,635926,0,872264,406.61,4.39477,1282,48,2,13,0,0,0,312,27975,423,0.482729,0,2,-124.206
82,1.36667,1296,1296,0,1.78686e+06,633393,0,872264,404.283,4.73293,1281,50,0,15,0,0,0,300,27913,402,0.307913,0,2,-128.786
83,1.38333,1296,1296,0,1.77038e+06,615978,0,872264,401.969,4.64251,1284,56,3,18,0,0,0,293,28000,393,0.400492,0,2,-133.341
84,1.4,1296,1296,0,1.77605e+06,620680,5662.94,877927,399.67,4.73604,1285,43,2,16,0,0,0,319,28201,378,0.432103,0,2,-137.871
85,1.41667,1296,1296,0,1.76723e+06,610895,0,877927,397.384,4.9504,1277,50,0,21,0,0,0,293,28135,387,0.417995,0,2,-142.377
86,1.43333,1296,1296,0,1.76243e+06,605183,0,877927,395.113,4.44727,1282,47,6,11,0,0,0,278,27974,384,0.423917,0,2,-146.859
87,1.45,1296,1296,0,1.76025e+06,602199,0,877927,392.855,4.26454,1280,40,3,11,0,0,0,281,27596,392,0.550245,0,3,-151.316
88,1.46667,1296,1296,0,1.75872e+06,599925,0,877927,390.61,4.09942,1280,41,3,5,0,0,0,276,27574,382,0.365506,0,3,-155.749
89,1.48333,1296,1296,0,1.74533e+06,585825,0,877927,388.379,4.03849,1276,24,3,8,0,0,0,277,27208,377,0.52481,0,3,-160.159
90,1.5,1296,1296,0,1.77115e+06,610925,25820.3,903747,386.162,4.56456,1278,35,5,8,0,0,0,276,27137,398,0.39542,0,3,-164.545
91,1.51667,1296,1296,0,1.75943e+06,598511,0,903747,383.957,4.35803,1277,46,4,9,0,0,0,281,27191,384,0.616292,0,3,-168.907
92,1.53333,1296,1296,0,1.75049e+06,588861,0,903747,381.766,4.46931,1281,49,8,17,0,0,0,264,27201,399,0.552113,0,4,-173.246
93,1.55,1296,1296,0,1.73111e+06,568764,0,903747,379.588,4.25121,1275,60,0,19,0,0,0,258,26821,414,0.484964,0,4,-177.561
94,1.56667,1296,1296,0,1.75121e+06,588136,20104.1,923852,377.424,4.42024,1279,46,5,12,0,0,0,245,26776,406,0.433091,0,4,-181.853
95,1.58333,1296,1296,0,1.73364e+06,569845,0,923852,375.272,4.46725,1277,44,3,14,0,0,0,233,26380,393,0.544527,0,4,-186.123
96,1.6,1296,1296,0,1.7117e+06,547216,0,923852,373.133,4.12241,1281,45,3,11,0,0,0,244,25895,406,0.458342,0,3,-190.369
97,1.61667,1296,1296,0,1.70354e+06,538333,0,923852,371.007,4.04107,1281,55,3,20,0,0,0,244,25691,393,0.590143,0,3,-194.593
98,1.63333,1296,1296,0,1.6927e+06,526780,0,923852,368.894,3.98557,1275,55,2,12,0,0,0,234,25472,380,0.443714,0,3,-198.794
99,1.65,1296,1296,0,1.68704e+06,520443,0,923852,366.793,3.57441,1274,38,2,4,0,0,0,245,25270,405,0.448159,0,3,-202.972
100,1.66667,1296,1296,0,1.67106e+06,503882,0,923852,364.706,3.44645,1267,29,4,5,0,0,0,255,25291,380,0.403358,0,3,-207.129
101,1.68333,1296,1296,0,1.66715e+06,499435,0,923852,362.631,3.43289,1269,43,1,5,0,0,0,237,25314,377,0.269908,0,3,-211.263
102,1.7,1296,1296,0,1.66256e+06,494349,0,923852,360.568,3.36172,1268,28,1,4,0,0,0,241,25249,385,0.627488,0,3,-215.374
103,1.71667,1296,1296,0,1.66599e+06,497339,3430.93,927282,358.517,3.10265,1267,34,2,5,0,0,0,219,25174,380,0.553245,0,3,-219.464
104,1.73333,1296,1296,0,1.64605e+06,477047,0,927282,356.48,2.98176,1268,27,9,7,0,0,0,221,25102,363,0.450634,0,3,-223.533
105,1.75,1296,1296,0,1.64532e+06,476053,0,927282,354.454,2.84331,1261,21,4,4,0,0,0,234,25018,369,0.478777,0,3,-227.579
106,1.76667,1296,1296,0,1.63026e+06,460754,0,927282,352.44,2.80781,1263,25,2,3,0,0,0,231,25001,381,0.437331,0,3,-231.604
107,1.78333,1296,1296,0,1.62968e+06,459943,0,927282,350.439,2.84146,1257,36,4,4,0,0,0,239,24781,385,0.473111,0,3,-235.608
108,1.8,1296,1296,0,1.63501e+06,465154,5338.7,932621,348.45,2.81477,1262,22,10,4,0,0,0,236,24554,392,0.603759,0,3,-239.59
109,1.81667,1296,1296,0,1.63133e+06,461441,0,932621,346.472,2.67007,1254,25,3,2,0,0,0,232,24820,399,0.406301,0,3,-243.551
110,1.83333,1296,1296,0,1.62269e+06,452801,0,932621,344.507,2.66305,1259,31,4,3,0,0,0,224,24770,381,0.484383,0,3,-247.491
111,1.85,1296,1296,0,1.66223e+06,492529,39540.4,972162,342.553,3.14744,1258,26,6,5,0,0,0,221,24714,404,0.585189,0,3,-251.41
112,1.86667,1296,1296,0,1.6463e+06,476687,0,972162,340.611,3.14933,1252,38,4,8,0,0,0,221,24463,397,0.654407,0,4,-255.308
113,1.88333,1296,1296,0,1.6436e+06,474034,0,972162,338.681,3.48408,1253,31,8,6,0,0,0,206,24588,410,0.583612,0,4,-259.186
114,1.9,1296,1296,0,1.64347e+06,473923,0,972162,336.762,3.17522,1253,38,5,6,0,0,0,214,24260,420,0.58255,0,4,-263.043
115,1.91667,1296,1296,0,1.64871e+06,479330,5244.51,977406,334.855,3.08121,1251,37,7,7,0,0,0,211,24345,431,0.586302,0,5,-266.88
116,1.93333,1296,1296,0,1.62256e+06,453156,0,977406,332.959,3.15423,1254,30,6,8,0,0,0,215,24170,407,0.568608,0,4,-270.696
117,1.95,1296,1296,0,1.63959e+06,470239,17025.7,994432,331.075,3.02236,1251,31,4,3,0,0,0,204,24035,413,0.626177,0,4,-274.493
118,1.96667,1296,1296,0,1.63246e+06,463193,0,994432,329.202,3.00636,1243,27,5,3,0,0,0,208,24240,397,0.483853,0,5,-278.269
119,1.98333,1296,1296,0,1.6349e+06,465839,2440.86,996873,327.34,3.02915,1249,25,3,1,0,0,0,208,23923,402,0.638613,0,7,-282.025
120,2,1296,1296,0,1.59318e+06,424154,0,996873,325.489,3.03561,1246,26,8,5,0,0,0,202,24034,408,0.502564,0,4,-285.762
121,2.01667,1296,1296,0,1.60545e+06,436521,12275.2,1.00915e+06,323.651,3.15407,1244,22,10,8,0,0,0,200,23476,408,0.656489,0,5,-289.478
122,2.03333,1296,1296,0,1.5923e+06,423545,0,1.00915e+06,321.823,3.28769,1244,35,6,9,0,0,0,205,23725,411,0.552046,0,4,-293.176
123,2.05,1296,1296,0,1.5867e+06,418102,0,1.00915e+06,320.005,3.40392,1232,28,5,3,0,0,0,214,23670,401,0.51275,0,4,-296.853
124,2.06667,1296,1296,0,1.59832e+06,429909,11619.9,1.02077e+06,318.198,3.31173,1238,26,7,3,0,0,0,225,23779,395,0.628158,0,4,-300.512
125,2.08333,1296,1296,0,1.61057e+06,442214,12242.3,1.03301e+06,316.402,3.65101,1245,27,8,4,0,0,0,218,23565,397,0.572582,0,4,-304.151
126,2.1,1296,1296,0,1.5878e+06,419631,0,1.03301e+06,314.617,3.77725,1241,36,3,5,0,0,0,233,23660,385,0.583651,0,4,-307.771
127,2.11667,1296,1296,0,1.60193e+06,433973,14134.7,1.04714e+06,312.844,3.74242,1253,53,13,13,0,0,0,211,23985,392,0.611551,0,4,-311.372
128,2.13333,1296,1296,0,1.58736e+06,419532,0,1.04714e+06,311.08,3.6671,1254,44,9,13,0,0,0,208,24067,408,0.590754,0,5,-314.954
129,2.15,1296,1296,0,1.57583e+06,408043,0,1.04714e+06,309.328,3.66874,1251,36,8,9,0,0,0,198,24179,389,0.652406,0,4,-318.518
130,2.16667,1296,1296,0,1.55578e+06,388036,0,1.04714e+06,307.585,3.85906,1247,24,4,7,0,0,0,193,24153,424,0.468054,0,4,-322.063
131,2.18333,1296,1296,0,1.57434e+06,406510,18560.7,1.06571e+06,305.853,4.25782,1250,47,11,15,0,0,0,183,23978,416,0.564772,0,4,-325.589
132,2.2,1296,1296,0,1.58551e+06,417506,11174.2,1.07688e+06,304.132,4.20758,1245,49,6,14,0,0,0,176,24168,416,0.60788,0,4,-329.097
133,2.21667,1296,1296,0,1.60719e+06,438961,21675.6,1.09856e+06,302.421,4.11824,1243,33,9,8,0,0,0,184,23854,414,0.475387,0,4,-332.586
134,2.23333,1296,1296,0,1.58955e+06,421147,0,1.09856e+06,300.721,3.89539,1248,25,9,3,0,0,0,171,23637,435,0.549821,0,4,-336.058
135,2.25,1296,1296,0,1.63753e+06,468959,47985,1.14654e+06,299.03,4.5235,1241,38,10,11,0,0,0,186,23587,416,0.555673,0,4,-339.511
136,2.26667,1296,1296,0,1.6557e+06,486769,18170.5,1.16471e+06,297.35,4.93169,1267,67,15,24,0,0,0,170,23411,424,0.610146,0,3,-342.946
137,2.28333,1296,1296,0,1.67977e+06,510495,24067.9,1.18878e+06,295.679,5.05041,1256,81,8,29,0,0,0,176,23600,415,0.582463,0,3,-346.363
138,2.3,1296,1296,0,1.61245e+06,442865,0,1.18878e+06,294.019,4.71435,1267,65,8,12,0,0,0,160,23410,411,0.570159,0,4,-349.763
139,2.31667,1296,1296,0,1.61108e+06,440900,0,1.18878e+06,292.369,4.89616,1257,49,4,16,0,0,0,203,22290,398,0.612622,0,3,-353.145
140,2.33333,1296,1296,0,1.57942e+06,408840,0,1.18878e+06,290.729,5.29914,1252,44,7,10,0,0,0,168,22332,421,0.646367,0,3,-356.509
141,2.35,1296,1296,0,1.57385e+06,402985,0,1.18878e+06,289.099,5.37646,1251,42,3,7,0,0,0,182,21937,387,0.559864,0,3,-359.856
142,2.36667,1296,1296,0,1.57371e+06,402538,0,1.18878e+06,287.478,5.1211,1238,34,5,6,0,0,0,156,21956,393,0.513551,0,5,-363.185
143,2.38333,1296,1296,0,1.56403e+06,392461,0,1.18878e+06,285.867,4.98865,1238,36,8,6,0,0,0,160,21821,409,0.46615,0,4,-366.497
144,2.4,1296,1296,0,1.53764e+06,365709,0,1.18878e+06,284.266,4.71807,1234,21,3,3,0,0,0,151,21190,419,0.530747,0,4,-369.792
145,2.41667,1296,1296,0,1.54448e+06,372234,6838.22,1.19562e+06,282.674,4.69599,1229,26,10,8,0,0,0,149,21140,397,0.590765,0,4,-373.07
146,2.43333,1296,1296,0,1.56122e+06,388626,16737.9,1.21235e+06,281.093,4.72355,1232,36,17,9,0,0,0,137,20807,399,0.525249,0,4,-376.331
147,2.45,1296,1296,0,1.5367e+06,363812,0,1.21235e+06,279.522,4.15022,1236,25,11,3,0,0,0,133,20588,412,0.480571,0,4,-379.576
148,2.46667,1296,1296,0,1.54198e+06,368863,5282.06,1.21764e+06,277.959,3.97586,1235,25,3,2,0,0,0,135,20424,411,0.495902,0,4,-382.803
149,2.48333,1296,1296,0,1.5466e+06,373250,4621.25,1.22226e+06,276.407,3.84878,1227,19,8,3,0,0,0,128,19914,420,0.562668,0,4,-386.014
150,2.5,1296,1296,0,1.54075e+06,367192,0,1.22226e+06,274.863,3.68982,1216,37,8,9,0,0,0,124,19972,416,0.587653,0,4,-389.208
151,2.51667,1296,1296,0,1.52133e+06,347566,0,1.22226e+06,273.329,3.49731,1235,13,12,0,0,0,0,128,19671,414,0.381646,0,4,-392.386
152,2.53333,1296,1296,0,1.51784e+06,343931,0,1.22226e+06,271.803,3.28142,1225,27,6,2,0,0,0,127,19595,430,0.590078,0,4,-395.547
153,2.55,1296,1296,0,1.5215e+06,347511,3660.18,1.22592e+06,270.286,3.12812,1232,22,4,4,0,0,0,123,19589,430,0.578015,0,4,-398.693
154,2.56667,1296,1296,0,1.51735e+06,343221,0,1.22592e+06,268.779,3.12604,1228,22,7,6,0,0,0,130,19590,426,0.505121,0,4,-401.822
155,2.58333,1296,1296,0,1.50131e+06,327046,0,1.22592e+06,267.281,3.05523,1221,40,5,5,0,0,0,129,19569,435,0.577883,0,4,-404.935
156,2.6,1296,1296,0,1.51607e+06,341655,14757.9,1.24068e+06,265.792,3.05152,1222,29,7,3,0,0,0,128,19212,435,0.51955,0,4,-408.032
157,2.61667,1296,1296,0,1.54295e+06,368338,26881.6,1.26756e+06,264.312,3.55885,1210,30,6,5,0,0,0,120,18846,424,0.600868,0,4,-411.113
158,2.63333,1296,1296,0,1.51298e+06,338171,0,1.26756e+06,262.841,3.68727,1207,33,8,7,0,0,0,114,18251,429,0.535328,0,4,-414.178
159,2.65,1296,1296,0,1.50538e+06,330536,0,1.26756e+06,261.38,3.3721,1208,24,11,2,0,0,0,116,18106,417,0.593488,0,4,-417.228
160,2.66667,1296,1296,0,1.51938e+06,344319,13999.5,1.28156e+06,259.927,3.56787,1223,26,6,5,0,0,0,123,17916,421,0.575591,0,4,-420.262
161,2.68333,1296,1296,0,1.55307e+06,377802,33693.9,1.31525e+06,258.483,3.24021,1204,25,7,3,0,0,0,114,17604,414,0.396873,0,4,-423.281
162,2.7,1296,1296,0,1.51284e+06,337561,0,1.31525e+06,257.048,3.21806,1203,34,3,4,0,0,0,117,17472,412,0.522694,0,4,-426.285
163,2.71667,1296,1296,0,1.52072e+06,345496,7882.24,1.32313e+06,255.621,3.0716,1209,17,8,1,0,0,0,115,17406,430,0.484597,0,4,-429.273
164,2.73333,1296,1296,0,1.51261e+06,337364,0,1.32313e+06,254.203,2.90097,1217,22,2,2,0,0,0,109,17089,430,0.429727,0,4,-432.245
165,2.75,1296,1296,0,1.52045e+06,345251,7838.83,1.33097e+06,252.793,2.81064,1195,20,5,3,0,0,0,110,17244,438,0.605782,0,4,-435.203
166,2.76667,1296,1296,0,1.52187e+06,346635,1417.65,1.33239e+06,251.392,3.13253,1186,28,6,3,0,0,0,102,17041,439,0.585484,0,4,-438.146
167,2.78333,1296,1296,0,1.50337e+06,328019,0,1.33239e+06,249.999,3.45488,1207,32,11,8,0,0,0,94,16643,447,0.626868,0,4,-441.074
168,2.8,1296,1296,0,1.50847e+06,333031,5101.69,1.33749e+06,248.615,3.55855,1174,21,12,0,0,0,0,109,16477,440,0.527496,0,4,-443.987
169,2.81667,1296,1296,0,1.51792e+06,342425,9444.98,1.34694e+06,247.24,3.69458,1191,26,8,3,0,0,0,114,16279,427,0.52022,0,4,-446.885
170,2.83333,1296,1296,0,1.51615e+06,340581,0,1.34694e+06,245.871,3.55939,1180,25,11,6,0,0,0,130,16153,437,0.541352,0,4,-449.769
171,2.85,1296,1296,0,1.53034e+06,354712,14192.3,1.36113e+06,244.511,3.40604,1192,35,15,7,0,0,0,121,16028,423,0.605953,0,4,-452.638
172,2.86667,1296,1296,0,1.58921e+06,413365,58871.3,1.42e+06,243.16,3.16877,1187,38,5,5,0,0,0,114,16044,443,0.656378,0,5,-455.492
173,2.88333,1296,1296,0,1.57988e+06,403816,0,1.42e+06,241.816,3.13871,1190,23,7,3,0,0,0,111,15898,440,0.552722,0,5,-458.332
174,2.9,1296,1296,0,1.56078e+06,384444,0,1.42e+06,240.481,2.98483,1192,28,8,2,0,0,0,96,16025,458,0.465709,0,5,-461.158
175,2.91667,1296,1296,0,1.56644e+06,389815,5662.13,1.42566e+06,239.154,3.25501,1208,36,23,9,0,0,0,96,15872,435,0.442379,0,4,-463.97
176,2.93333,1296,1296,0,1.56355e+06,386649,0,1.42566e+06,237.835,3.09582,1207,47,8,5,0,0,0,99,15755,417,0.561818,0,4,-466.767
177,2.95,1296,1296,0,1.56888e+06,391629,5334.57,1.431e+06,236.524,3.95005,1216,53,13,7,0,0,0,82,15759,428,0.510836,0,4,-469.55
178,2.96667,1296,1296,0,1.54065e+06,363070,0,1.431e+06,235.221,3.28594,1236,43,14,13,0,0,0,82,15678,417,0.392436,0,4,-472.32
179,2.98333,1296,1296,0,1.54289e+06,365008,2243.33,1.43324e+06,233.927,3.53705,1230,27,7,4,0,0,0,93,15506,418,0.622084,0,4,-475.075
180,3,1296,1296,0,1.59633e+06,418079,53444.8,1.48669e+06,232.638,3.76751,1223,44,5,12,0,0,0,78,14862,445,0.487325,0,4,-477.817
181,3.01667,1296,1296,0,1.53291e+06,354410,0,1.48669e+06,231.358,3.64267,1231,37,17,8,0,0,0,88,14946,452,0.669788,0,4,-480.545
182,3.03333,1296,1296,0,1.5494e+06,370671,16487.4,1.50317e+06,230.086,3.69259,1225,35,10,8,0,0,0,77,14850,443,0.392677,0,4,-483.259
183,3.05,1296,1296,0,1.54391e+06,364931,0,1.50317e+06,228.821,3.176,1219,30,7,3,0,0,0,76,14642,454,0.380586,0,4,-485.96
184,3.06667,1296,1296,0,1.53471e+06,355540,0,1.50317e+06,227.564,2.98848,1217,26,4,2,0,0,0,80,14500,452,0.417338,0,5,-488.647
185,3.08333,1296,1296,0,1.52508e+06,345711,0,1.50317e+06,226.316,2.7571,1195,22,10,0,0,0,0,72,14547,446,0.497976,0,5,-491.321
186,3.1,1296,1296,0,1.52407e+06,344544,0,1.50317e+06,225.074,2.60089,1193,22,9,2,0,0,0,73,14447,467,0.509698,0,5,-493.981
187,3.11667,1296,1296,0,1.52374e+06,344086,0,1.50317e+06,223.84,2.45526,1200,21,8,0,0,0,0,73,14419,453,0.599368,0,5,-496.628
188,3.13333,1296,1296,0,1.53371e+06,354045,9966.44,1.51314e+06,222.614,2.39098,1170,15,7,1,0,0,0,73,14317,461,0.622874,0,5,-499.262
189,3.15,1296,1296,0,1.57882e+06,399224,45109,1.55825e+06,221.395,2.20769,1189,26,8,1,0,0,0,74,14375,467,0.310572,0,5,-501.883
190,3.16667,1296,1296,0,1.54119e+06,361633,0,1.55825e+06,220.184,2.18927,1172,18,8,1,0,0,0,73,14314,465,0.31847,0,5,-504.491
191,3.18333,1296,1296,0,1.51632e+06,336791,0,1.55825e+06,218.979,2.10748,1174,30,14,0,0,0,0,75,14317,463,0.312965,0,5,-507.087
192,3.2,1296,1296,0,1.52695e+06,347495,10631.7,1.56888e+06,217.782,2.10891,1176,28,12,1,0,0,0,70,14302,477,0.503682,0,5,-509.669
193,3.21667,1296,1296,0,1.52622e+06,346836,0,1.56888e+06,216.592,2.04093,1175,12,17,0,0,0,0,80,14279,469,0.528963,0,5,-512.238
194,3.23333,1296,1296,0,1.48653e+06,307196,0,1.56888e+06,215.41,2.06753,1180,30,11,3,0,0,0,83,14269,471,0.474174,0,5,-514.795
195,3.25,1296,1296,0,1.48435e+06,305075,0,1.56888e+06,214.234,2.10503,1184,22,9,1,0,0,0,67,14089,464,0.51699,0,5,-517.339
196,3.26667,1296,1296,0,1.48682e+06,307632,2468.77,1.57135e+06,213.064,2.10414,1196,30,11,2,0,0,0,70,14030,471,0.50123,0,5,-519.871
197,3.28333,1296,1296,0,1.47873e+06,299641,0,1.57135e+06,211.903,2.74332,1186,28,11,2,0,0,0,81,14225,460,0.614357,0,5,-522.39
198,3.3,1296,1296,0,1.47794e+06,298917,0,1.57135e+06,210.748,2.99283,1194,38,14,2,0,0,0,66,14156,456,0.547783,0,5,-524.896
199,3.31667,1296,1296,0,1.47644e+06,297469,0,1.57135e+06,209.6,2.63531,1174,33,11,6,0,0,0,69,13938,460,0.615513,0,5,-527.391
200,3.33333,1296,1296,0,1.47764e+06,298756,1200.97,1.57255e+06,208.459,2.49999,1163,25,14,4,0,0,0,73,14000,437,0.383124,0,5,-529.873
201,3.35,1296,1296,0,1.47046e+06,291635,0,1.57255e+06,207.327,2.32156,1170,37,15,3,0,0,0,62,13933,468,0.466905,0,5,-532.343
202,3.36667,1296,1296,0,1.47098e+06,292218,518.246,1.57307e+06,206.201,2.26476,1197,27,9,1,0,0,0,67,13746,458,0.436439,0,5,-534.801
203,3.38333,1296,1296,0,1.47523e+06,296537,4245.16,1.57731e+06,205.081,2.38557,1186,28,10,0,0,0,0,61,14060,464,0.485172,0,5,-537.247
204,3.4,1296,1296,0,1.46249e+06,283894,0,1.57731e+06,203.967,2.28753,1191,25,8,0,0,0,0,57,14004,479,0.386502,0,5,-539.681
205,3.41667,1296,1296,0,1.46625e+06,287800,3763.73,1.58108e+06,202.86,2.24054,1174,23,9,0,0,0,0,56,13833,474,0.490271,0,5,-542.103
206,3.43333,1296,1296,0,1.46879e+06,290487,2533.53,1.58361e+06,201.759,2.29067,1181,28,11,0,0,0,0,55,13828,480,0.400787,0,5,-544.513
207,3.45,1296,1296,0,1.93805e+06,759637,469265,2.05288e+06,316.927,2.30426,1183,24,8,2,0,0,0,65,13750,464,0.319669,0,5,-546.911
208,3.46667,1296,1296,0,2.03835e+06,860088,100292,2.15317e+06,405.359,2.19101,1179,30,7,0,0,0,0,55,13808,445,0.37006,0,5,-549.298
209,3.48333,1296,1296,0,1.75703e+06,579233,0,2.15317e+06,268.49,2.19347,1184,33,18,1,0,0,0,73,13777,457,0.535639,0,5,-551.673
210,3.5,1296,1296,0,1.51389e+06,336195,0,2.15317e+06,197.429,2.42476,1191,51,17,9,0,0,0,80,13827,461,0.405752,0,5,-554.037
211,3.51667,1296,1296,0,1.47961e+06,302032,0,2.15317e+06,196.361,2.2528,1175,37,15,3,0,0,0,71,13569,453,0.395368,0,5,-556.389
212,3.53333,1296,1296,0,3.37245e+06,2.19456e+06,1.89284e+06,4.04601e+06,792.783,2.28063,1198,44,16,4,0,0,0,64,13773,467,0.533385,0,4,-558.73
213,3.55,1296,1296,0,3.30429e+06,2.12604e+06,0,4.04601e+06,787.943,2.48069,1213,45,19,2,0,0,0,84,13617,446,0.327921,0,4,-561.059
214,3.56667,1296,1296,0,3.27418e+06,2.09557e+06,0,4.04601e+06,783.133,1.72619,1189,44,10,3,0,0,0,67,13698,456,0.274994,0,5,-563.377
215,3.58333,1296,1296,0,3.24702e+06,2.06804e+06,0,4.04601e+06,778.351,2.55979,1188,42,17,5,0,0,0,79,13570,455,0.32623,0,5,-565.684
216,3.6,1296,1296,0,3.22369e+06,2.04433e+06,0,4.04601e+06,773.598,1.90796,1185,33,5,3,0,0,0,78,13587,465,0.431959,0,5,-567.98
217,3.61667,1296,1296,0,3.2085e+06,2.02874e+06,0,4.04601e+06,768.873,1.82419,1174,30,8,2,0,0,0,75,13513,470,0.564664,0,5,-570.265
218,3.63333,1296,1296,0,3.18852e+06,2.0085e+06,0,4.04601e+06,764.177,1.74762,1158,37,10,4,0,0,0,71,13448,468,0.340559,0,5,-572.539
219,3.65,1296,1296,0,3.13662e+06,1.95631e+06,0,4.04601e+06,759.509,1.59084,1176,35,9,2,0,0,0,82,13400,473,0.290926,0,5,-574.802
220,3.66667,1296,1296,0,3.11493e+06,1.93436e+06,0,4.04601e+06,754.869,1.52857,1154,28,7,0,0,0,0,61,13457,470,0.386533,0,5,-577.054
221,3.68333,1296,1296,0,3.09863e+06,1.91785e+06,0,4.04601e+06,750.257,1.55183,1171,35,20,3,0,0,0,55,13253,480,0.512539,0,5,-579.295
222,3.7,1296,1296,0,3.07032e+06,1.88931e+06,0,4.04601e+06,745.672,1.82754,1174,38,20,5,0,0,0,70,13396,479,0.276089,0,5,-581.526
223,3.71667,1296,1296,0,3.04827e+06,1.86703e+06,0,4.04601e+06,741.115,1.62757,1189,30,14,0,0,0,0,71,13175,470,0.50935,0,5,-583.746
224,3.73333,1296,1296,0,3.03399e+06,1.85253e+06,0,4.04601e+06,736.586,1.37959,1174,35,7,0,0,0,0,62,13372,463,0.529569,0,5,-585.955
225,3.75,1296,1296,0,3.00485e+06,1.82316e+06,0,4.04601e+06,732.083,1.35248,1190,31,11,2,0,0,0,61,13250,469,0.382802,0,5,-588.153
226,3.76667,1296,1296,0,2.98228e+06,1.80041e+06,0,4.04601e+06,727.608,1.41964,1172,30,7,0,0,0,0,76,13313,481,0.507504,0,5,-590.342
227,3.78333,1296,1296,0,2.95802e+06,1.77591e+06,0,4.04601e+06,723.159,1.26011,1148,25,7,1,0,0,0,72,13232,482,0.497466,0,5,-592.519
228,3.8,1296,1296,0,2.93896e+06,1.75663e+06,0,4.04601e+06,718.737,1.37976,1153,20,11,0,0,0,0,47,13411,503,0.425586,0,5,-594.687
229,3.81667,1296,1296,0,2.9185e+06,1.73596e+06,0,4.04601e+06,714.342,1.29836,1161,24,8,0,0,0,0,54,13244,484,0.609032,0,7,-596.844
230,3.83333,1296,1296,0,2.89666e+06,1.71392e+06,0,4.04601e+06,709.973,1.22533,1160,32,17,0,0,0,0,58,13385,484,0.379026,0,7,-598.991
231,3.85,1296,1296,0,2.88829e+06,1.70546e+06,0,4.04601e+06,705.63,1.66774,1172,31,19,1,0,0,0,43,13329,498,0.549568,0,7,-601.127
232,3.86667,1296,1296,0,2.89134e+06,1.70828e+06,3046.75,4.04905e+06,701.313,3.01108,1177,53,24,11,0,0,0,42,13036,500,0.500481,0,8,-603.254
233,3.88333,1296,1296,0,3.13526e+06,1.95214e+06,243925,4.29298e+06,697.022,2.01798,1200,45,15,9,0,0,0,57,13147,493,0.608197,0,10,-605.371
234,3.9,1296,1296,0,3.11264e+06,1.92929e+06,0,4.29298e+06,692.757,1.58957,1198,41,9,5,0,0,0,55,13085,473,0.585801,0,10,-607.477
235,3.91667,1296,1296,0,2.8946e+06,1.71092e+06,0,4.29298e+06,688.517,4.17265,1196,57,8,10,0,0,0,55,13067,462,0.453354,0,10,-609.574
236,3.93333,1296,1296,0,2.81591e+06,1.63178e+06,0,4.29298e+06,684.303,3.44115,1218,68,25,16,0,0,0,28,13069,485,0.481888,0,10,-611.66
237,3.95,1296,1296,0,2.80325e+06,1.61865e+06,0,4.29298e+06,680.114,3.67177,1209,63,11,11,0,0,0,37,13008,495,0.529133,0,10,-613.737
238,3.96667,1296,1296,0,2.78165e+06,1.59673e+06,0,4.29298e+06,675.951,4.01901,1217,37,16,5,0,0,0,32,13027,492,0.475979,0,10,-615.805
239,3.98333,1296,1296,0,2.77282e+06,1.58745e+06,0,4.29298e+06,671.812,3.06878,1214,48,6,4,0,0,0,40,12941,491,0.515688,0,11,-617.862
240,4,1296,1296,0,2.76048e+06,1.5747e+06,0,4.29298e+06,667.699,2.87892,1206,31,12,2,0,0,0,38,12694,476,0.545572,0,13,-619.91
241,4.01667,1296,1296,0,2.7643e+06,1.57816e+06,3818.53,4.2968e+06,663.609,2.6707,1184,20,7,2,0,0,0,45,12670,490,0.409807,0,12,-621.948
242,4.03333,1296,1296,0,2.7399e+06,1.55341e+06,0,4.2968e+06,659.544,2.34857,1171,27,12,1,0,0,0,28,12488,504,0.456809,0,12,-623.977
243,4.05,1296,1296,0,2.7514e+06,1.56469e+06,11498.4,4.3083e+06,655.504,2.26898,1164,20,8,1,0,0,0,27,12526,505,0.456618,0,12,-625.996
244,4.06667,1296,1296,0,2.71885e+06,1.53191e+06,0,4.3083e+06,651.489,2.05116,1157,35,12,3,0,0,0,25,12355,517,0.453016,0,12,-628.006
245,4.08333,1296,1296,0,2.71101e+06,1.52389e+06,0,4.3083e+06,647.497,2.01288,1172,18,9,0,0,0,0,35,12476,491,0.662908,0,12,-630.006
246,4.1,1296,1296,0,2.70265e+06,1.51535e+06,0,4.3083e+06,643.53,1.89527,1158,25,7,0,0,0,0,30,12411,510,0.529348,0,12,-631.997
247,4.11667,1296,1296,0,2.67509e+06,1.48767e+06,0,4.3083e+06,639.586,1.74718,1163,26,11,1,0,0,0,15,12413,537,0.442891,0,12,-633.979
248,4.13333,1296,1296,0,2.6901e+06,1.50254e+06,15006.6,4.3233e+06,635.666,4.23466,1181,63,17,15,0,0,0,15,12404,525,0.35924,0,12,-635.952
249,4.15,1296,1296,0,2.68615e+06,1.49835e+06,0,4.3233e+06,631.768,3.11112,1168,54,15,8,0,0,0,30,12391,508,0.487922,0,12,-637.916
250,4.16667,1296,1296,0,2.67231e+06,1.48433e+06,0,4.3233e+06,627.895,3.82302,1197,63,27,11,0,0,0,29,12581,493,0.600827,0,12,-639.871
251,4.18333,1296,1296,0,2.65512e+06,1.46693e+06,0,4.3233e+06,624.045,3.68398,1236,63,16,8,0,0,0,35,12651,488,0.491006,0,14,-641.816
252,4.2,1296,1296,0,2.63507e+06,1.44667e+06,0,4.3233e+06,620.217,4.15494,1233,61,8,10,0,0,0,29,12512,490,0.634468,0,14,-643.753
253,4.21667,1296,1296,0,2.60348e+06,1.41488e+06,0,4.3233e+06,616.414,3.75726,1230,37,14,5,0,0,0,19,12657,496,0.469956,0,14,-645.681
254,4.23333,1296,1296,0,2.59076e+06,1.40192e+06,0,4.3233e+06,612.632,3.96455,1237,49,12,12,0,0,0,37,12287,502,0.559063,0,14,-647.599
255,4.25,1296,1296,0,2.57573e+06,1.38656e+06,0,4.3233e+06,608.873,2.75212,1230,47,8,5,0,0,0,33,12542,475,0.548702,0,14,-649.51
256,4.26667,1296,1296,0,2.594e+06,1.4045e+06,18271.5,4.34157e+06,605.137,2.65377,1224,32,6,0,0,0,0,39,12407,484,0.518847,0,14,-651.411
257,4.28333,1296,1296,0,2.55398e+06,1.36426e+06,0,4.34157e+06,601.423,2.45368,1220,33,9,0,0,0,0,36,12444,472,0.620327,0,14,-653.304
258,4.3,1296,1296,0,2.54696e+06,1.3571e+06,0,4.34157e+06,597.732,2.38212,1213,23,6,0,0,0,0,35,12243,486,0.375012,0,14,-655.188
259,4.31667,1296,1296,0,2.52784e+06,1.33789e+06,0,4.34157e+06,594.063,2.23412,1210,26,8,1,0,0,0,31,12352,498,0.441054,0,14,-657.063
260,4.33333,1296,1296,0,2.50713e+06,1.31709e+06,0,4.34157e+06,590.415,2.11083,1199,27,10,1,0,0,0,20,12231,496,0.287002,0,14,-658.93
261,4.35,1296,1296,0,2.49189e+06,1.30179e+06,0,4.34157e+06,586.79,1.95221,1192,21,4,0,0,0,0,25,12279,502,0.28912,0,14,-660.788
262,4.36667,1296,1296,0,2.47969e+06,1.28957e+06,0,4.34157e+06,583.186,1.7629,1179,19,9,0,0,0,0,19,12077,520,0.434921,0,14,-662.638
263,4.38333,1296,1296,0,2.4633e+06,1.27319e+06,0,4.34157e+06,579.604,1.84123,1180,21,6,1,0,0,0,20,12185,521,0.53202,0,14,-664.48
264,4.4,1296,1296,0,2.44689e+06,1.25679e+06,0,4.34157e+06,576.044,1.79346,1182,23,7,1,0,0,0,33,12214,537,0.507739,0,14,-666.313
265,4.41667,1296,1296,0,2.43147e+06,1.2414e+06,0,4.34157e+06,572.505,1.89235,1181,23,9,1,0,0,0,54,12212,511,0.551344,0,14,-668.138
266,4.43333,1296,1296,0,2.42419e+06,1.23418e+06,0,4.34157e+06,568.988,1.8606,1181,16,9,0,0,0,0,50,12219,514,0.556665,0,14,-669.955
267,4.45,1296,1296,0,2.42721e+06,1.23728e+06,3020.9,4.34459e+06,565.491,1.84229,1175,24,5,0,0,0,0,47,12245,524,0.413103,0,14,-671.763
268,4.46667,1296,1296,0,2.38772e+06,1.19787e+06,0,4.34459e+06,562.016,1.86378,1170,34,12,2,0,0,0,69,12359,511,0.329023,0,15,-673.564
269,4.48333,1296,1296,0,2.37614e+06,1.18638e+06,0,4.34459e+06,558.561,1.70312,1179,21,11,1,0,0,0,59,12374,518,0.462931,0,15,-675.356
270,4.5,1296,1296,0,2.3583e+06,1.16863e+06,0,4.34459e+06,555.127,1.7036,1187,26,9,0,0,0,0,67,12562,512,0.480625,0,15,-677.141
271,4.51667,1296,1296,0,2.3489e+06,1.15933e+06,0,4.34459e+06,551.714,1.66677,1206,27,13,3,0,0,0,69,12566,520,0.518477,0,15,-678.917
272,4.53333,1296,1296,0,2.38245e+06,1.19291e+06,33556.4,4.37815e+06,548.322,1.96517,1173,37,6,3,0,0,0,58,12530,506,0.342057,0,15,-680.685
273,4.55,1296,1296,0,2.35399e+06,1.1646e+06,0,4.37815e+06,544.949,2.34031,1201,37,12,8,0,0,0,25,12584,529,0.369567,0,15,-682.446
274,4.56667,1296,1296,0,2.38539e+06,1.19596e+06,31393.8,4.40954e+06,541.597,2.47925,1200,41,12,3,0,0,0,35,12406,525,0.289509,0,15,-684.198
275,4.58333,1296,1296,0,2.29286e+06,1.10353e+06,0,4.40954e+06,538.265,2.17193,1198,27,7,2,0,0,0,33,12689,527,0.310218,0,15,-685.943
276,4.6,1296,1296,0,2.29384e+06,1.10459e+06,988.481,4.41053e+06,534.952,1.73588,1200,29,12,2,0,0,0,31,12605,525,0.4659,0,15,-687.68
277,4.61667,1296,1296,0,2.27767e+06,1.08854e+06,0,4.41053e+06,531.661,2.74848,1196,29,16,6,0,0,0,43,12622,529,0.641801,0,15,-689.41
278,4.63333,1296,1296,0,2.29623e+06,1.10708e+06,18554,4.42909e+06,528.389,2.46333,1212,41,17,8,0,0,0,36,12661,527,0.335616,0,15,-691.131
279,4.65,1296,1296,0,2.2548e+06,1.06565e+06,0,4.42909e+06,525.137,2.32441,1195,43,11,3,0,0,0,41,12590,525,0.320821,0,15,-692.845
280,4.66667,1296,1296,0,2.22639e+06,1.0373e+06,0,4.42909e+06,521.903,2.25594,1163,35,12,3,0,0,0,46,12638,515,0.389907,0,15,-694.552
281,4.68333,1296,1296,0,2.2161e+06,1.02716e+06,0,4.42909e+06,518.688,2.02848,1173,27,13,0,0,0,0,42,12484,520,0.453115,0,15,-696.251
282,4.7,1296,1296,0,2.20243e+06,1.01367e+06,0,4.42909e+06,515.492,1.86711,1159,21,9,1,0,0,0,46,12427,538,0.225825,0,15,-697.943
283,4.71667,1296,1296,0,2.19505e+06,1.00644e+06,0,4.42909e+06,512.315,1.8177,1179,35,10,2,0,0,0,50,12438,520,0.390779,0,15,-699.627
284,4.73333,1296,1296,0,2.18645e+06,998077,0,4.42909e+06,509.158,1.67154,1169,21,11,0,0,0,0,39,12423,524,0.28379,0,15,-701.303
285,4.75,1296,1296,0,2.16241e+06,974254,0,4.42909e+06,506.02,1.64111,1175,22,8,1,0,0,0,39,12394,527,0.300641,0,15,-702.973
286,4.76667,1296,1296,0,2.15294e+06,965017,0,4.42909e+06,502.902,1.4061,1189,22,7,1,0,0,0,45,12590,527,0.459767,0,15,-704.635
287,4.78333,1296,1296,0,2.14862e+06,960941,0,4.42909e+06,499.802,1.51601,1185,35,13,3,0,0,0,47,12514,534,0.474363,0,16,-706.289
288,4.8,1296,1296,0,2.2883e+06,1.10084e+06,139671,4.56876e+06,496.721,1.63278,1187,21,7,1,0,0,0,40,12462,543,0.545887,0,16,-707.937
289,4.81667,1296,1296,0,2.27748e+06,1.09022e+06,0,4.56876e+06,493.66,1.60651,1165,30,10,3,0,0,0,43,12665,541,0.258269,0,16,-709.578
290,4.83333,1296,1296,0,2.3008e+06,1.11385e+06,23313.3,4.59207e+06,490.615,1.54541,1176,26,14,0,0,0,0,42,12567,536,0.434668,0,16,-711.211
291,4.85,1296,1296,0,2.10093e+06,914275,0,4.59207e+06,487.589,1.62076,1144,36,9,3,0,0,0,36,12534,539,0.291848,0,17,-712.837
292,4.86667,1296,1296,0,2.09145e+06,905076,0,4.59207e+06,484.581,1.75522,1164,41,22,4,0,0,0,20,12667,545,0.343969,0,17,-714.456
293,4.88333,1296,1296,0,2.08128e+06,895206,0,4.59207e+06,481.592,1.65186,1148,29,22,3,0,0,0,33,12513,540,0.30037,0,17,-716.068
294,4.9,1296,1296,0,2.06758e+06,881810,0,4.59207e+06,478.62,1.42817,1169,31,15,0,0,0,0,18,12646,531,0.535993,0,17,-717.674
295,4.91667,1296,1296,0,2.05741e+06,871851,0,4.59207e+06,475.666,1.57659,1154,28,15,2,0,0,0,28,12682,544,0.445614,0,17,-719.272
296,4.93333,1296,1296,0,2.04143e+06,856131,0,4.59207e+06,472.731,1.6338,1164,36,17,3,0,0,0,14,12624,552,0.524668,0,17,-720.863
297,4.95,1296,1296,0,2.0333e+06,848271,0,4.59207e+06,469.811,1.80448,1175,44,19,4,0,0,0,22,12666,539,0.338357,0,17,-722.448
298,4.96667,1296,1296,0,2.02233e+06,837476,0,4.59207e+06,466.91,2.18949,1176,47,19,7,0,0,0,32,12736,534,0.33577,0,17,-724.026
299,4.98333,1296,1296,0,2.01209e+06,827415,0,4.59207e+06,464.028,2.22688,1152,46,17,2,0,0,0,43,12640,533,0.353189,0,17,-725.597
300,5,1296,1296,0,1.99781e+06,813361,0,4.59207e+06,461.162,1.74943,1161,42,20,1,0,0,0,16,12629,535,0.371523,0,17,-727.161
301,5.01667,1296,1296,0,1.99143e+06,807227,0,4.59207e+06,458.314,1.68267,1165,35,5,2,0,0,0,50,12674,532,0.398449,0,17,-728.719
302,5.03333,1296,1296,0,1.98146e+06,797456,0,4.59207e+06,455.482,1.74966,1139,25,10,2,0,0,0,45,12707,534,0.496276,0,17,-730.27
303,5.05,1296,1296,0,1.97358e+06,789777,0,4.59207e+06,452.668,1.62281,1154,33,11,3,0,0,0,49,12653,520,0.495314,0,17,-731.814
304,5.06667,1296,1296,0,1.96085e+06,777265,0,4.59207e+06,449.87,1.32682,1140,37,10,3,0,0,0,30,12734,541,0.63627,0,18,-733.352
305,5.08333,1296,1296,0,1.95981e+06,776461,0,4.59207e+06,447.089,1.36371,1152,30,16,0,0,0,0,41,12643,540,0.630117,0,18,-734.884
306,5.1,1296,1295,1,1.96122e+06,778157,1415.37,4.59349e+06,444.324,1.38494,1166,29,10,0,1,0,0,52,12858,534,0.276293,0,18,-736.409
307,5.11667,1296,1295,1,1.93939e+06,756514,0,4.59349e+06,441.578,1.30891,1143,29,17,1,0,0,0,38,12871,538,0.36909,0,18,-737.927
308,5.13333,1296,1295,1,1.92691e+06,744318,0,4.59349e+06,438.848,1.19043,1147,26,7,0,0,0,0,28,12802,548,0.291509,0,18,-739.439
309,5.15,1296,1295,1,1.91537e+06,733036,0,4.59349e+06,436.132,1.15307,1146,33,10,1,0,0,0,42,12871,546,0.231194,0,18,-740.945
310,5.16667,1296,1295,1,1.90719e+06,725112,0,4.59349e+06,433.435,1.09778,1154,32,13,0,0,0,0,47,12737,523,0.340864,0,18,-742.444
311,5.18333,1296,1295,1,1.90393e+06,722109,0,4.59349e+06,430.753,1.20459,1157,24,12,0,0,0,0,59,13101,536,0.639151,0,18,-743.937
312,5.2,1296,1295,1,1.91039e+06,728830,6462.76,4.59995e+06,428.086,1.17735,1155,27,8,0,0,0,0,46,13095,534,0.541037,0,18,-745.424
313,5.21667,1296,1295,1,1.92656e+06,745324,16167.4,4.61612e+06,425.437,1.14094,1121,29,10,2,0,0,0,43,13045,546,0.2434,0,18,-746.905
314,5.23333,1296,1295,1,1.87037e+06,689403,0,4.61612e+06,422.804,1.156,1136,38,13,0,0,0,0,29,13191,568,0.279345,0,19,-748.379
315,5.25,1296,1295,1,1.86357e+06,682886,0,4.61612e+06,420.186,1.14958,1133,27,15,0,0,0,0,45,13049,552,0.404457,0,19,-749.848
316,5.26667,1296,1295,1,1.85727e+06,676837,0,4.61612e+06,417.582,1.03334,1138,32,18,1,0,0,0,47,13055,548,0.477072,0,19,-751.31
317,5.28333,1296,1295,1,1.84552e+06,665326,0,4.61612e+06,414.997,1.05049,1114,32,6,0,0,0,0,41,13162,555,0.35493,0,19,-752.766
318,5.3,1296,1295,1,1.83872e+06,658808,0,4.61612e+06,412.426,1.04915,1100,21,9,0,0,0,0,27,13023,561,0.467326,0,19,-754.216
319,5.31667,1296,1295,1,1.83287e+06,653235,0,4.61612e+06,409.869,1.08845,1129,33,14,0,0,0,0,42,13108,568,0.537153,0,19,-755.661
320,5.33333,1296,1295,1,1.82502e+06,645636,0,4.61612e+06,407.328,1.05784,1138,24,19,0,0,0,0,49,13156,543,0.25243,0,19,-757.099
321,5.35,1296,1295,1,1.81546e+06,636361,0,4.61612e+06,404.802,1.1227,1132,24,22,0,0,0,0,49,13178,559,0.324786,0,19,-758.531
322,5.36667,1296,1295,1,1.80907e+06,630243,0,4.61612e+06,402.29,1.70903,1153,38,19,0,0,0,0,47,13345,539,0.548187,0,19,-759.958
323,5.38333,1296,1295,1,1.80819e+06,629646,0,4.61612e+06,399.797,1.26695,1152,34,20,1,0,0,0,35,13393,552,0.436222,0,19,-761.378
324,5.4,1296,1295,1,1.81524e+06,636961,7047.49,4.62316e+06,397.318,1.29275,1161,32,18,0,0,0,0,54,13280,540,0.300628,0,19,-762.793
325,5.41667,1296,1294,2,1.8216e+06,643601,6358.76,4.62952e+06,394.853,1.05633,1133,29,8,0,0,1,0,37,13250,541,0.545741,0,19,-764.202
326,5.43333,1296,1294,2,1.81803e+06,640283,0,4.62952e+06,392.404,1.06237,1134,34,19,1,0,0,0,54,13279,547,0.504123,3,19,-765.606
327,5.45,1296,1295,1,1.83811e+06,660729,20079.5,4.6496e+06,389.97,1.01396,1136,34,14,0,0,0,1,40,13227,566,0.284963,0,19,-767.003
328,5.46667,1296,1295,1,1.83754e+06,660535,0,4.6496e+06,387.55,0.994481,1132,22,13,1,0,0,0,55,13280,568,0.152612,0,19,-768.395
329,5.48333,1296,1295,1,1.82953e+06,652889,0,4.6496e+06,385.143,0.977273,1131,36,10,0,0,0,0,46,13325,562,0.038849,0,19,-769.782
330,5.5,1296,1295,1,1.82147e+06,645178,0,4.6496e+06,382.751,0.940615,1149,39,15,0,0,0,0,53,13350,565,0.023575,0,19,-771.162
331,5.51667,1296,1295,1,1.81306e+06,637129,0,4.6496e+06,380.375,0.950745,1140,23,8,0,0,0,0,36,13249,553,0.034308,0,19,-772.538
332,5.53333,1296,1295,1,1.80538e+06,629813,0,4.6496e+06,378.013,0.877898,1147,26,9,0,0,0,0,37,13169,555,0.023195,0,19,-773.907
333,5.55,1296,1295,1,1.79783e+06,622616,0,4.6496e+06,375.665,0.922408,1136,41,14,0,0,0,0,44,13291,551,0.029673,0,19,-775.271
334,5.56667,1296,1295,1,1.79035e+06,615499,0,4.6496e+06,373.332,0.98674,1157,29,11,0,0,0,0,49,13256,542,0.025016,0,19,-776.63
335,5.58333,1296,1295,1,1.78291e+06,608441,0,4.6496e+06,371.009,0.931216,1147,24,8,0,0,0,0,46,13265,560,0.025154,0,19,-777.983
336,5.6,1296,1295,1,1.77557e+06,601468,0,4.6496e+06,368.701,0.940812,1109,29,14,1,0,0,0,52,13433,534,0.032023,0,20,-779.331
337,5.61667,1296,1295,1,1.76837e+06,594649,0,4.6496e+06,366.409,0.996662,1152,36,15,1,0,0,0,36,13245,567,0.021501,0,20,-780.673
338,5.63333,1296,1295,1,1.76123e+06,587879,0,4.6496e+06,364.13,0.999962,1161,28,12,0,0,0,0,53,13357,542,0.040952,0,20,-782.01
339,5.65,1296,1295,1,1.75416e+06,581202,0,4.6496e+06,361.866,1.08729,1146,29,8,1,0,0,0,53,13347,559,0.034571,0,20,-783.342
340,5.66667,1296,1295,1,1.74716e+06,574597,0,4.6496e+06,359.616,0.986209,1146,30,19,0,0,0,0,48,13245,540,0.020755,0,20,-784.669
341,5.68333,1296,1295,1,1.74024e+06,568072,0,4.6496e+06,357.377,0.976719,1150,23,8,0,0,0,0,54,13321,548,0.026544,0,20,-785.99
342,5.7,1296,1295,1,1.73337e+06,561613,0,4.6496e+06,355.152,0.979968,1152,23,9,0,0,0,0,59,13327,535,0.024348,0,20,-787.306
343,5.71667,1296,1295,1,1.7266e+06,555240,0,4.6496e+06,352.941,0.9357,1138,25,9,0,0,0,0,52,13471,553,0.024842,0,20,-788.617
344,5.73333,1296,1295,1,1.71988e+06,548935,0,4.6496e+06,350.744,0.900192,1127,28,13,0,0,0,0,66,13326,540,0.024575,0,20,-789.923
345,5.75,1296,1295,1,1.71329e+06,542748,0,4.6496e+06,348.558,0.905358,1123,41,10,0,0,0,0,55,13510,554,0.025341,0,20,-791.224
346,5.76667,1296,1295,1,1.70679e+06,536651,0,4.6496e+06,346.386,0.929017,1138,39,14,0,0,0,0,61,13509,545,0.024118,0,20,-792.519
347,5.78333,1296,1295,1,1.70039e+06,530657,0,4.6496e+06,344.229,0.999777,1110,34,15,1,0,0,0,47,13491,541,0.038346,0,20,-793.81
348,5.8,1296,1295,1,1.69389e+06,524578,0,4.6496e+06,342.082,0.95387,1143,22,19,2,0,0,0,42,13676,573,0.031475,0,20,-795.095
349,5.81667,1296,1295,1,1.68747e+06,518570,0,4.6496e+06,339.949,0.92693,1120,35,13,1,0,0,0,48,13496,548,0.086835,0,20,-796.376
350,5.83333,1296,1295,1,1.68122e+06,512741,0,4.6496e+06,337.83,0.938495,1135,27,8,0,0,0,0,49,13628,539,0.035653,0,20,-797.651
351,5.85,1296,1295,1,1.67496e+06,506879,0,4.6496e+06,335.722,0.955428,1137,39,12,0,0,0,0,39,13648,542,0.105807,0,20,-798.922
352,5.86667,1296,1295,1,1.66887e+06,501193,0,4.6496e+06,333.628,0.936799,1128,30,14,1,0,0,0,61,13651,547,0.054066,0,20,-800.188
353,5.88333,1296,1295,1,1.66285e+06,495583,0,4.6496e+06,331.548,1.00549,1114,39,11,0,0,0,0,56,13623,539,0.033255,0,20,-801.449
354,5.9,1296,1295,1,1.65688e+06,490023,0,4.6496e+06,329.479,0.911818,1091,38,13,1,0,0,0,49,13621,542,0.025919,0,20,-802.705
355,5.91667,1296,1295,1,1.65103e+06,484566,0,4.6496e+06,327.423,0.87691,1125,32,15,0,0,0,0,57,13630,547,0.04042,0,20,-803.956
356,5.93333,1296,1294,2,1.64521e+06,479159,0,4.6496e+06,325.377,0.884664,1116,28,8,0,1,0,0,48,13623,551,0.03027,0,20,-805.202
357,5.95,1296,1294,2,1.63952e+06,473869,0,4.6496e+06,323.345,0.912261,1130,44,19,0,0,0,0,46,13617,548,0.036157,7,20,-806.444
358,5.96667,1296,1295,1,1.63385e+06,468600,0,4.6496e+06,321.323,0.961524,1137,44,18,3,0,0,1,56,13597,531,0.070335,0,20,-807.681
359,5.98333,1296,1295,1,1.62841e+06,463548,0,4.6496e+06,319.317,1.05801,1136,31,9,1,0,0,0,56,13460,545,0.051288,0,20,-808.913
360,6,1296,1295,1,1.62479e+06,460281,0,4.6496e+06,317.32,1.15437,1118,53,15,4,0,0,0,48,13645,543,0.064564,0,20,-810.14
361,6.01667,1296,1295,1,1.62015e+06,455983,0,4.6496e+06,315.338,1.164,1140,50,21,2,0,0,0,34,13530,548,0.072322,0,20,-811.363
362,6.03333,1296,1295,1,1.61209e+06,448290,0,4.6496e+06,313.365,1.09207,1151,43,11,3,0,0,0,37,13540,550,0.024256,0,20,-812.581
363,6.05,1296,1295,1,1.60656e+06,443157,0,4.6496e+06,311.406,0.951612,1138,35,13,0,0,0,0,26,13435,548,0.039813,0,20,-813.795
364,6.06667,1296,1295,1,1.60126e+06,438251,0,4.6496e+06,309.457,0.957644,1135,45,10,2,0,0,0,34,13528,547,0.031756,0,20,-815.004
365,6.08333,1296,1295,1,1.59607e+06,433480,0,4.6496e+06,307.523,0.967056,1146,33,11,1,0,0,0,32,13491,554,0.081734,0,20,-816.209
366,6.1,1296,1295,1,1.59083e+06,428673,0,4.6496e+06,305.599,0.924138,1113,28,8,1,0,0,0,34,13386,553,0.053863,0,20,-817.409
367,6.11667,1296,1295,1,1.58566e+06,423950,0,4.6496e+06,303.684,0.882839,1117,33,13,1,0,0,0,42,13475,548,0.026504,0,20,-818.604
368,6.13333,1296,1295,1,1.58052e+06,419280,0,4.6496e+06,301.784,0.87751,1084,41,15,0,0,0,0,36,13363,555,0.02583,0,20,-819.795
369,6.15,1296,1295,1,1.57548e+06,414711,0,4.6496e+06,299.894,0.885046,1107,29,16,2,0,0,0,46,13453,555,0.028514,0,20,-820.982
370,6.16667,1296,1295,1,1.57068e+06,410371,0,4.6496e+06,298.015,0.935002,1124,45,20,2,0,0,0,26,13377,557,0.103972,0,20,-822.164
371,6.18333,1296,1295,1,1.56631e+06,406464,0,4.6496e+06,296.148,1.37837,1136,39,14,7,0,0,0,35,13603,559,0.038115,0,20,-823.342
372,6.2,1296,1295,1,1.56184e+06,402407,0,4.6496e+06,294.292,1.56942,1164,62,20,7,0,0,0,37,13564,554,0.091074,0,20,-824.516
373,6.21667,1296,1295,1,1.55748e+06,398478,0,4.6496e+06,292.447,1.7782,1174,62,21,8,0,0,0,38,13682,544,0.065598,0,20,-825.685
374,6.23333,1296,1295,1,1.55313e+06,394492,0,4.6496e+06,290.614,2.04289,1200,64,19,5,0,0,0,21,13662,542,0.049156,0,20,-826.85
375,6.25,1296,1295,1,1.54759e+06,389324,0,4.6496e+06,288.791,1.41991,1184,51,17,3,0,0,0,29,13763,543,0.030115,0,20,-828.01
376,6.26667,1296,1295,1,1.54308e+06,385187,0,4.6496e+06,286.979,1.46441,1168,48,13,1,0,0,0,35,13418,541,0.029832,0,20,-829.167
377,6.28333,1296,1295,1,1.53852e+06,380981,0,4.6496e+06,285.176,1.37987,1164,41,13,2,0,0,0,22,13533,543,0.034683,0,20,-830.319
378,6.3,1296,1295,1,1.53428e+06,377088,0,4.6496e+06,283.387,1.54555,1151,47,12,0,0,0,0,27,13534,560,0.051713,0,20,-831.467
379,6.31667,1296,1295,1,1.52927e+06,372446,0,4.6496e+06,281.609,1.16503,1146,33,14,1,0,0,0,16,13431,555,0.025906,0,20,-832.611
380,6.33333,1296,1295,1,1.52476e+06,368329,0,4.6496e+06,279.84,1.13536,1163,43,13,1,0,0,0,27,13310,529,0.032893,0,20,-833.75
381,6.35,1296,1295,1,1.5203e+06,364306,0,4.6496e+06,278.082,1.00383,1142,27,12,1,0,0,0,26,13318,541,0.039864,0,20,-834.886
382,6.36667,1296,1295,1,1.5159e+06,360369,0,4.6496e+06,276.334,0.954389,1118,36,19,0,0,0,0,28,13250,550,0.031561,0,20,-836.017
383,6.38333,1296,1295,1,1.51153e+06,356472,0,4.6496e+06,274.595,0.903299,1127,29,14,0,0,0,0,23,13133,551,0.028361,0,20,-837.144
384,6.4,1296,1295,1,1.50692e+06,352371,0,4.6496e+06,272.867,0.84344,1125,33,6,0,0,0,0,24,13284,572,0.049304,0,20,-838.268
385,6.41667,1296,1295,1,1.50217e+06,348137,0,4.6496e+06,271.148,0.825026,1091,27,9,1,0,0,0,22,13159,569,0.189975,0,20,-839.387
386,6.43333,1296,1295,1,1.49799e+06,344479,0,4.6496e+06,269.446,0.846534,1124,35,14,1,0,0,0,25,13205,570,0.035027,0,20,-840.502
387,6.45,1296,1294,2,1.49882e+06,345833,834.042,4.65044e+06,267.754,2.35897,1137,46,23,5,1,0,0,32,13345,559,0.19167,0,20,-841.614
388,6.46667,1296,1294,2,1.49569e+06,343198,0,4.65044e+06,266.072,3.21997,1126,56,11,7,0,0,0,37,13457,565,0.109233,7,20,-842.721
389,6.48333,1296,1295,1,1.49163e+06,339627,0,4.65044e+06,264.4,2.87546,1155,46,13,3,0,0,1,33,13435,533,0.130037,0,20,-843.824
390,6.5,1296,1295,1,1.48454e+06,333023,0,4.65044e+06,262.737,3.14259,1178,52,9,2,0,0,0,33,13453,529,0.058354,0,20,-844.924
391,6.51667,1296,1295,1,1.47898e+06,327957,0,4.65044e+06,261.085,2.00327,1178,35,11,2,0,0,0,31,13498,526,0.04711,0,20,-846.019
392,6.53333,1296,1295,1,1.47478e+06,324255,0,4.65044e+06,259.443,1.68626,1205,42,17,7,0,0,0,31,13376,527,0.049539,0,20,-847.111
393,6.55,1296,1295,1,1.47055e+06,320521,0,4.65044e+06,257.81,1.32522,1178,51,10,3,0,0,0,45,13412,519,0.055711,0,20,-848.199
394,6.56667,1296,1295,1,1.4665e+06,316996,0,4.65044e+06,256.187,1.15776,1191,38,11,2,0,0,0,21,13327,530,0.030675,0,20,-849.283
395,6.58333,1296,1295,1,1.4626e+06,313646,0,4.65044e+06,254.574,1.09818,1163,32,11,0,0,0,0,41,13358,542,0.034237,0,20,-850.363
396,6.6,1296,1295,1,1.45874e+06,310343,0,4.65044e+06,252.969,1.10263,1160,31,12,0,0,0,0,40,13362,542,0.026078,0,20,-851.44
397,6.61667,1296,1295,1,1.455e+06,307189,0,4.65044e+06,251.375,1.12743,1175,23,10,0,0,0,0,38,13291,550,0.050283,0,20,-852.513
398,6.63333,1296,1295,1,1.45127e+06,304032,0,4.65044e+06,249.79,1.19307,1167,38,12,1,0,0,0,34,13388,557,0.032367,0,20,-853.582
399,6.65,1296,1295,1,1.44768e+06,301014,0,4.65044e+06,248.216,1.1942,1179,50,20,1,0,0,0,44,13385,546,0.034488,0,20,-854.647
400,6.66667,1296,1295,1,1.44394e+06,297855,0,4.65044e+06,246.651,1.1559,1169,40,10,0,0,0,0,38,13480,548,0.037188,0,20,-855.709
401,6.68333,1296,1295,1,1.44078e+06,295261,0,4.65044e+06,245.095,1.29297,1180,44,19,3,0,0,0,49,13441,534,0.084715,0,20,-856.767
402,6.7,1296,1295,1,1.43714e+06,292195,0,4.65044e+06,243.55,1.26954,1184,35,16,1,0,0,0,32,13381,523,0.081902,0,20,-857.821
403,6.71667,1296,1295,1,1.43338e+06,288991,0,4.65044e+06,242.013,1.24861,1187,41,9,4,0,0,0,72,13418,504,0.050139,0,20,-858.872
404,6.73333,1296,1295,1,1.42985e+06,286031,0,4.65044e+06,240.487,1.13863,1189,32,10,1,0,0,0,56,13483,511,0.04935,0,20,-859.919
405,6.75,1296,1295,1,1.4264e+06,283159,0,4.65044e+06,238.969,1.15094,1194,35,12,0,0,0,0,50,13416,526,0.020739,0,20,-860.963
406,6.76667,1296,1295,1,1.42337e+06,280719,0,4.65044e+06,237.462,1.17818,1186,33,11,0,0,0,0,72,13617,520,0.238735,0,20,-862.003
407,6.78333,1296,1295,1,1.42289e+06,280829,0,4.65044e+06,235.958,1.05406,1161,39,4,1,0,0,0,52,13504,552,0.526344,0,20,-863.04
408,6.8,1296,1295,1,1.42748e+06,286007,4584.24,4.65502e+06,234.463,1.10181,1176,28,9,1,0,0,0,71,13524,534,0.609063,0,20,-864.073
409,6.81667,1296,1295,1,1.41534e+06,274462,0,4.65502e+06,232.979,1.07437,1174,39,12,1,0,0,0,45,13523,556,0.492893,0,20,-865.102
410,6.83333,1296,1295,1,1.4152e+06,274945,0,4.65502e+06,231.504,1.03689,1148,32,12,2,0,0,0,54,13656,536,0.471636,0,20,-866.128
411,6.85,1296,1295,1,1.41525e+06,275602,49.3536,4.65507e+06,230.037,1.07538,1138,36,15,2,0,0,0,35,13590,559,0.659455,0,20,-867.151
412,6.86667,1296,1295,1,1.43764e+06,298475,22390.3,4.67746e+06,228.58,1.17853,1158,51,10,5,0,0,0,54,13604,569,0.349365,0,20,-868.17
413,6.88333,1296,1295,1,1.43358e+06,294903,0,4.67746e+06,227.133,0.867602,1125,30,7,0,0,0,0,30,13615,567,0.035148,0,20,-869.186
414,6.9,1296,1295,1,1.42989e+06,291689,0,4.67746e+06,225.694,0.904431,1126,36,13,0,0,0,0,69,13597,552,0.029618,0,20,-870.199
415,6.91667,1296,1295,1,1.42627e+06,288579,0,4.67746e+06,224.267,0.864764,1141,31,12,0,0,0,0,42,13715,570,0.025696,0,20,-871.208
416,6.93333,1296,1295,1,1.42272e+06,285526,0,4.67746e+06,222.847,0.847724,1126,35,9,0,0,0,0,67,13658,565,0.023097,0,20,-872.214
417,6.95,1296,1295,1,1.41928e+06,282576,0,4.67746e+06,221.436,0.856086,1126,36,11,1,0,0,0,50,13778,565,0.03234,0,20,-873.216
418,6.96667,1296,1295,1,1.41585e+06,279644,0,4.67746e+06,220.029,0.911627,1119,37,15,2,0,0,0,24,13684,587,0.039059,0,20,-874.215
419,6.98333,1296,1295,1,1.41284e+06,277118,0,4.67746e+06,218.632,0.92293,1111,40,17,2,0,0,0,43,13632,571,0.092118,0,20,-875.211
420,7,1296,1295,1,1.40989e+06,274626,0,4.67746e+06,217.244,1.0359,1118,49,7,8,0,0,0,81,13752,556,0.065039,0,20,-876.204
421,7.01667,1296,1295,1,1.4063e+06,271507,0,4.67746e+06,215.866,1.05794,1128,36,10,1,0,0,0,49,13644,545,0.07387,0,20,-877.193
422,7.03333,1296,1295,1,1.40342e+06,269062,0,4.67746e+06,214.496,1.35886,1118,42,21,10,0,0,0,45,13716,573,0.050937,0,20,-878.18
423,7.05,1296,1295,1,1.4e+06,266099,0,4.67746e+06,213.136,1.13863,1135,38,11,1,0,0,0,64,13648,546,0.041154,0,20,-879.163
424,7.06667,1296,1295,1,1.39669e+06,263241,0,4.67746e+06,211.784,1.11917,1110,41,11,1,0,0,0,50,13622,555,0.072163,0,20,-880.143
425,7.08333,1296,1295,1,1.39362e+06,260620,0,4.67746e+06,210.438,1.1938,1117,46,14,4,0,0,0,66,13749,552,0.089677,0,20,-881.119
426,7.1,1296,1295,1,1.39076e+06,258221,0,4.67746e+06,209.099,1.32862,1126,34,16,3,0,0,0,57,13551,563,0.069389,0,20,-882.093
427,7.11667,1296,1295,1,1.38806e+06,255949,0,4.67746e+06,207.769,1.5499,1117,42,13,4,0,0,0,56,13684,555,0.132215,0,20,-883.063
428,7.13333,1296,1295,1,1.38451e+06,252830,0,4.67746e+06,206.448,1.35908,1138,34,16,4,0,0,0,53,13555,540,0.110468,0,21,-884.03
429,7.15,1296,1295,1,1.38131e+06,250076,0,4.67746e+06,205.136,1.21782,1124,32,11,1,0,0,0,23,13610,556,0.047188,0,21,-884.995
430,7.16667,1296,1295,1,1.37828e+06,247507,0,4.67746e+06,203.834,1.08793,1123,32,7,0,0,0,0,52,13713,562,0.029651,0,21,-885.956
431,7.18333,1296,1295,1,1.49091e+06,360134,112632,4.79009e+06,202.535,6.1407,1150,113,38,48,0,0,0,66,13630,529,0.385253,0,21,-886.914
432,7.2,1296,1295,1,1.45427e+06,323423,0,4.79009e+06,201.245,5.02704,1211,125,51,31,0,0,0,48,13950,518,0.512951,0,21,-887.869
433,7.21667,1296,1295,1,1.43729e+06,306374,0,4.79009e+06,199.962,3.55653,1222,84,23,13,0,0,0,34,13653,535,0.398412,0,21,-888.821
434,7.23333,1296,1295,1,1.42768e+06,296792,0,4.79009e+06,198.689,2.68586,1206,49,8,0,0,0,0,37,13465,529,0.463018,0,21,-889.77
435,7.25,1296,1295,1,1.42566e+06,294832,0,4.79009e+06,197.426,2.10167,1189,32,6,1,0,0,0,41,13276,529,0.531879,0,21,-890.716
436,7.26667,1296,1295,1,1.42995e+06,299194,4284.09,4.79438e+06,196.167,1.92418,1158,36,6,2,0,0,0,47,13246,547,0.489303,0,21,-891.659
437,7.28333,1296,1295,1,1.42602e+06,295388,0,4.79438e+06,194.915,1.86491,1172,28,8,0,0,0,0,30,13103,544,0.031027,0,21,-892.599
438,7.3,1296,1295,1,1.42229e+06,291837,0,4.79438e+06,193.672,1.7379,1155,20,6,1,0,0,0,45,12957,563,0.136031,0,21,-893.536
439,7.31667,1296,1294,2,1.41872e+06,288464,0,4.79438e+06,192.438,1.64288,1150,35,10,2,0,1,0,37,12966,551,0.058507,0,21,-894.471
440,7.33333,1296,1294,2,1.41508e+06,285069,0,4.79438e+06,191.206,1.51371,1131,22,6,0,0,0,0,37,13042,549,0.052371,0,21,-895.402
441,7.35,1296,1294,2,1.4116e+06,281837,0,4.79438e+06,189.984,1.41023,1106,36,5,0,0,0,0,56,12942,537,0.040561,0,21,-896.33
442,7.36667,1296,1294,2,1.40815e+06,278687,0,4.79438e+06,188.772,1.34081,1111,21,13,1,0,0,0,42,12937,558,0.036204,0,21,-897.256
443,7.38333,1296,1294,2,1.40474e+06,275592,0,4.79438e+06,187.567,1.27922,1115,32,12,0,0,0,0,47,12991,563,0.044704,0,21,-898.179
444,7.4,1296,1294,2,1.40146e+06,272647,0,4.79438e+06,186.366,1.45662,1126,27,12,3,0,0,0,47,12985,547,0.047211,0,21,-899.099
445,7.41667,1296,1294,2,1.3981e+06,269632,0,4.79438e+06,185.174,1.30361,1128,40,16,1,0,0,0,51,12933,536,0.037061,0,21,-900.016
446,7.43333,1296,1294,2,1.39475e+06,266655,0,4.79438e+06,183.991,1.24726,1128,31,11,0,0,0,0,90,12987,517,0.037805,0,21,-900.93
447,7.45,1296,1294,2,1.39154e+06,263820,0,4.79438e+06,182.815,1.20373,1133,29,13,1,0,0,0,42,12890,537,0.128677,0,21,-901.842
448,7.46667,1296,1294,2,1.38823e+06,260906,0,4.79438e+06,181.643,1.21202,1132,37,7,0,0,0,0,46,12999,539,0.032684,0,21,-902.751
449,7.48333,1296,1294,2,1.38686e+06,259928,0,4.79438e+06,180.48,1.53467,1166,53,27,0,0,0,0,28,12925,554,0.031878,0,21,-903.657
450,7.5,1296,1294,2,1.38246e+06,255920,0,4.79438e+06,179.324,1.68061,1168,43,18,2,0,0,0,44,13092,543,0.045164,0,21,-904.56
451,7.51667,1296,1294,2,1.37896e+06,252827,0,4.79438e+06,178.178,1.37169,1177,40,16,0,0,0,0,41,13088,532,0.030972,0,21,-905.461
452,7.53333,1296,1294,2,1.37572e+06,249993,0,4.79438e+06,177.033,1.17399,1166,37,4,1,0,0,0,36,13187,546,0.02484,0,21,-906.359
453,7.55,1296,1294,2,1.37266e+06,247371,0,4.79438e+06,175.899,1.19955,1160,31,13,0,0,0,0,23,13163,550,0.032837,0,21,-907.254
454,7.56667,1296,1294,2,1.36948e+06,244638,0,4.79438e+06,174.774,1.13313,1156,39,11,2,0,0,0,25,13183,570,0.02672,0,21,-908.147
455,7.58333,1296,1294,2,1.36644e+06,242042,0,4.79438e+06,173.651,1.11615,1164,45,14,1,0,0,0,49,13139,561,0.032523,0,21,-909.037
456,7.6,1296,1294,2,1.36342e+06,239485,0,4.79438e+06,172.537,1.07635,1161,30,4,0,0,0,0,37,13263,577,0.030451,0,21,-909.924
457,7.61667,1296,1294,2,1.36047e+06,236999,0,4.79438e+06,171.432,1.11083,1157,30,10,0,0,0,0,47,13282,565,0.032078,0,21,-910.809
458,7.63333,1296,1294,2,1.35749e+06,234492,0,4.79438e+06,170.335,1.13593,1145,34,9,1,0,0,0,35,13283,565,0.058389,0,21,-911.691
459,7.65,1296,1293,3,1.3546e+06,232075,0,4.79438e+06,169.241,1.14807,1159,37,16,0,0,1,0,82,13172,532,0.046736,0,21,-912.571
460,7.66667,1296,1293,3,1.35173e+06,229692,0,4.79438e+06,168.156,1.10638,1148,32,13,1,0,0,0,42,13308,542,0.02946,0,21,-913.448
461,7.68333,1296,1293,3,1.34882e+06,227280,0,4.79438e+06,167.079,1.09636,1168,36,12,2,0,0,0,40,13237,562,0.049589,0,21,-914.322
462,7.7,1296,1292,4,1.34599e+06,224941,0,4.79438e+06,166.004,1.09448,1158,39,12,0,0,1,0,28,13319,563,0.045337,0,21,-915.194
463,7.71667,1296,1291,5,1.34317e+06,222609,0,4.79438e+06,164.938,1.11834,1167,45,8,0,0,1,0,78,13399,547,0.040118,0,21,-916.064
464,7.73333,1296,1291,5,1.34045e+06,220399,0,4.79438e+06,163.881,1.12221,1147,36,10,1,0,0,0,49,13436,559,0.041652,0,21,-916.931
465,7.75,1296,1291,5,1.33773e+06,218174,0,4.79438e+06,162.826,1.14988,1172,44,11,2,0,0,0,56,13558,559,0.033834,0,21,-917.795
466,7.76667,1296,1291,5,1.33495e+06,215897,0,4.79438e+06,161.78,1.18775,1144,27,2,3,0,0,0,68,13686,565,0.037973,0,21,-918.657
467,7.78333,1296,1291,5,1.3323e+06,213743,0,4.79438e+06,160.742,1.09013,1172,44,14,0,0,0,0,53,13598,560,0.035666,0,21,-919.516
468,7.8,1296,1291,5,1.32965e+06,211611,0,4.79438e+06,159.707,1.10535,1145,22,6,0,0,0,0,41,13656,563,0.046037,0,21,-920.373
469,7.81667,1296,1291,5,1.32726e+06,209732,0,4.79438e+06,158.68,1.27305,1140,25,8,1,0,0,0,41,13606,561,0.158581,0,21,-921.228
470,7.83333,1296,1291,5,1.32633e+06,209268,0,4.79438e+06,157.66,1.97866,1165,58,20,13,0,0,0,51,13485,556,0.098377,0,21,-922.08
471,7.85,1296,1291,5,1.3235e+06,206863,0,4.79438e+06,156.642,1.77712,1153,61,5,6,0,0,0,77,13692,512,0.114619,0,21,-922.93
472,7.86667,1296,1291,5,1.32007e+06,203875,0,4.79438e+06,155.634,1.4395,1159,31,13,3,0,0,0,36,13598,527,0.064184,0,21,-923.777
473,7.88333,1296,1291,5,1.31717e+06,201423,0,4.79438e+06,154.627,1.21996,1141,28,14,0,0,0,0,55,13665,533,0.039175,0,21,-924.622
474,7.9,1296,1291,5,1.31463e+06,199344,0,4.79438e+06,153.63,1.1658,1135,27,6,0,0,0,0,51,13571,527,0.031677,0,21,-925.465
475,7.91667,1296,1291,5,1.31246e+06,197636,0,4.79438e+06,152.64,1.28752,1123,30,15,2,0,0,0,48,13650,540,0.041049,0,21,-926.305
476,7.93333,1296,1290,6,1.3099e+06,195547,0,4.79438e+06,151.653,1.2419,1127,33,9,3,0,1,0,44,13573,548,0.038928,0,21,-927.143
477,7.95,1296,1290,6,1.3076e+06,193744,0,4.79438e+06,150.675,1.12114,1120,25,11,0,0,0,0,30,13602,562,0.032685,0,21,-927.978
478,7.96667,1296,1290,6,1.30512e+06,191770,0,4.79438e+06,149.705,1.12127,1120,32,10,0,0,0,0,25,13585,549,0.031421,0,21,-928.812
479,7.98333,1296,1290,6,1.30272e+06,189906,0,4.79438e+06,148.738,1.09108,1116,25,10,0,0,0,0,27,13613,559,0.027111,0,21,-929.643
480,8,1296,1290,6,1.3004e+06,188133,0,4.79438e+06,147.779,1.10303,1139,33,11,1,0,0,0,16,13484,577,0.04197,0,21,-930.472
481,8.01667,1296,1290,6,1.29747e+06,185733,0,4.79438e+06,146.823,1.08722,1122,33,5,2,0,0,0,36,13542,564,0.127031,0,21,-931.298
482,8.03333,1296,1290,6,1.29503e+06,183812,0,4.79438e+06,145.873,0.987137,1127,38,11,0,0,0,0,42,13629,554,0.06438,0,21,-932.122
483,8.05,1296,1290,6,1.29269e+06,182014,0,4.79438e+06,144.933,0.995191,1113,26,10,0,0,0,0,35,13753,581,0.030745,0,21,-932.944
484,8.06667,1296,1290,6,1.29039e+06,180270,0,4.79438e+06,143.994,0.97262,1097,32,11,0,0,0,0,35,13700,571,0.026634,0,22,-933.764
485,8.08333,1296,1290,6,1.28816e+06,178597,0,4.79438e+06,143.064,1.0669,1099,23,7,0,0,0,0,41,13719,570,0.043183,0,22,-934.582
486,8.1,1296,1289,7,1.28592e+06,176930,0,4.79438e+06,142.136,1.12732,1109,23,7,1,1,0,0,44,13739,563,0.037781,1,23,-935.397
487,8.11667,1296,1290,6,1.28369e+06,175283,0,4.79438e+06,141.217,1.01448,1107,32,8,1,0,0,1,42,13795,583,0.039771,0,23,-936.211
488,8.13333,1296,1289,7,1.28151e+06,173683,0,4.79438e+06,140.3,1.09058,1116,27,8,0,0,1,0,50,13783,560,0.028641,0,23,-937.022
489,8.15,1296,1289,7,1.27928e+06,172050,0,4.79438e+06,139.39,1.11105,1099,24,7,0,0,0,0,49,13981,575,0.03349,0,23,-937.831
490,8.16667,1296,1289,7,1.27714e+06,170489,0,4.79438e+06,138.488,1.09465,1109,35,11,0,0,0,0,53,13824,567,0.036667,0,23,-938.637
491,8.18333,1296,1289,7,1.275e+06,168935,0,4.79438e+06,137.589,1.02579,1111,24,14,1,0,0,0,44,13954,571,0.042201,0,23,-939.442
492,8.2,1296,1289,7,1.27288e+06,167411,0,4.79438e+06,136.698,1.01247,1114,29,4,1,0,0,0,40,14118,577,0.033435,0,23,-940.245
493,8.21667,1296,1289,7,1.27079e+06,165911,0,4.79438e+06,135.81,1.00672,1100,31,6,0,0,0,0,60,14029,567,0.030922,0,23,-941.045
494,8.23333,1296,1289,7,1.26895e+06,164675,0,4.79438e+06,134.93,1.16817,1104,27,6,3,0,0,0,40,14124,583,0.121219,0,23,-941.844
495,8.25,1296,1289,7,1.26684e+06,163140,0,4.79438e+06,134.051,1.20761,1082,34,10,7,0,0,0,39,14010,570,0.122724,0,23,-942.64
496,8.26667,1296,1289,7,1.26471e+06,161602,0,4.79438e+06,133.18,1.12119,1121,37,13,0,0,0,0,35,14118,566,0.059924,0,23,-943.434
497,8.28333,1296,1289,7,1.26268e+06,160156,0,4.79438e+06,132.312,1.04521,1092,24,11,0,0,0,0,50,14101,578,0.048408,0,23,-944.226
498,8.3,1296,1289,7,1.2606e+06,158653,0,4.79438e+06,131.452,1.02236,1114,37,12,2,0,0,0,49,14233,558,0.077759,0,23,-945.016
499,8.31667,1296,1289,7,1.25871e+06,157313,0,4.79438e+06,130.601,1.1333,1092,36,14,1,0,0,0,60,14289,564,0.051664,0,23,-945.805
500,8.33333,1296,1289,7,1.25681e+06,155954,0,4.79438e+06,129.75,1.08839,1095,28,18,0,0,0,0,77,14299,554,0.051814,0,23,-946.591
501,8.35,1296,1289,7,1.25501e+06,154697,0,4.79438e+06,128.908,1.28428,1095,37,12,1,0,0,0,61,14259,537,0.031144,0,23,-947.375
502,8.36667,1296,1289,7,1.2531e+06,153296,0,4.79438e+06,128.068,1.16337,1108,35,10,1,0,0,0,115,14237,513,0.060512,0,23,-948.157
503,8.38333,1296,1289,7,1.25131e+06,152009,0,4.79438e+06,127.237,1.06805,1118,38,12,0,0,0,0,67,14129,545,0.028429,0,23,-948.937
504,8.4,1296,1289,7,1.24948e+06,150715,0,4.79438e+06,126.408,1.10901,1119,25,17,1,0,0,0,53,14203,556,0.034218,0,23,-949.715
505,8.41667,1296,1289,7,1.24763e+06,149390,0,4.79438e+06,125.586,1.00828,1101,23,14,0,0,0,0,76,14229,545,0.022838,0,23,-950.492
506,8.43333,1296,1289,7,1.24603e+06,148317,0,4.79438e+06,124.766,1.08797,1123,39,13,1,0,0,0,82,14119,527,0.025773,0,23,-951.266
507,8.45,1296,1289,7,1.24414e+06,146969,0,4.79438e+06,123.955,1.11583,1114,30,8,0,0,0,0,40,14293,558,0.031466,0,23,-952.038
508,8.46667,1296,1289,7,1.24236e+06,145722,0,4.79438e+06,123.146,1.07702,1090,32,9,1,0,0,0,61,14173,551,0.037068,0,23,-952.809
509,8.48333,1296,1289,7,1.24053e+06,144441,0,4.79438e+06,122.344,0.942394,1097,37,12,0,0,0,0,61,14091,560,0.0385,0,23,-953.577
510,8.5,1296,1289,7,1.23879e+06,143251,0,4.79438e+06,121.544,0.898258,1101,23,6,0,0,0,0,89,14040,537,0.02871,0,23,-954.344
511,8.51667,1296,1289,7,1.23708e+06,142112,0,4.79438e+06,120.753,0.887975,1107,26,8,0,0,0,0,53,14004,551,0.029278,0,23,-955.109
512,8.53333,1296,1289,7,1.23535e+06,140962,0,4.79438e+06,119.964,0.856753,1083,31,8,0,0,0,0,36,14165,569,0.023638,0,23,-955.872
513,8.55,1296,1288,8,1.23366e+06,139839,0,4.79438e+06,119.182,0.915911,1068,33,8,0,0,1,0,55,14015,568,0.02935,0,23,-956.633
514,8.56667,1296,1288,8,1.23195e+06,138722,0,4.79438e+06,118.402,0.869306,1060,26,18,0,0,0,0,45,14010,576,0.023842,3,23,-957.392
515,8.58333,1296,1289,7,1.23028e+06,137637,0,4.79438e+06,117.63,0.8308,1056,28,15,1,0,0,1,46,14042,573,0.028017,0,23,-958.149
516,8.6,1296,1289,7,1.2286e+06,136567,0,4.79438e+06,116.861,0.872439,1072,31,12,0,0,0,0,42,14056,562,0.027764,0,23,-958.904
517,8.61667,1296,1289,7,1.22697e+06,135527,0,4.79438e+06,116.098,0.836238,1062,31,11,0,0,0,0,65,14062,557,0.024985,0,23,-959.658
518,8.63333,1296,1289,7,1.22535e+06,134513,0,4.79438e+06,115.338,0.963602,1061,36,15,2,0,0,0,37,14070,575,0.028502,0,23,-960.41
519,8.65,1296,1289,7,1.22367e+06,133440,0,4.79438e+06,114.586,0.909842,1043,35,8,0,0,0,0,46,13975,570,0.029472,0,23,-961.16
520,8.66667,1296,1289,7,1.22212e+06,132464,0,4.79438e+06,113.836,0.95009,1062,33,10,1,0,0,0,44,14023,571,0.039162,0,23,-961.908
521,8.68333,1296,1289,7,1.22054e+06,131475,0,4.79438e+06,113.093,0.875434,1061,34,8,0,0,0,0,91,14054,549,0.034313,0,23,-962.655
522,8.7,1296,1289,7,1.21903e+06,130540,0,4.79438e+06,112.353,0.907409,1079,29,13,0,0,0,0,46,14099,573,0.034156,0,23,-963.4
523,8.71667,1296,1288,8,1.21752e+06,129615,0,4.79438e+06,111.619,0.967136,1068,33,6,1,0,1,0,75,14046,558,0.025156,0,23,-964.143
524,8.73333,1296,1288,8,1.21601e+06,128683,0,4.79438e+06,110.888,0.957232,1078,41,11,2,0,0,0,75,14060,545,0.044852,0,24,-964.884
525,8.75,1296,1288,8,1.21446e+06,127723,0,4.79438e+06,110.159,0.977484,1105,33,20,0,0,0,0,47,14137,549,0.031534,0,24,-965.623
526,8.76667,1296,1288,8,1.21294e+06,126793,0,4.79438e+06,109.438,0.900401,1091,37,9,0,0,0,0,52,13911,543,0.043485,0,24,-966.361
527,8.78333,1296,1288,8,1.21141e+06,125859,0,4.79438e+06,108.719,0.940355,1091,38,5,0,0,0,0,68,14005,551,0.022615,0,24,-967.097
528,8.8,1296,1288,8,1.20991e+06,124951,0,4.79438e+06,108.008,0.869835,1099,33,12,0,0,0,0,65,14106,540,0.027791,0,24,-967.832
529,8.81667,1296,1288,8,1.20844e+06,124075,0,4.79438e+06,107.298,0.882792,1075,26,9,1,0,0,0,59,13965,548,0.028806,0,24,-968.564
530,8.83333,1296,1288,8,1.20688e+06,123121,0,4.79438e+06,106.596,0.867136,1098,39,12,0,0,0,0,30,13836,561,0.023393,0,24,-969.295
531,8.85,1296,1288,8,1.20535e+06,122197,0,4.79438e+06,105.895,0.847185,1082,34,13,0,0,0,0,82,13922,557,0.032359,0,24,-970.024
532,8.86667,1296,1288,8,1.20388e+06,121330,0,4.79438e+06,105.202,0.91009,1070,28,9,0,0,0,0,91,13815,529,0.027309,0,24,-970.752
533,8.88333,1296,1288,8,1.20241e+06,120475,0,4.79438e+06,104.511,0.821561,1092,31,13,0,0,0,0,58,13842,560,0.019656,0,24,-971.478
534,8.9,1296,1288,8,1.20098e+06,119650,0,4.79438e+06,103.828,0.850251,1096,29,7,1,0,0,0,76,13847,553,0.028944,0,24,-972.203
535,8.91667,1296,1288,8,1.19952e+06,118821,0,4.79438e+06,103.146,0.822036,1063,23,7,1,0,0,0,54,13890,564,0.023959,0,24,-972.925
536,8.93333,1296,1287,9,1.19809e+06,118024,0,4.79438e+06,102.466,0.849686,1063,27,8,0,0,1,0,63,13867,567,0.031111,0,24,-973.646
537,8.95,1296,1287,9,1.19669e+06,117250,0,4.79438e+06,101.795,0.82031,1069,36,10,1,0,0,0,70,13908,566,0.023537,0,24,-974.366
538,8.96667,1296,1287,9,1.19525e+06,116439,0,4.79438e+06,101.124,0.814433,1082,30,7,0,0,0,0,42,13824,575,0.022834,0,24,-975.084
539,8.98333,1296,1287,9,1.19385e+06,115671,0,4.79438e+06,100.461,0.819732,1050,27,12,0,0,0,0,67,13742,557,0.027738,0,24,-975.8
540,9,1296,1287,9,1.19255e+06,114989,0,4.79438e+06,99.8015,0.837016,1058,31,9,2,0,0,0,46,13920,585,0.023746,0,24,-976.515
541,9.01667,1296,1287,9,1.1911e+06,114168,0,4.79438e+06,99.1479,0.930824,1060,31,14,0,0,0,0,56,13687,562,0.028254,0,24,-977.228
542,9.03333,1296,1287,9,1.18983e+06,113539,0,4.79438e+06,98.4959,0.871978,1063,33,16,1,0,0,0,30,13892,567,0.050411,0,24,-977.939
543,9.05,1296,1287,9,1.18836e+06,112705,0,4.79438e+06,97.8455,0.89337,1067,38,9,0,0,0,0,45,13719,584,0.038179,0,24,-978.649
544,9.06667,1296,1287,9,1.18696e+06,111951,0,4.79438e+06,97.203,0.832609,1044,28,7,0,0,0,0,37,13761,569,0.028281,0,24,-979.358
545,9.08333,1296,1287,9,1.1856e+06,111237,0,4.79438e+06,96.5633,0.829093,1041,27,10,1,0,0,0,36,13792,566,0.024714,0,24,-980.065
546,9.1,1296,1287,9,1.18429e+06,110587,0,4.79438e+06,95.9302,0.79884,1065,37,20,1,0,0,0,24,13755,585,0.028735,0,24,-980.77
547,9.11667,1296,1287,9,1.18306e+06,110014,0,4.79438e+06,95.2985,0.855451,1078,35,15,0,0,0,0,30,13911,584,0.030893,0,24,-981.474
548,9.13333,1296,1287,9,1.18165e+06,109275,0,4.79438e+06,94.6686,0.823843,1068,21,10,2,0,0,0,37,13887,578,0.036128,0,24,-982.176
549,9.15,1296,1287,9,1.18054e+06,108850,0,4.79438e+06,94.0464,0.805604,1099,39,13,1,0,0,0,24,13803,587,0.025979,0,24,-982.877
550,9.16667,1296,1286,10,1.17893e+06,107939,0,4.79438e+06,93.4257,0.782782,1061,36,7,0,0,1,0,29,13903,586,0.023741,0,24,-983.576
551,9.18333,1296,1286,10,1.17781e+06,107528,0,4.79438e+06,92.8129,0.840967,1072,30,16,0,0,0,0,36,13905,587,0.145821,0,24,-984.274
552,9.2,1296,1286,10,1.17689e+06,107288,0,4.79438e+06,92.2017,1.1306,1089,41,14,6,0,0,0,37,14002,578,0.123413,0,24,-984.971
553,9.21667,1296,1286,10,1.17515e+06,106221,0,4.79438e+06,91.5907,0.916067,1059,41,13,1,0,0,0,57,14070,549,0.051589,0,24,-985.666
554,9.23333,1296,1286,10,1.17392e+06,105667,0,4.79438e+06,90.9889,0.951124,1070,30,24,2,0,0,0,68,14038,528,0.032523,0,24,-986.359
555,9.25,1296,1286,10,1.17258e+06,105008,0,4.79438e+06,90.3886,0.908866,1077,36,11,0,0,0,0,75,13874,526,0.048291,0,24,-987.051
556,9.26667,1296,1286,10,1.17124e+06,104354,0,4.79438e+06,89.7886,0.790686,1067,20,11,0,0,0,0,71,14116,539,0.031181,0,24,-987.742
557,9.28333,1296,1286,10,1.17049e+06,104298,0,4.79438e+06,89.1977,0.922955,1083,37,15,4,0,0,0,58,14005,553,0.068917,0,24,-988.431
558,9.3,1296,1286,10,1.16893e+06,103447,0,4.79438e+06,88.6071,0.872004,1090,31,15,1,0,0,0,43,14033,569,0.236289,0,24,-989.119
559,9.31667,1296,1286,10,1.16749e+06,102659,0,4.79438e+06,88.0257,0.960354,1095,47,17,4,0,0,0,55,14027,549,0.165298,0,24,-989.805
560,9.33333,1296,1286,10,1.16561e+06,101455,0,4.79438e+06,87.4446,0.867885,1093,28,10,0,0,0,0,32,14011,554,0.121655,0,24,-990.49
561,9.35,1296,1285,11,1.16428e+06,100793,0,4.79438e+06,86.865,0.897895,1110,21,12,1,0,1,0,41,13956,563,0.135369,0,24,-991.173
562,9.36667,1296,1285,11,1.16188e+06,99049.9,0,4.79438e+06,86.2933,0.861037,1118,21,6,1,0,0,0,27,13903,575,0.027964,0,24,-991.856
563,9.38333,1296,1285,11,1.16061e+06,98452.5,0,4.79438e+06,85.7232,0.785253,1120,32,8,1,0,0,0,45,13990,564,0.027321,0,24,-992.536
564,9.4,1296,1285,11,1.15937e+06,97891.1,0,4.79438e+06,85.1533,0.734591,1092,20,6,1,0,0,0,35,13942,576,0.034165,0,24,-993.216
565,9.41667,1296,1284,12,1.15819e+06,97372.5,0,4.79438e+06,84.5912,0.812383,1080,25,6,0,0,1,0,31,14057,578,0.060774,0,24,-993.894
566,9.43333,1296,1284,12,1.15704e+06,96885.6,0,4.79438e+06,84.0319,0.817949,1090,27,14,0,0,0,0,35,14081,579,0.079763,0,24,-994.57
567,9.45,1296,1284,12,1.15578e+06,96287.4,0,4.79438e+06,83.4793,0.728369,1050,28,8,0,0,0,0,49,14037,568,0.020161,0,24,-995.246
568,9.46667,1296,1284,12,1.15578e+06,96911.4,6.13112,4.79438e+06,82.9281,1.7267,1099,44,39,13,0,0,0,36,13880,572,0.08404,0,24,-995.92
569,9.48333,1296,1284,12,1.15382e+06,95566.1,0,4.79438e+06,82.3786,1.12188,1112,47,20,2,0,0,0,29,14053,575,0.028399,0,24,-996.592
570,9.5,1296,1284,12,1.1518e+06,94154.6,0,4.79438e+06,81.8369,0.852619,1083,40,9,0,0,0,0,49,14127,561,0.243392,0,24,-997.264
571,9.51667,1296,1284,12,1.15065e+06,93628,0,4.79438e+06,81.2955,0.811966,1065,23,12,1,0,0,0,55,14029,566,0.022864,0,24,-997.934
572,9.53333,1296,1284,12,1.14934e+06,92900.3,0,4.79438e+06,80.757,0.770099,1111,28,10,1,0,0,0,79,13992,550,0.023268,0,24,-998.602
573,9.55,1296,1284,12,1.14826e+06,92396.6,0,4.79438e+06,80.2251,0.745605,1075,25,8,0,0,0,0,67,14004,550,0.024453,0,24,-999.27
574,9.56667,1296,1284,12,1.14716e+06,91879.5,0,4.79438e+06,79.6946,0.726433,1085,28,14,0,0,0,0,58,13959,570,0.022866,0,24,-999.936
575,9.58333,1296,1284,12,1.14613e+06,91426.3,0,4.79438e+06,79.1659,0.784829,1083,27,8,0,0,0,0,68,14051,569,0.025945,0,24,-1000.6
576,9.6,1296,1284,12,1.14504e+06,90916.9,0,4.79438e+06,78.6449,0.711234,1077,30,12,0,0,0,0,75,13931,572,0.025905,0,24,-1001.26
577,9.61667,1296,1283,13,1.14398e+06,90450.3,0,4.79438e+06,78.1242,0.754171,1059,31,11,1,0,1,0,60,13989,569,0.040146,0,24,-1001.93
578,9.63333,1296,1282,14,1.14293e+06,89982,0,4.79438e+06,77.6064,0.766174,1060,33,17,1,0,1,0,83,14028,542,0.030609,0,24,-1002.59
579,9.65,1296,1282,14,1.14189e+06,89517,0,4.79438e+06,77.0953,0.752547,1048,30,8,3,0,0,0,63,14018,570,0.033385,0,24,-1003.25
580,9.66667,1296,1282,14,1.14087e+06,89083.9,0,4.79438e+06,76.5855,0.741705,1062,28,11,0,0,0,0,69,13891,547,0.023545,0,24,-1003.91
581,9.68333,1296,1282,14,1.13984e+06,88661.7,0,4.79438e+06,76.0775,0.773419,1069,27,10,0,0,0,0,58,13943,566,0.030815,0,24,-1004.56
582,9.7,1296,1282,14,1.1388e+06,88219.2,0,4.79438e+06,75.5773,0.761634,1054,29,8,0,0,0,0,56,13879,560,0.027517,0,24,-1005.22
583,9.71667,1296,1282,14,1.1378e+06,87835.4,0,4.79438e+06,75.0774,0.836527,1042,25,12,0,0,0,0,70,13837,555,0.036408,0,24,-1005.87
584,9.73333,1296,1281,15,1.13677e+06,87428.4,0,4.79438e+06,74.5788,0.837685,1064,23,9,0,0,1,0,54,13883,549,0.030836,0,24,-1006.53
585,9.75,1296,1281,15,1.13506e+06,86350.4,0,4.79438e+06,74.0885,0.807826,1065,34,9,2,0,0,0,48,13841,568,0.043103,0,24,-1007.18
586,9.76667,1296,1281,15,1.13348e+06,85373.5,0,4.79438e+06,73.5995,0.838482,1042,30,12,1,0,0,0,52,13909,565,0.259351,0,24,-1007.83
587,9.78333,1296,1281,15,1.13253e+06,85030.2,0,4.79438e+06,73.1108,0.884759,1058,33,10,2,0,0,0,71,14037,547,0.13222,0,24,-1008.48
588,9.8,1296,1281,15,1.13157e+06,84650.2,0,4.79438e+06,72.6313,0.960309,1078,40,17,0,0,0,0,65,13988,546,0.040824,0,24,-1009.13
589,9.81667,1296,1281,15,1.1306e+06,84294.6,0,4.79438e+06,72.1522,0.922727,1064,30,19,1,0,0,0,33,13963,575,0.036518,0,24,-1009.78
590,9.83333,1296,1281,15,1.12899e+06,83283.8,0,4.79438e+06,71.6734,0.910083,1085,30,14,0,0,0,0,38,13863,561,0.127944,0,24,-1010.42
591,9.85,1296,1281,15,1.12799e+06,82910.8,0,4.79438e+06,71.2024,0.899982,1081,31,9,0,0,0,0,41,13852,569,0.044239,0,24,-1011.07
592,9.86667,1296,1281,15,1.1271e+06,82613.6,0,4.79438e+06,70.7331,0.945267,1063,50,18,5,0,0,0,23,13940,579,0.037259,0,25,-1011.71
593,9.88333,1296,1281,15,1.12663e+06,82746.6,0,4.79438e+06,70.2653,1.06636,1069,39,15,3,0,0,0,42,13853,568,0.061916,0,25,-1012.36
594,9.9,1296,1281,15,1.12521e+06,81938.4,0,4.79438e+06,69.7977,0.938101,1103,43,21,0,0,0,0,42,13880,550,0.027074,0,25,-1013
595,9.91667,1296,1281,15,1.1241e+06,81459.1,0,4.79438e+06,69.3379,0.854663,1066,29,9,0,0,0,0,19,13958,588,0.051275,0,25,-1013.64
596,9.93333,1296,1281,15,1.12309e+06,81093.3,0,4.79438e+06,68.8799,0.853415,1062,20,11,0,0,0,0,39,13933,572,0.028853,0,25,-1014.28
597,9.95,1296,1281,15,1.12207e+06,80726.7,0,4.79438e+06,68.4232,0.793649,1085,28,9,2,0,0,0,48,13982,575,0.02927,0,25,-1014.92
598,9.96667,1296,1281,15,1.1211e+06,80418.4,0,4.79438e+06,67.9734,0.826894,1071,35,10,1,0,0,0,42,13859,562,0.021811,0,25,-1015.55
599,9.98333,1296,1281,15,1.1201e+06,80089.4,0,4.79438e+06,67.5253,0.843276,1065,30,8,1,0,0,0,42,13899,579,0.023546,0,25,-1016.19
600,10,1296,1281,15,1.11913e+06,79791.2,0,4.79438e+06,67.0786,0.849865,1079,34,13,2,0,0,0,41,14039,584,0.026928,0,25,-1016.83
601,10.0167,1296,1281,15,1.11809e+06,79420.8,0,4.79438e+06,66.6387,0.842688,1047,35,9,0,0,0,0,26,13816,584,0.037569,0,25,-1017.46
602,10.0333,1296,1281,15,1.11712e+06,79114.3,0,4.79438e+06,66.2,0.779748,1095,34,14,0,0,0,0,30,13810,573,0.026887,0,25,-1018.09
603,10.05,1296,1281,15,1.11613e+06,78810.4,0,4.79438e+06,65.7633,0.840635,1096,30,12,0,0,0,0,26,13823,584,0.027435,0,25,-1018.72
604,10.0667,1296,1281,15,1.11508e+06,78432.8,0,4.79438e+06,65.3277,0.80028,1076,25,11,0,0,0,0,35,13848,590,0.025557,0,25,-1019.36
605,10.0833,1296,1281,15,1.11398e+06,78019.6,0,4.79438e+06,64.899,0.862825,1076,32,9,0,0,0,0,46,13853,575,0.102216,0,25,-1019.99
606,10.1,1296,1281,15,1.11305e+06,77749.3,0,4.79438e+06,64.4708,0.910927,1078,38,5,2,0,0,0,58,13869,563,0.037534,0,25,-1020.61
607,10.1167,1296,1281,15,1.11207e+06,77437.5,0,4.79438e+06,64.0452,0.852254,1081,26,8,0,0,0,0,47,13919,567,0.026333,0,25,-1021.24
608,10.1333,1296,1280,16,1.11114e+06,77163.9,0,4.79438e+06,63.6265,0.881248,1059,29,7,1,0,1,0,55,13775,555,0.054771,0,25,-1021.87
609,10.15,1296,1278,18,1.11023e+06,76912.2,0,4.79438e+06,63.2091,0.902154,1056,31,10,0,0,2,0,47,13797,558,0.023429,0,25,-1022.49
610,10.1667,1296,1278,18,1.10928e+06,76632.5,0,4.79438e+06,62.7921,0.910258,1063,31,12,0,0,0,0,27,13725,573,0.024899,0,25,-1023.12
611,10.1833,1296,1278,18,1.10836e+06,76397.6,0,4.79438e+06,62.3777,0.923717,1067,29,9,0,0,0,0,43,13760,558,0.049859,0,25,-1023.74
612,10.2,1296,1277,19,1.10743e+06,76144.2,0,4.79438e+06,61.9703,0.976538,1069,33,12,0,0,1,0,53,13770,554,0.029692,0,25,-1024.36
613,10.2167,1296,1276,20,1.1065e+06,75889.7,0,4.79438e+06,61.5632,0.91716,1086,30,11,0,0,1,0,42,13826,570,0.032651,0,25,-1024.98
614,10.2333,1296,1276,20,1.10556e+06,75636.2,0,4.79438e+06,61.1574,0.877386,1061,28,8,0,0,0,0,45,13818,575,0.032776,0,25,-1025.61
615,10.25,1296,1276,20,1.10461e+06,75387.6,0,4.79438e+06,60.7535,0.864765,1090,22,4,0,0,0,0,39,13700,555,0.026848,0,25,-1026.22
616,10.2667,1296,1276,20,1.10368e+06,75152.3,0,4.79438e+06,60.3573,0.924123,1064,27,10,0,0,0,0,39,13927,570,0.023962,0,25,-1026.84
617,10.2833,1296,1276,20,1.10275e+06,74924.1,0,4.79438e+06,59.9614,0.921362,1090,30,10,0,0,0,0,35,13853,557,0.028893,0,25,-1027.46
618,10.3,1296,1276,20,1.10181e+06,74698.5,0,4.79438e+06,59.5661,0.837984,1061,30,9,0,0,0,0,39,13789,569,0.024043,0,25,-1028.08
619,10.3167,1296,1276,20,1.10198e+06,75569,163.412,4.79455e+06,59.1799,0.973064,1083,44,22,2,0,0,0,37,13813,559,0.144521,0,25,-1028.69
620,10.3333,1296,1275,21,1.10006e+06,74360.8,0,4.79455e+06,58.7941,0.940333,1074,34,10,0,0,1,0,28,13763,552,0.05093,0,25,-1029.31
621,10.35,1296,1274,22,1.09914e+06,74147.3,0,4.79455e+06,58.4088,0.947639,1095,38,16,3,0,1,0,40,13890,540,0.042997,0,25,-1029.92
622,10.3667,1296,1274,22,1.09816e+06,73864.4,0,4.79455e+06,58.0246,0.889668,1034,33,8,0,0,0,0,39,13949,549,0.025465,0,25,-1030.53
623,10.3833,1296,1273,23,1.09722e+06,73644.5,0,4.79455e+06,57.6489,0.839356,1064,28,10,0,0,1,0,35,13971,561,0.029667,0,25,-1031.14
624,10.4,1296,1273,23,1.0963e+06,73442.5,0,4.79455e+06,57.2744,0.837242,1065,32,10,0,0,0,0,33,14018,554,0.026211,0,25,-1031.76
625,10.4167,1296,1273,23,1.09541e+06,73261.5,0,4.79455e+06,56.9002,0.865657,1064,34,8,1,0,0,0,40,14149,564,0.026353,0,25,-1032.36
626,10.4333,1296,1273,23,1.09449e+06,73050.4,0,4.79455e+06,56.5266,0.856892,1027,29,6,0,0,0,0,45,14193,563,0.031269,0,26,-1032.97
627,10.45,1296,1273,23,1.0936e+06,72866,0,4.79455e+06,56.1606,0.8508,1044,37,13,1,0,0,0,48,13943,559,0.026988,0,26,-1033.58
628,10.4667,1296,1273,23,1.0927e+06,72678.3,0,4.79455e+06,55.7966,0.826663,1059,35,10,1,0,0,0,35,14228,573,0.03405,0,26,-1034.19
629,10.4833,1296,1273,23,1.09177e+06,72463,0,4.79455e+06,55.433,0.756502,1041,29,3,0,0,0,0,35,14085,559,0.038659,0,26,-1034.79
630,10.5,1296,1273,23,1.09087e+06,72293.9,0,4.79455e+06,55.0706,0.798663,1038,34,8,2,0,0,0,38,14237,560,0.030078,0,26,-1035.4
631,10.5167,1296,1273,23,1.08985e+06,71984.3,0,4.79455e+06,54.7151,0.801291,1039,34,6,0,0,0,0,41,14160,576,0.035231,0,26,-1036
632,10.5333,1296,1273,23,1.08902e+06,71869.4,0,4.79455e+06,54.3623,0.867792,1061,28,15,2,0,0,0,32,14188,568,0.031628,0,26,-1036.6
633,10.55,1296,1273,23,1.08808e+06,71649.3,0,4.79455e+06,54.0099,0.790302,1054,27,2,0,0,0,0,61,14047,561,0.028729,0,26,-1037.21
634,10.5667,1296,1273,23,1.08715e+06,71456.1,0,4.79455e+06,53.658,0.799806,1040,28,4,1,0,0,0,34,14087,581,0.027654,0,26,-1037.81
635,10.5833,1296,1272,24,1.08625e+06,71308.8,0,4.79455e+06,53.3138,0.789255,1039,25,11,1,0,1,0,41,14121,563,0.033115,0,26,-1038.41
636,10.6,1296,1272,24,1.08543e+06,71232.3,0,4.79455e+06,52.9701,0.874471,1045,40,14,1,0,0,0,36,14029,585,0.040501,0,26,-1039.01
637,10.6167,1296,1272,24,1.08449e+06,71052.8,0,4.79455e+06,52.6283,0.826393,1052,31,6,0,0,0,0,50,13993,566,0.025119,0,26,-1039.61
638,10.6333,1296,1272,24,1.08374e+06,71067.2,0,4.79455e+06,52.2876,0.760224,1077,34,10,1,0,0,0,42,14055,580,0.068703,0,26,-1040.2
639,10.65,1296,1271,25,1.08279e+06,70878.3,0,4.79455e+06,51.9473,0.797169,1045,29,7,1,0,1,0,42,14022,570,0.069814,0,26,-1040.8
640,10.6667,1296,1270,26,1.08175e+06,70606.1,0,4.79455e+06,51.6142,0.785471,1069,31,8,0,1,0,0,44,14133,575,0.043262,0,26,-1041.4
641,10.6833,1296,1270,26,1.08084e+06,70466.1,0,4.79455e+06,51.2821,0.792773,1037,30,14,0,0,0,0,40,14059,578,0.027217,0,26,-1041.99
642,10.7,1296,1270,26,1.07995e+06,70337.3,0,4.79455e+06,50.952,0.812222,1061,36,6,1,0,0,0,43,14215,588,0.041448,0,26,-1042.59
643,10.7167,1296,1270,26,1.07903e+06,70193.8,0,4.79455e+06,50.6224,0.777038,1035,31,9,0,0,0,0,23,14140,601,0.038961,0,26,-1043.18
644,10.7333,1296,1270,26,1.07815e+06,70081.9,0,4.79455e+06,50.3004,0.786736,1068,36,6,1,0,0,0,38,14128,584,0.030621,0,26,-1043.77
645,10.75,1296,1269,27,1.07723e+06,69940.1,0,4.79455e+06,49.979,0.843015,1029,25,8,0,0,1,0,36,14173,600,0.035602,0,26,-1044.36
646,10.7667,1296,1269,27,1.07632e+06,69798.1,0,4.79455e+06,49.6595,0.781538,1044,38,11,0,0,0,0,43,14403,590,0.023347,0,26,-1044.96
647,10.7833,1296,1269,27,1.07543e+06,69662.5,0,4.79455e+06,49.3411,0.757967,1067,36,11,1,0,0,0,30,14395,587,0.025988,0,26,-1045.55
648,10.8,1296,1269,27,1.07453e+06,69528.1,0,4.79455e+06,49.0231,0.720968,1048,31,9,0,0,0,0,46,14372,588,0.02279,0,26,-1046.14
649,10.8167,1296,1269,27,1.07366e+06,69433.5,0,4.79455e+06,48.7124,0.737226,1035,25,13,0,0,0,0,22,14245,600,0.025355,0,26,-1046.72
650,10.8333,1296,1269,27,1.07275e+06,69302.7,0,4.79455e+06,48.4026,0.729751,1038,25,12,0,0,0,0,39,14364,594,0.025006,0,26,-1047.31
651,10.85,1296,1269,27,1.07189e+06,69201.4,0,4.79455e+06,48.0948,0.796899,1040,44,7,0,0,0,0,30,14288,586,0.025777,0,26,-1047.9
652,10.8667,1296,1269,27,1.07101e+06,69092.9,0,4.79455e+06,47.7875,0.757037,1024,25,8,1,0,0,0,29,14307,596,0.03157,0,26,-1048.48
653,10.8833,1296,1269,27,1.07011e+06,68948.5,0,4.79455e+06,47.4879,0.716989,1009,34,8,0,0,0,0,42,14364,583,0.030606,0,26,-1049.07
654,10.9,1296,1269,27,1.06925e+06,68855.9,0,4.79455e+06,47.1888,0.693848,1041,23,13,0,0,0,0,27,14428,591,0.029493,0,26,-1049.65
655,10.9167,1296,1269,27,1.0684e+06,68767.4,0,4.79455e+06,46.8902,0.715554,1019,36,7,0,0,0,0,35,14440,588,0.02328,0,26,-1050.24
656,10.9333,1296,1269,27,1.06757e+06,68676,0,4.79455e+06,46.5925,0.72452,1025,37,8,0,0,0,0,35,14673,594,0.031094,0,26,-1050.82
657,10.95,1296,1269,27,1.06673e+06,68564.8,0,4.79455e+06,46.2969,0.692113,1029,35,5,1,0,0,0,38,14536,586,0.026073,0,26,-1051.4
658,10.9667,1296,1269,27,1.0659e+06,68467.6,0,4.79455e+06,46.0085,0.717838,1012,30,10,1,0,0,0,36,14634,606,0.043815,0,26,-1051.98
659,10.9833,1296,1269,27,1.0651e+06,68401,0,4.79455e+06,45.7207,0.736429,1008,32,11,0,0,0,0,45,14540,598,0.03741,0,26,-1052.56
660,11,1296,1268,28,1.06431e+06,68322.9,0,4.79455e+06,45.4338,0.760673,1035,39,8,0,0,1,0,32,14511,594,0.026145,0,26,-1053.14
661,11.0167,1296,1267,29,1.0635e+06,68238.4,0,4.79455e+06,45.1475,0.760117,1018,38,6,1,0,1,0,44,14665,597,0.034413,5,27,-1053.72
662,11.0333,1296,1268,28,1.06271e+06,68176.9,0,4.79455e+06,44.8632,0.765809,1033,30,10,2,0,0,1,36,14450,590,0.031166,0,27,-1054.3
663,11.05,1296,1268,28,1.06189e+06,68085.5,0,4.79455e+06,44.5864,0.761296,1027,35,13,0,0,0,0,33,14616,598,0.023462,0,27,-1054.88
664,11.0667,1296,1268,28,1.06107e+06,67986.1,0,4.79455e+06,44.3102,0.693601,1036,38,15,0,0,0,0,39,14606,599,0.025769,0,27,-1055.45
665,11.0833,1296,1268,28,1.06029e+06,67921.8,0,4.79455e+06,44.0347,0.702369,1031,29,7,0,0,0,0,34,14604,592,0.024856,0,28,-1056.03
666,11.1,1296,1268,28,1.05948e+06,67844.6,0,4.79455e+06,43.7599,0.717459,1018,27,4,1,0,0,0,25,14502,597,0.02985,0,28,-1056.6
667,11.1167,1296,1268,28,1.05871e+06,67781.9,0,4.79455e+06,43.4857,0.716663,1026,34,7,2,0,0,0,39,14545,596,0.029215,0,28,-1057.18
668,11.1333,1296,1268,28,1.05804e+06,67833,0,4.79455e+06,43.2203,0.762337,1023,30,18,0,0,0,0,28,14311,601,0.036944,0,28,-1057.75
669,11.15,1296,1268,28,1.05718e+06,67694.5,0,4.79455e+06,42.9556,0.725472,1033,37,12,0,0,0,0,38,14620,593,0.024537,0,28,-1058.33
670,11.1667,1296,1268,28,1.05638e+06,67609.6,0,4.79455e+06,42.6916,0.689494,1012,37,7,0,0,0,0,30,14438,596,0.048682,0,28,-1058.9
671,11.1833,1296,1268,28,1.05561e+06,67549.3,0,4.79455e+06,42.4282,0.678613,1011,36,13,1,0,0,0,37,14564,592,0.026419,0,28,-1059.47
672,11.2,1296,1268,28,1.0548e+06,67453.9,0,4.79455e+06,42.1654,0.672482,1004,34,15,0,0,0,0,52,14462,573,0.02314,0,28,-1060.04
673,11.2167,1296,1268,28,1.05413e+06,67489.2,0,4.79455e+06,41.9116,0.759366,1031,49,20,2,0,0,0,43,14474,571,0.029753,0,28,-1060.61
674,11.2333,1296,1268,28,1.0542e+06,68257.1,69.2035,4.79462e+06,41.6583,0.757804,1041,31,18,2,0,0,0,39,14510,574,0.047113,0,28,-1061.18
675,11.25,1296,1268,28,1.05345e+06,68211.5,0,4.79462e+06,41.4058,0.778609,1021,33,12,1,0,0,0,51,14451,565,0.053712,0,28,-1061.75
676,11.2667,1296,1268,28,1.06117e+06,76566,7713.95,4.80233e+06,41.1538,1.2666,1040,37,20,6,0,0,0,49,14434,569,0.049058,0,28,-1062.32
677,11.2833,1296,1268,28,1.05533e+06,71382.3,0,4.80233e+06,40.9026,1.54703,1038,45,17,4,0,0,0,43,14496,582,0.082913,0,28,-1062.88
678,11.3,1296,1268,28,1.05322e+06,69943.1,0,4.80233e+06,40.6587,1.25728,1062,29,14,0,0,0,0,17,14502,590,0.024161,0,28,-1063.45
679,11.3167,1296,1268,28,1.05179e+06,69175.9,0,4.80233e+06,40.4169,1.24438,1057,39,13,1,0,0,0,24,14336,601,0.023333,0,28,-1064.02
680,11.3333,1296,1267,29,1.05084e+06,68889,0,4.80233e+06,40.1758,1.09991,1049,37,12,0,0,1,0,26,14254,589,0.030368,0,28,-1064.58
681,11.35,1296,1267,29,1.04992e+06,68648.4,0,4.80233e+06,39.9354,0.952908,1083,36,13,0,0,0,0,23,14358,598,0.024118,3,28,-1065.15
682,11.3667,1296,1268,28,1.04905e+06,68483.7,0,4.80233e+06,39.6956,0.860016,1056,28,8,0,0,0,1,16,14197,595,0.019996,0,28,-1065.71
683,11.3833,1296,1268,28,1.04826e+06,68385.6,0,4.80233e+06,39.4565,0.843982,1070,36,7,0,0,0,0,23,14142,604,0.031129,0,28,-1066.27
684,11.4,1296,1268,28,1.04732e+06,68161.1,0,4.80233e+06,39.2248,0.894598,1065,35,13,1,0,0,0,15,14128,603,0.061079,0,28,-1066.84
685,11.4167,1296,1267,29,1.04649e+06,68046,0,4.80233e+06,38.9952,0.814806,1046,42,13,0,0,1,0,24,14168,600,0.021555,0,28,-1067.4
686,11.4333,1296,1267,29,1.04567e+06,67955.7,0,4.80233e+06,38.7662,0.848175,1055,30,10,0,0,0,0,22,14178,596,0.029596,0,28,-1067.96
687,11.45,1296,1267,29,1.04487e+06,67882.8,0,4.80233e+06,38.538,0.811882,1072,39,14,1,0,0,0,26,14222,593,0.026728,0,28,-1068.52
688,11.4667,1296,1267,29,1.04407e+06,67819.7,0,4.80233e+06,38.3103,0.82623,1049,30,11,0,0,0,0,14,14320,604,0.022141,0,28,-1069.08
689,11.4833,1296,1267,29,1.04322e+06,67712.7,0,4.80233e+06,38.0833,0.812367,1058,35,11,0,0,0,0,13,14166,612,0.028701,0,28,-1069.64
690,11.5,1296,1267,29,1.04263e+06,67862.6,0,4.80233e+06,37.8637,0.79549,1035,33,8,1,0,0,0,14,14288,605,0.021407,0,28,-1070.2
691,11.5167,1296,1266,30,1.04188e+06,67859.6,0,4.80233e+06,37.6448,0.85595,1052,42,11,3,1,0,0,27,14221,593,0.074623,0,28,-1070.76
692,11.5333,1296,1266,30,1.04095e+06,67700.5,0,4.80233e+06,37.4279,0.888414,1050,31,8,2,0,0,0,11,14256,598,0.048554,10,28,-1071.31
693,11.55,1296,1267,29,1.03999e+06,67508,0,4.80233e+06,37.2117,0.84902,1062,36,16,0,0,0,1,22,14088,594,0.030027,0,28,-1071.87
694,11.5667,1296,1267,29,1.03914e+06,67445.7,0,4.80233e+06,36.9962,0.899258,1020,29,12,2,0,0,0,16,14229,598,0.033774,0,28,-1072.43
695,11.5833,1296,1267,29,1.03831e+06,67396,0,4.80233e+06,36.7814,0.853192,1046,29,8,1,0,0,0,14,14176,607,0.041579,0,28,-1072.98
696,11.6,1296,1267,29,1.03746e+06,67351.1,0,4.80233e+06,36.5738,0.819787,1016,22,5,0,0,0,0,30,14274,591,0.042359,0,28,-1073.54
697,11.6167,1296,1267,29,1.03661e+06,67291.4,0,4.80233e+06,36.3669,0.853773,1042,37,10,0,0,0,0,26,14257,607,0.029048,0,28,-1074.09
698,11.6333,1296,1267,29,1.03576e+06,67244.8,0,4.80233e+06,36.1622,0.806537,1030,32,16,0,0,0,0,21,14234,595,0.025876,0,28,-1074.64
699,11.65,1296,1267,29,1.0349e+06,67200,0,4.80233e+06,35.9583,0.792871,1042,29,7,1,0,0,0,16,14321,605,0.029643,0,28,-1075.2
700,11.6667,1296,1267,29,1.03423e+06,67313.7,0,4.80233e+06,35.7551,0.934243,1061,55,17,5,0,0,0,12,14307,591,0.035118,0,28,-1075.75
701,11.6833,1296,1267,29,1.03335e+06,67217.4,0,4.80233e+06,35.5523,0.870858,1052,38,17,0,0,0,0,11,14465,609,0.02726,0,28,-1076.3
702,11.7,1296,1267,29,1.03256e+06,67212.4,0,4.80233e+06,35.3569,0.868991,1063,31,15,1,0,0,0,21,14284,588,0.144921,0,28,-1076.85
703,11.7167,1296,1267,29,1.03165e+06,67089.2,0,4.80233e+06,35.1622,0.820597,1044,32,13,0,0,0,0,9,14419,594,0.024499,0,28,-1077.4
704,11.7333,1296,1267,29,1.03083e+06,67045.6,0,4.80233e+06,34.9683,0.824461,1020,44,12,1,0,0,0,28,14416,593,0.030469,0,28,-1077.95
705,11.75,1296,1267,29,1.02999e+06,67006.8,0,4.80233e+06,34.7763,0.826306,1044,30,8,1,0,0,0,11,14377,606,0.026116,0,28,-1078.5
706,11.7667,1296,1267,29,1.02924e+06,67041.3,0,4.80233e+06,34.585,0.824889,1025,35,20,0,0,0,0,13,14356,616,0.025331,0,28,-1079.05
707,11.7833,1296,1267,29,1.0284e+06,66999.2,0,4.80233e+06,34.3945,0.857446,1059,32,9,1,0,0,0,22,14432,581,0.026415,0,28,-1079.6
708,11.8,1296,1267,29,1.02757e+06,66966.6,0,4.80233e+06,34.2114,0.83819,1050,30,12,0,0,0,0,35,14417,587,0.02372,0,28,-1080.15
709,11.8167,1296,1267,29,1.02675e+06,66943.5,0,4.80233e+06,34.0711,0.835557,1059,38,12,2,0,0,0,45,14432,585,0.024994,0,28,-1080.7
710,11.8333,1296,1267,29,1.02593e+06,66928.2,0,4.80233e+06,34.0135,0.815383,1039,28,6,0,0,0,0,30,14444,577,0.031559,0,28,-1081.24
711,11.85,1296,1266,30,1.0251e+06,66922.8,0,4.80233e+06,33.9562,0.798686,1080,26,11,0,1,0,0,41,14574,590,0.025091,0,28,-1081.79
712,11.8667,1296,1266,30,1.02426e+06,66896.5,0,4.80233e+06,33.8989,0.802681,1022,38,9,1,0,0,0,26,14525,595,0.022491,3,28,-1082.33
713,11.8833,1296,1267,29,1.02356e+06,67017.4,0,4.80233e+06,33.8426,0.899753,1059,36,17,1,0,0,1,25,14337,591,0.119254,0,28,-1082.88
714,11.9,1296,1267,29,1.02265e+06,66903,0,4.80233e+06,33.7864,0.815084,1054,43,13,1,0,0,0,19,14469,587,0.035834,0,28,-1083.42
715,11.9167,1296,1266,30,1.02183e+06,66884.9,0,4.80233e+06,33.7304,0.846377,1061,39,9,1,0,1,0,26,14478,588,0.029189,0,28,-1083.97
716,11.9333,1296,1266,30,1.02105e+06,66893.9,0,4.80233e+06,33.6754,0.887427,1035,41,8,0,0,0,0,22,14314,586,0.022239,0,28,-1084.51
717,11.95,1296,1266,30,1.02019e+06,66836.8,0,4.80233e+06,33.6213,0.796667,1061,30,9,1,0,0,0,16,14540,602,0.022751,0,28,-1085.05
718,11.9667,1296,1266,30,1.01939e+06,66825.2,0,4.80233e+06,33.5674,0.809707,1023,48,10,1,0,0,0,28,14371,611,0.029368,0,28,-1085.59
719,11.9833,1296,1265,31,1.01859e+06,66825.1,0,4.80233e+06,33.5136,0.79216,1033,31,12,0,1,0,0,10,14323,615,0.027755,0,28,-1086.14
720,12,1296,1265,31,1.01777e+06,66804.8,0,4.80233e+06,33.4599,0.760984,1019,30,7,1,0,0,0,15,14297,594,0.024816,0,28,-1086.68
721,12.0167,1296,1265,31,1.01696e+06,66810.8,0,4.80233e+06,33.4072,0.788903,1030,30,8,2,0,0,0,19,14361,605,0.02846,0,28,-1087.22
722,12.0333,1296,1264,32,1.01616e+06,66824.3,0,4.80233e+06,33.3545,0.761559,1018,38,11,0,1,0,0,19,14266,597,0.028018,0,28,-1087.76
723,12.05,1296,1264,32,1.01534e+06,66830.8,0,4.80233e+06,33.3021,0.794844,1043,39,11,0,0,0,0,14,14255,599,0.022817,4,28,-1088.3
724,12.0667,1296,1265,31,1.01451e+06,66818.2,0,4.80233e+06,33.2505,0.779383,1042,42,7,2,0,0,1,28,14320,590,0.029152,0,28,-1088.83
725,12.0833,1296,1265,31,1.01368e+06,66805.4,0,4.80233e+06,33.1991,0.757443,1031,30,10,1,0,0,0,25,14354,607,0.026555,0,28,-1089.37
726,12.1,1296,1265,31,1.01287e+06,66815.3,0,4.80233e+06,33.1478,0.742964,1037,26,4,0,0,0,0,9,14264,606,0.027772,0,28,-1089.91
727,12.1167,1296,1265,31,1.01207e+06,66844.5,0,4.80233e+06,33.0983,0.770669,1052,41,15,0,0,0,0,13,14395,610,0.0259,0,28,-1090.45
728,12.1333,1296,1265,31,1.01167e+06,67267.9,0,4.80233e+06,33.0497,0.812921,1050,31,14,2,0,0,0,8,14320,605,0.074479,0,28,-1090.99
729,12.15,1296,1265,31,1.01056e+06,66950.3,0,4.80233e+06,33.0012,0.868755,1083,56,13,2,0,0,0,23,14506,614,0.024439,0,28,-1091.52
730,12.1667,1296,1265,31,1.00972e+06,66901.4,0,4.80233e+06,32.9528,0.81054,1047,36,9,1,0,0,0,18,14254,600,0.025117,0,28,-1092.06
731,12.1833,1296,1265,31,1.00888e+06,66857.3,0,4.80233e+06,32.9046,0.77106,1029,39,10,1,0,0,0,16,14457,596,0.024469,0,28,-1092.59
732,12.2,1296,1265,31,1.00813e+06,66905.6,0,4.80233e+06,32.8573,0.790629,1040,39,14,0,0,0,0,13,14285,600,0.027792,0,28,-1093.13
733,12.2167,1296,1265,31,1.0073e+06,66877.5,0,4.80233e+06,32.8101,0.76616,1040,36,9,1,0,0,0,23,14394,606,0.030468,0,28,-1093.66
734,12.2333,1296,1265,31,1.00652e+06,66900.3,0,4.80233e+06,32.763,0.776558,1022,36,19,0,0,0,0,27,14237,583,0.026856,0,28,-1094.2
735,12.25,1296,1265,31,1.00575e+06,66930.7,0,4.80233e+06,32.716,0.831744,1053,40,12,0,0,0,0,21,14364,606,0.024943,0,28,-1094.73
736,12.2667,1296,1265,31,1.00495e+06,66947.2,0,4.80233e+06,32.6699,0.769454,1042,30,19,0,0,0,0,31,14209,590,0.02474,0,28,-1095.26
737,12.2833,1296,1265,31,1.00412e+06,66932.2,0,4.80233e+06,32.6238,0.756468,1041,36,10,0,0,0,0,16,14233,590,0.030583,0,28,-1095.8
738,12.3,1296,1265,31,1.00335e+06,66967.9,0,4.80233e+06,32.5779,0.768117,1046,39,16,0,0,0,0,22,14294,588,0.027835,0,28,-1096.33
739,12.3167,1296,1265,31,1.00254e+06,66987.9,0,4.80233e+06,32.5322,0.765623,1029,34,11,0,0,0,0,20,14238,604,0.029513,0,28,-1096.86
740,12.3333,1296,1265,31,1.00173e+06,66993,0,4.80233e+06,32.4873,0.809456,1038,41,6,0,0,0,0,22,14306,577,0.030789,0,28,-1097.39
741,12.35,1296,1265,31,1.00089e+06,66986.2,0,4.80233e+06,32.4425,0.749586,997,24,9,0,0,0,0,19,14289,597,0.027329,0,28,-1097.92
742,12.3667,1296,1264,32,1.00008e+06,67021.2,0,4.80233e+06,32.3978,0.746583,1029,37,14,0,1,0,0,11,14283,588,0.020651,0,28,-1098.45
743,12.3833,1296,1264,32,999305,67085.4,0,4.80233e+06,32.3533,0.757519,1037,43,13,1,0,0,0,20,14269,603,0.027128,5,28,-1098.98
744,12.4,1296,1265,31,1.06146e+06,130079,62156.9,4.86449e+06,73.6587,6.33759,1094,120,61,40,0,0,1,9,14365,574,0.397894,0,28,-1099.51
745,12.4167,1296,1265,31,1.03076e+06,100036,0,4.86449e+06,60.0913,4.53379,1140,86,30,30,0,0,0,23,14388,562,0.47715,0,29,-1100.04
746,12.4333,1296,1265,31,1.04504e+06,115012,14277.2,4.87876e+06,107.458,3.14588,1150,66,13,6,0,0,0,14,14453,545,0.501131,0,29,-1100.57
747,12.45,1296,1265,31,1.00917e+06,79796.4,0,4.87876e+06,41.9988,2.34276,1139,42,5,5,0,0,0,10,14330,554,0.566012,0,30,-1101.1
748,12.4667,1296,1265,31,1.01557e+06,86778,6394.12,4.88516e+06,46.9631,1.98388,1162,53,14,6,0,0,0,13,14308,544,0.585208,0,30,-1101.62
749,12.4833,1296,1265,31,1.01328e+06,85120.3,0,4.88516e+06,58.3696,1.54338,1151,35,9,2,0,0,0,13,14038,549,0.605434,0,30,-1102.15
750,12.5,1296,1265,31,1.00474e+06,77266,0,4.88516e+06,35.5279,1.25351,1152,25,8,1,0,0,0,13,14127,560,0.416572,0,30,-1102.68
751,12.5167,1296,1265,31,1.01143e+06,84663.3,6684.61,4.89184e+06,57.8663,1.15413,1146,33,6,0,0,0,0,10,14009,562,0.397273,0,30,-1103.2
752,12.5333,1296,1265,31,1.01525e+06,89227.4,3821.43,4.89566e+06,65.4266,1.03995,1141,30,10,0,0,0,0,9,13779,543,0.503086,0,29,-1103.73
753,12.55,1296,1265,31,995822,70541.6,0,4.89566e+06,31.9412,1.08828,1147,47,5,3,0,0,0,27,13872,537,0.319643,0,29,-1104.25
754,12.5667,1296,1265,31,998324,73790.8,2502.27,4.89817e+06,35.7567,1.02933,1126,34,6,0,0,0,0,14,13822,566,0.491481,0,29,-1104.78
755,12.5833,1296,1265,31,1.0033e+06,79554,4972.88,4.90314e+06,48.6617,0.997631,1123,34,9,1,0,0,0,10,13728,559,0.58313,0,29,-1105.3
756,12.6,1296,1265,31,1.00388e+06,80994.6,581.69,4.90372e+06,50.4594,0.966903,1099,31,7,0,0,0,0,16,13686,564,0.488124,0,29,-1105.82
757,12.6167,1296,1265,31,1.00014e+06,78031.2,0,4.90372e+06,58.647,0.925037,1100,49,9,3,0,0,0,7,13587,555,0.491686,0,29,-1106.35
758,12.6333,1296,1265,31,1.00565e+06,84357.7,5510.13,4.90923e+06,65.2861,0.920062,1094,29,6,2,0,0,0,14,13546,571,0.530171,0,29,-1106.87
759,12.65,1296,1265,31,1.01402e+06,93542.4,8373.48,4.9176e+06,70.0072,1.13342,1111,47,26,0,0,0,0,17,13645,579,0.590862,0,28,-1107.39
760,12.6667,1296,1265,31,1.01581e+06,96091.9,1781.57,4.91939e+06,71.7977,1.89036,1142,52,17,15,0,0,0,12,13745,590,0.287051,0,28,-1107.91
761,12.6833,1296,1265,31,1.00605e+06,87126.4,0,4.91939e+06,59.1711,2.63261,1161,85,29,10,0,0,0,15,13779,559,0.548753,0,29,-1108.43
762,12.7,1296,1265,31,1.00303e+06,84764.6,0,4.91939e+06,61.7964,2.64092,1160,77,17,9,0,0,0,26,13710,562,0.30398,0,28,-1108.95
763,12.7167,1296,1265,31,997091,79469.5,0,4.91939e+06,48.8045,2.38089,1148,53,16,10,0,0,0,40,13717,524,0.5153,0,28,-1109.47
764,12.7333,1296,1265,31,991203,74244.8,0,4.91939e+06,31.6015,2.68701,1162,50,11,8,0,0,0,19,13680,563,0.05692,0,28,-1110
765,12.75,1296,1264,32,988202,71930.8,0,4.91939e+06,31.5754,2.49927,1143,44,9,5,0,1,0,15,13431,569,0.048176,0,28,-1110.52
766,12.7667,1296,1264,32,986019,70469.6,0,4.91939e+06,31.5492,2.36947,1135,32,9,1,0,0,0,26,13376,576,0.102817,0,28,-1111.03
767,12.7833,1296,1264,32,984879,70084.9,0,4.91939e+06,31.5231,2.0766,1117,30,8,0,0,0,0,33,13519,564,0.028715,0,28,-1111.55
768,12.8,1296,1264,32,984077,70051,0,4.91939e+06,31.497,1.71602,1122,35,13,1,0,0,0,20,13271,560,0.071403,0,28,-1112.07
769,12.8167,1296,1264,32,983066,69829.7,0,4.91939e+06,31.471,1.70874,1104,36,11,2,0,0,0,14,13416,559,0.038056,0,28,-1112.59
770,12.8333,1296,1264,32,982129,69689.6,0,4.91939e+06,31.4449,1.46363,1098,36,10,1,0,0,0,30,13349,550,0.029807,0,28,-1113.11
771,12.85,1296,1264,32,981231,69620.3,0,4.91939e+06,31.4189,1.3646,1097,25,6,0,0,0,0,26,13425,552,0.032334,0,28,-1113.63
772,12.8667,1296,1264,32,980301,69512.8,0,4.91939e+06,31.3929,1.17975,1091,43,14,2,0,0,0,25,13402,551,0.026707,0,28,-1114.14
773,12.8833,1296,1264,32,979438,69483.7,0,4.91939e+06,31.3669,1.12424,1092,28,6,0,0,0,0,21,13475,554,0.019512,0,28,-1114.66
774,12.9,1296,1264,32,978521,69413.9,0,4.91939e+06,31.3409,1.02957,1095,22,14,0,0,0,0,27,13534,556,0.022214,0,28,-1115.18
775,12.9167,1296,1264,32,977635,69398.7,0,4.91939e+06,31.315,1.01624,1101,28,12,0,0,0,0,6,13422,569,0.027755,0,28,-1115.69
776,12.9333,1296,1264,32,976734,69374.7,0,4.91939e+06,31.289,1.0218,1124,40,11,1,0,0,0,11,13571,574,0.029603,0,28,-1116.21
777,12.95,1296,1264,32,975820,69360.5,0,4.91939e+06,31.2631,0.99806,1096,31,8,1,0,0,0,17,13506,577,0.023214,0,28,-1116.73
778,12.9667,1296,1264,32,974444,68884.1,0,4.91939e+06,31.2372,0.96675,1110,26,8,0,0,0,0,11,13413,585,0.118045,0,28,-1117.24
779,12.9833,1296,1264,32,973483,68828,0,4.91939e+06,31.2114,0.997862,1100,37,11,0,0,0,0,11,13618,583,0.04075,0,28,-1117.76
780,13,1296,1263,33,972550,68811,0,4.91939e+06,31.1855,0.965834,1109,32,7,1,0,1,0,21,13481,563,0.047316,0,28,-1118.27
781,13.0167,1296,1263,33,971522,68683.7,0,4.91939e+06,31.1597,0.929746,1094,41,10,1,0,0,0,16,13638,576,0.02692,0,28,-1118.78
782,13.0333,1296,1263,33,970575,68661.2,0,4.91939e+06,31.1339,0.932691,1115,37,6,0,0,0,0,9,13770,571,0.025771,0,28,-1119.3
783,13.05,1296,1263,33,969922,68907.4,0,4.91939e+06,31.1085,1.06046,1088,53,8,5,0,0,0,8,13694,567,0.027495,0,28,-1119.81
784,13.0667,1296,1262,34,969108,68981.6,0,4.91939e+06,31.0831,1.10566,1109,26,6,1,0,1,0,20,13776,570,0.093759,0,28,-1120.32
785,13.0833,1296,1261,35,969390,70105.5,282.091,4.91967e+06,31.0577,2.31294,1101,60,18,11,0,1,0,14,13890,566,0.074094,0,28,-1120.84
786,13.1,1296,1260,36,967662,69224,0,4.91967e+06,31.0324,1.3318,1107,36,26,0,0,1,0,14,13842,559,0.067206,0,28,-1121.35
787,13.1167,1296,1260,36,966676,69086.6,0,4.91967e+06,31.007,1.23038,1112,39,13,0,0,0,0,17,13869,546,0.032597,0,28,-1121.86
788,13.1333,1296,1260,36,966039,69308.1,0,4.91967e+06,30.9817,1.3251,1124,32,8,3,0,0,0,11,13808,557,0.038547,0,28,-1122.37
789,13.15,1296,1260,36,965299,69431.2,0,4.91967e+06,30.9564,1.65751,1113,33,13,1,0,0,0,21,13673,556,0.08384,0,28,-1122.88
790,13.1667,1296,1260,36,963856,68851.5,0,4.91967e+06,30.9315,1.13735,1099,38,10,3,0,0,0,10,13771,562,0.081193,0,28,-1123.39
791,13.1833,1296,1260,36,962774,68637.2,0,4.91967e+06,30.9065,1.02436,1098,36,6,1,0,0,0,12,13683,563,0.042654,0,28,-1123.9
792,13.2,1296,1260,36,961795,68550.9,0,4.91967e+06,30.8816,0.963976,1075,34,5,0,0,0,0,14,13685,563,0.077984,0,28,-1124.41
793,13.2167,1296,1260,36,960913,68561,0,4.91967e+06,30.8567,0.940388,1060,37,9,1,0,0,0,19,13719,567,0.036137,0,28,-1124.92
794,13.2333,1296,1260,36,960007,68570.5,0,4.91967e+06,30.8317,0.963974,1067,34,8,0,0,0,0,13,13706,571,0.033943,0,28,-1125.43
795,13.25,1296,1260,36,959130,68592.9,0,4.91967e+06,30.8069,0.998446,1073,40,7,0,0,0,0,17,13637,570,0.026804,0,28,-1125.94
796,13.2667,1296,1260,36,958311,68680.4,0,4.91967e+06,30.782,1.07989,1074,34,9,3,0,0,0,11,13716,568,0.029094,0,28,-1126.45
797,13.2833,1296,1260,36,957342,68614.6,0,4.91967e+06,30.7571,0.98151,1081,36,12,0,0,0,0,21,13865,559,0.034175,0,28,-1126.96
798,13.3,1296,1260,36,956410,68602.5,0,4.91967e+06,30.7323,0.958521,1061,31,8,0,0,0,0,22,13782,555,0.020722,0,28,-1127.47
799,13.3167,1296,1260,36,955532,68627,0,4.91967e+06,30.7074,0.976954,1059,44,6,1,0,0,0,19,13946,572,0.022845,0,28,-1127.97
800,13.3333,1296,1260,36,954623,68626.3,0,4.91967e+06,30.6826,0.956211,1053,30,16,0,0,0,0,26,13734,561,0.022114,0,28,-1128.48
801,13.35,1296,1260,36,953724,68630.9,0,4.91967e+06,30.6578,0.914328,1055,38,10,1,0,0,0,26,13844,567,0.032595,0,28,-1128.99
802,13.3667,1296,1260,36,952828,68648,0,4.91967e+06,30.633,0.933574,1073,28,11,1,0,0,0,24,13919,564,0.059714,0,28,-1129.49
803,13.3833,1296,1260,36,951975,68682.2,0,4.91967e+06,30.6082,0.937762,1059,57,10,2,0,0,0,32,13942,568,0.056108,0,28,-1130
804,13.4,1296,1260,36,951135,68734,0,4.91967e+06,30.5834,0.932183,1053,35,11,1,0,0,0,31,14015,547,0.033975,0,28,-1130.51
805,13.4167,1296,1260,36,950196,68681.5,0,4.91967e+06,30.5587,0.854032,1028,37,8,1,0,0,0,22,13882,562,0.054827,0,28,-1131.01
806,13.4333,1296,1260,36,949335,68713.7,0,4.91967e+06,30.5339,0.857438,1054,30,5,0,0,0,0,17,13945,573,0.034986,0,28,-1131.52
807,13.45,1296,1260,36,948468,68748.1,0,4.91967e+06,30.5092,0.860668,1053,30,9,3,0,0,0,14,13879,573,0.021925,0,28,-1132.02
808,13.4667,1296,1260,36,947532,68731.8,0,4.91967e+06,30.4845,0.883382,1056,36,10,0,0,0,0,22,13990,573,0.025477,0,28,-1132.52
809,13.4833,1296,1259,37,946635,68740.4,0,4.91967e+06,30.4598,0.834089,1028,48,15,0,0,1,0,22,13909,571,0.05662,0,28,-1133.03
810,13.5,1296,1259,37,945756,68773.8,0,4.91967e+06,30.4351,0.868752,1048,43,14,0,0,0,0,8,13929,573,0.032376,0,28,-1133.53
811,13.5167,1296,1259,37,944825,68756.6,0,4.91967e+06,30.4104,0.847517,1051,41,7,0,0,0,0,22,13965,580,0.028207,0,28,-1134.03
812,13.5333,1296,1258,38,943951,68803,0,4.91967e+06,30.3857,0.890452,1048,28,12,0,0,1,0,23,14021,585,0.026227,0,28,-1134.54
813,13.55,1296,1258,38,943048,68813.3,0,4.91967e+06,30.3684,0.899952,1063,46,12,1,0,0,0,29,14039,564,0.02599,0,28,-1135.04
814,13.5667,1296,1258,38,942231,68918.4,0,4.91967e+06,30.351,0.968319,1078,31,25,0,0,0,0,25,13943,585,0.043012,0,28,-1135.54
815,13.5833,1296,1258,38,941312,68903,0,4.91967e+06,30.3337,0.887509,1080,41,13,0,0,0,0,28,14130,588,0.031931,0,28,-1136.04
816,13.6,1296,1258,38,940418,68903.1,0,4.91967e+06,30.3167,0.851939,1068,47,9,0,0,0,0,23,13932,585,0.0232,0,28,-1136.55
817,13.6167,1296,1258,38,939521,68900.5,0,4.91967e+06,30.2997,0.827203,1037,42,4,0,0,0,0,28,14191,586,0.023555,0,28,-1137.05
818,13.6333,1296,1258,38,938647,68917.2,0,4.91967e+06,30.2827,0.798308,1040,41,13,0,0,0,0,23,13981,581,0.023019,0,28,-1137.55
819,13.65,1296,1258,38,937777,68937.7,0,4.91967e+06,30.2657,0.858821,1036,44,14,0,0,0,0,26,14237,581,0.032372,0,28,-1138.05
820,13.6667,1296,1258,38,936911,68953.9,0,4.91967e+06,30.2488,0.816963,1031,37,5,0,0,0,0,28,14089,576,0.033294,0,28,-1138.55
821,13.6833,1296,1258,38,936070,68999.9,0,4.91967e+06,30.2318,0.837934,1026,39,8,3,0,0,0,22,14250,586,0.039508,0,28,-1139.05
822,13.7,1296,1258,38,935177,69000.6,0,4.91967e+06,30.2149,0.847815,1028,30,13,0,0,0,0,24,14253,587,0.030717,1,28,-1139.55
823,13.7167,1296,1259,37,934292,69015,0,4.91967e+06,30.198,0.821964,1029,47,5,1,0,0,1,11,14200,601,0.040313,0,28,-1140.05
824,13.7333,1296,1259,37,933463,69088.7,0,4.91967e+06,30.1811,0.846029,1029,37,12,1,0,0,0,28,14181,589,0.032827,0,28,-1140.55
825,13.75,1296,1259,37,932568,69108.8,0,4.91967e+06,30.1642,0.867565,1039,34,10,1,0,0,0,4,14228,597,0.03679,0,28,-1141.05
826,13.7667,1296,1259,37,931705,69167.9,0,4.91967e+06,30.1473,0.92459,1045,35,8,0,0,0,0,14,14192,598,0.050461,0,28,-1141.55
827,13.7833,1296,1259,37,930831,69198.2,0,4.91967e+06,30.1304,0.941992,1066,44,10,1,0,0,0,26,14158,590,0.051536,0,28,-1142.05
828,13.8,1296,1259,37,929973,69230.8,0,4.91967e+06,30.1136,0.858093,1052,42,12,1,0,0,0,35,14324,582,0.066117,0,28,-1142.55
829,13.8167,1296,1259,37,929076,69236,0,4.91967e+06,30.0967,0.88192,1045,38,10,1,0,0,0,18,14261,598,0.029342,0,28,-1143.05
830,13.8333,1296,1259,37,928234,69281.6,0,4.91967e+06,30.0799,0.895939,1061,45,10,1,0,0,0,32,14364,591,0.026613,0,28,-1143.54
831,13.85,1296,1258,38,927377,69322.1,0,4.91967e+06,30.063,0.968717,1029,31,7,1,0,1,0,18,14215,593,0.029882,0,28,-1144.04
832,13.8667,1296,1258,38,926522,69359.6,0,4.91967e+06,30.0465,0.811746,1042,42,19,1,0,0,0,31,14359,586,0.046872,0,28,-1144.54
833,13.8833,1296,1258,38,925622,69352,0,4.91967e+06,30.0299,0.74878,1006,43,8,0,0,0,0,35,14291,578,0.022052,0,28,-1145.04
834,13.9,1296,1258,38,924738,69366.1,0,4.91967e+06,30.0134,0.805231,1043,40,9,0,0,0,0,29,14310,588,0.024474,0,28,-1145.53
835,13.9167,1296,1258,38,923870,69406.7,0,4.91967e+06,29.9969,0.794947,1019,36,14,0,0,0,0,16,14293,600,0.027956,0,28,-1146.03
836,13.9333,1296,1257,39,923025,69456.6,0,4.91967e+06,29.9804,0.803086,1023,46,9,1,1,0,0,38,14334,591,0.033822,0,28,-1146.53
837,13.95,1296,1257,39,922228,69537.6,0,4.91967e+06,29.9639,0.850743,1031,44,18,2,0,0,0,44,14451,577,0.026897,0,28,-1147.03
838,13.9667,1296,1257,39,921438,69610.8,0,4.91967e+06,29.9474,0.850294,1033,44,10,2,0,0,0,44,14392,568,0.023777,0,28,-1147.52
839,13.9833,1296,1257,39,920647,69667.6,0,4.91967e+06,29.9309,0.90125,1069,47,16,0,0,0,0,59,14441,542,0.029426,0,28,-1148.02
840,14,1296,1257,39,919831,69701.1,0,4.91967e+06,29.9144,0.872283,1086,45,12,0,0,0,0,39,14456,558,0.028936,0,28,-1148.51
841,14.0167,1296,1256,40,918999,69721.1,0,4.91967e+06,29.8979,0.839669,1056,46,9,0,1,0,0,46,14438,565,0.039057,0,28,-1149.01
842,14.0333,1296,1256,40,918106,69677.4,0,4.91967e+06,29.8815,0.814303,1066,49,15,0,0,0,0,24,14420,572,0.027298,5,28,-1149.5
843,14.05,1296,1257,39,917339,69753.5,0,4.91967e+06,29.865,0.761751,1053,45,11,0,0,0,1,28,14464,573,0.02625,0,28,-1150
844,14.0667,1296,1257,39,916404,69686,0,4.91967e+06,29.8486,0.728241,1046,33,13,0,0,0,0,32,14413,579,0.027687,0,28,-1150.49
845,14.0833,1296,1257,39,915574,69711.3,0,4.91967e+06,29.8321,0.731728,1045,37,5,0,0,0,0,36,14337,591,0.026793,0,28,-1150.99
846,14.1,1296,1257,39,914741,69744.9,0,4.91967e+06,29.8157,0.735258,1037,37,10,0,0,0,0,35,14222,575,0.023663,0,28,-1151.48
847,14.1167,1296,1257,39,913926,69790.9,0,4.91967e+06,29.7993,0.772443,986,48,13,0,0,0,0,51,14139,568,0.026548,0,28,-1151.98
848,14.1333,1296,1257,39,913179,69908.3,0,4.91967e+06,29.7829,0.828859,1039,36,12,0,0,0,0,63,14187,544,0.024789,0,28,-1152.47
849,14.15,1296,1256,40,912352,69951.1,0,4.91967e+06,29.7665,0.824658,1030,41,10,2,0,1,0,41,14243,563,0.028835,0,28,-1152.96
850,14.1667,1296,1256,40,911538,70009.6,0,4.91967e+06,29.7501,0.83936,1046,36,9,2,0,0,0,55,14332,560,0.026682,0,28,-1153.46
851,14.1833,1296,1256,40,910660,70000,0,4.91967e+06,29.7337,0.883049,1037,47,9,0,0,0,0,43,14219,550,0.038375,0,28,-1153.95
852,14.2,1296,1255,41,909828,70051.1,0,4.91967e+06,29.7173,0.888468,1040,27,13,0,1,0,0,51,14424,547,0.026331,0,28,-1154.44
853,14.2167,1296,1255,41,909005,70098.6,0,4.91967e+06,29.701,0.864629,1050,39,16,0,0,0,0,47,14184,547,0.025646,0,28,-1154.94
854,14.2333,1296,1255,41,908164,70160.5,0,4.91967e+06,29.6846,0.959724,1049,30,12,1,0,0,0,37,14226,560,0.034725,0,28,-1155.43
855,14.25,1296,1254,42,907245,70143.8,0,4.91967e+06,29.6683,0.805756,1031,41,9,0,0,1,0,55,14077,569,0.023474,0,28,-1155.92
856,14.2667,1296,1253,43,906435,70236.9,0,4.91967e+06,29.652,0.836654,1067,35,14,4,0,1,0,61,14267,540,0.033724,0,28,-1156.41
857,14.2833,1296,1253,43,905591,70280.9,0,4.91967e+06,29.6357,0.966662,1059,50,8,2,0,0,0,43,14256,570,0.053042,0,28,-1156.91
858,14.3,1296,1252,44,904612,70201.1,0,4.91967e+06,29.6196,0.898486,1055,40,11,1,0,1,0,40,14337,564,0.035016,0,28,-1157.4
859,14.3167,1296,1252,44,903758,70224.2,0,4.91967e+06,29.6036,0.867261,1036,49,12,2,0,0,0,47,14243,582,0.033637,0,28,-1157.89
860,14.3333,1296,1252,44,902860,70233.3,0,4.91967e+06,29.5875,0.830354,1036,24,12,0,0,0,0,43,14195,558,0.02875,0,28,-1158.38
861,14.35,1296,1252,44,902010,70270.3,0,4.91967e+06,29.5715,0.837706,1051,41,7,0,0,0,0,48,14265,562,0.029949,0,28,-1158.87
862,14.3667,1296,1252,44,901125,70277.7,0,4.91967e+06,29.5555,0.792251,1006,26,12,0,0,0,0,41,14252,559,0.024908,0,28,-1159.36
863,14.3833,1296,1252,44,900300,70333.2,0,4.91967e+06,29.5395,0.795128,1031,44,10,1,0,0,0,44,14102,566,0.032324,0,28,-1159.85
864,14.4,1296,1252,44,899413,70336,0,4.91967e+06,29.5234,0.778456,1037,41,9,0,0,0,0,36,14231,560,0.021767,0,28,-1160.34
865,14.4167,1296,1252,44,898594,70400,0,4.91967e+06,29.5074,0.836354,1045,36,17,0,0,0,0,53,14157,581,0.02474,0,28,-1160.83
866,14.4333,1296,1252,44,897711,70413.3,0,4.91967e+06,29.4915,0.819143,1045,24,8,0,0,0,0,30,14100,572,0.046136,0,28,-1161.32
867,14.45,1296,1252,44,896841,70430.5,0,4.91967e+06,29.4755,0.828343,1034,32,8,1,0,0,0,37,14180,582,0.026618,0,28,-1161.81
868,14.4667,1296,1252,44,895953,70450.1,0,4.91967e+06,29.4595,0.75945,1021,27,9,0,0,0,0,35,14114,581,0.01906,0,28,-1162.3
869,14.4833,1296,1252,44,895114,70502.1,0,4.91967e+06,29.4435,0.791416,1041,47,15,0,0,0,0,40,14141,578,0.02347,0,28,-1162.79
870,14.5,1296,1252,44,894230,70523.6,0,4.91967e+06,29.4275,0.778446,1029,31,8,0,0,0,0,35,14085,572,0.026512,0,28,-1163.28
871,14.5167,1296,1252,44,893373,70572.1,0,4.91967e+06,29.4116,0.750478,1044,29,18,0,0,0,0,39,14139,579,0.027627,0,28,-1163.76
872,14.5333,1296,1252,44,892538,70632.8,0,4.91967e+06,29.3956,0.780266,1043,48,8,0,0,0,0,47,14234,564,0.024946,0,28,-1164.25
873,14.55,1296,1252,44,891660,70660.3,0,4.91967e+06,29.3797,0.783778,1073,33,9,0,0,0,0,30,14156,574,0.020662,0,28,-1164.74
874,14.5667,1296,1252,44,890794,70699.8,0,4.91967e+06,29.3637,0.757543,1056,30,8,0,0,0,0,43,14235,568,0.022454,0,28,-1165.23
875,14.5833,1296,1252,44,889938,70753.7,0,4.91967e+06,29.3478,0.795767,1061,33,13,0,0,0,0,34,14125,567,0.023177,0,28,-1165.71
876,14.6,1296,1252,44,889085,70804.6,0,4.91967e+06,29.3319,0.802275,1072,37,14,0,0,0,0,26,14230,571,0.020978,0,28,-1166.2
877,14.6167,1296,1252,44,888190,70822.1,0,4.91967e+06,29.316,0.799139,1068,34,9,0,0,0,0,46,14237,566,0.027415,0,28,-1166.69
878,14.6333,1296,1252,44,887331,70875.8,0,4.91967e+06,29.3,0.793752,1067,38,18,0,0,0,0,41,14249,574,0.027516,0,28,-1167.17
879,14.65,1296,1252,44,886449,70906.7,0,4.91967e+06,29.2841,0.842311,1082,33,11,0,0,0,0,54,14221,554,0.026045,0,28,-1167.66
880,14.6667,1296,1251,45,885615,70983.6,0,4.91967e+06,29.2682,0.934905,1076,34,9,1,0,1,0,52,14164,557,0.031081,0,28,-1168.15
881,14.6833,1296,1251,45,884711,70984.1,0,4.91967e+06,29.2523,0.851798,1088,32,13,0,0,0,0,70,14155,546,0.029896,0,28,-1168.63
882,14.7,1296,1251,45,883891,71066.3,0,4.91967e+06,29.2365,0.868591,1072,25,12,0,0,0,0,101,14208,535,0.026781,0,28,-1169.12
883,14.7167,1296,1251,45,883010,71082,0,4.91967e+06,29.2206,0.842486,1063,39,9,0,0,0,0,75,14252,532,0.020052,0,28,-1169.6
884,14.7333,1296,1251,45,882183,71156.9,0,4.91967e+06,29.2047,0.906083,1088,36,7,1,0,0,0,64,13928,548,0.065503,0,28,-1170.09
885,14.75,1296,1251,45,881321,71192.4,0,4.91967e+06,29.1888,0.860371,1069,43,10,2,0,0,0,61,14090,544,0.057241,0,28,-1170.57
886,14.7667,1296,1251,45,880480,71246.5,0,4.91967e+06,29.173,0.905326,1069,39,9,1,0,0,0,73,13991,524,0.040327,0,28,-1171.06
887,14.7833,1296,1250,46,879983,71649.8,0,4.91967e+06,29.1573,1.0225,1088,37,17,1,0,1,0,50,14101,537,0.03332,0,28,-1171.54
888,14.8,1296,1250,46,878791,71352.9,0,4.91967e+06,29.1417,0.927449,1082,39,11,0,0,0,0,61,14108,521,0.035884,0,28,-1172.03
889,14.8167,1296,1250,46,878006,71471.8,0,4.91967e+06,29.126,0.969975,1074,47,14,0,0,0,0,34,14076,541,0.026882,0,28,-1172.51
890,14.8333,1296,1250,46,877042,71414.2,0,4.91967e+06,29.1104,0.868349,1088,51,4,0,0,0,0,55,13991,547,0.02783,0,28,-1172.99
891,14.85,1296,1250,46,876234,71518.1,0,4.91967e+06,29.0947,0.882924,1087,36,10,0,0,0,0,48,14016,552,0.035131,0,28,-1173.48
892,14.8667,1296,1250,46,875361,71559.4,0,4.91967e+06,29.0791,1.00849,1068,31,2,1,0,0,0,43,13966,538,0.053326,0,28,-1173.96
893,14.8833,1296,1250,46,874628,71710.2,0,4.91967e+06,29.0635,1.14999,1073,48,12,1,0,0,0,53,14095,547,0.05854,0,28,-1174.44
894,14.9,1296,1250,46,873710,71714.8,0,4.91967e+06,29.0478,1.06084,1070,31,13,0,0,0,0,40,13922,554,0.077918,0,28,-1174.93
895,14.9167,1296,1250,46,872763,71677.2,0,4.91967e+06,29.0322,0.921842,1064,42,4,1,0,0,0,55,14118,543,0.044521,0,28,-1175.41
896,14.9333,1296,1250,46,871779,71620.9,0,4.91967e+06,29.0166,0.886114,1044,31,10,1,0,0,0,41,14005,556,0.026735,0,28,-1175.89
897,14.95,1296,1250,46,871201,71951.5,0,4.91967e+06,29.0083,1.02462,1049,47,15,7,0,0,0,58,14101,544,0.032299,0,28,-1176.37
898,14.9667,1296,1250,46,870420,72075.1,0,4.91967e+06,29,1.14293,1073,47,23,5,0,0,0,64,14191,544,0.02903,0,28,-1176.86
899,14.9833,1296,1250,46,869498,72041.1,0,4.91967e+06,28.9917,1.05293,1070,56,13,2,0,0,0,52,14123,538,0.034044,0,28,-1177.34
900,15,1296,1250,46,868560,71982.4,0,4.91967e+06,28.9834,1.016,1057,44,14,0,0,0,0,31,14219,558,0.046197,0,28,-1177.82
901,15.0167,1296,1250,46,868127,72427.5,0,4.91967e+06,28.9751,1.43668,1082,55,28,3,0,0,0,15,14198,561,0.053006,0,28,-1178.3
902,15.0333,1296,1250,46,866740,71923.9,0,4.91967e+06,28.9668,0.993361,1057,49,9,1,0,0,0,34,14114,552,0.048385,0,28,-1178.78
903,15.05,1296,1250,46,865819,71898.8,0,4.91967e+06,28.9586,0.886924,1054,41,10,1,0,0,0,27,14125,570,0.036281,0,28,-1179.26
904,15.0667,1296,1250,46,864899,71885.6,0,4.91967e+06,28.9503,0.913813,1013,39,7,2,0,0,0,25,13942,577,0.039017,0,28,-1179.74
905,15.0833,1296,1250,46,864192,72065.5,0,4.91967e+06,28.942,1.11006,1063,45,21,3,0,0,0,49,14166,570,0.059389,0,28,-1180.23
906,15.1,1296,1250,46,863197,71980,0,4.91967e+06,28.9338,0.904399,1049,32,9,3,0,0,0,27,14020,585,0.028218,0,28,-1180.71
907,15.1167,1296,1250,46,862306,71995.8,0,4.91967e+06,28.9255,0.847497,1057,40,9,1,0,0,0,32,14146,569,0.029006,0,28,-1181.19
908,15.1333,1296,1250,46,861387,72014.9,0,4.91967e+06,28.9173,0.79345,1040,28,12,0,0,0,0,26,13911,577,0.034036,0,28,-1181.67
909,15.15,1296,1250,46,860470,72035.3,0,4.91967e+06,28.909,0.836949,1037,39,9,0,0,0,0,35,14014,579,0.021977,0,28,-1182.15
910,15.1667,1296,1250,46,859585,72096,0,4.91967e+06,28.9008,0.851518,1031,41,8,1,0,0,0,50,13989,563,0.036779,0,28,-1182.63
911,15.1833,1296,1250,46,858651,72113.7,0,4.91967e+06,28.8926,0.816872,1034,35,7,0,0,0,0,24,14109,594,0.030914,0,28,-1183.11
912,15.2,1296,1250,46,857730,72158.5,0,4.91967e+06,28.8843,0.810129,1034,26,7,0,0,0,0,39,14037,582,0.025437,0,28,-1183.59
913,15.2167,1296,1250,46,856821,72198.8,0,4.91967e+06,28.8763,0.798228,1020,37,11,0,0,0,0,58,14016,576,0.034746,0,28,-1184.07
914,15.2333,1296,1250,46,855921,72268.7,0,4.91967e+06,28.8683,0.851794,1053,32,17,0,0,0,0,33,14132,586,0.028105,0,28,-1184.55
915,15.25,1296,1250,46,854997,72302.3,0,4.91967e+06,28.8603,0.910991,1055,37,8,0,0,0,0,51,14155,570,0.031634,0,28,-1185.03
916,15.2667,1296,1250,46,854102,72368.5,0,4.91967e+06,28.8522,0.859666,1046,40,12,1,0,0,0,35,14207,576,0.026458,0,28,-1185.51
917,15.2833,1296,1250,46,853161,72376.9,0,4.91967e+06,28.8442,0.795185,1058,41,18,0,0,0,0,53,14220,570,0.033905,0,28,-1185.99
918,15.3,1296,1250,46,852268,72433.2,0,4.91967e+06,28.8362,0.799093,1063,36,9,1,0,0,0,35,14344,579,0.033398,0,28,-1186.47
919,15.3167,1296,1250,46,851307,72427,0,4.91967e+06,28.8282,0.791624,1043,28,8,0,0,0,0,38,14237,576,0.03008,0,28,-1186.95
920,15.3333,1296,1250,46,850430,72494.2,0,4.91967e+06,28.8202,0.825281,1046,40,14,0,0,0,0,37,14261,561,0.028195,0,28,-1187.43
921,15.35,1296,1250,46,849511,72509.3,0,4.91967e+06,28.8122,0.788558,1031,42,3,1,0,0,0,36,14307,579,0.029173,0,29,-1187.91
922,15.3667,1296,1250,46,848621,72556.7,0,4.91967e+06,28.8042,0.834021,1013,30,7,0,0,0,0,30,14159,581,0.028915,0,29,-1188.39
923,15.3833,1296,1250,46,847701,72575.9,0,4.91967e+06,28.7962,0.823556,1026,33,13,1,0,0,0,20,14117,591,0.032143,0,29,-1188.86
924,15.4,1296,1250,46,846783,72614.3,0,4.91967e+06,28.7882,0.796052,1029,23,9,0,0,0,0,49,14211,589,0.026271,0,29,-1189.34
925,15.4167,1296,1250,46,845878,72651.8,0,4.91967e+06,28.7802,0.796132,1010,43,8,1,0,0,0,29,14171,581,0.029962,0,29,-1189.82
926,15.4333,1296,1250,46,844975,72701.2,0,4.91967e+06,28.7722,0.796196,1034,33,16,0,0,0,0,49,14279,573,0.022577,0,30,-1190.3
927,15.45,1296,1250,46,844069,72734.3,0,4.91967e+06,28.7643,0.830729,1017,39,14,0,0,0,0,25,14282,580,0.026169,0,30,-1190.78
928,15.4667,1296,1250,46,843157,72785.2,0,4.91967e+06,28.7563,0.797679,1021,27,10,0,0,0,0,30,14140,582,0.025842,0,30,-1191.26
929,15.4833,1296,1250,46,842239,72821.4,0,4.91967e+06,28.7483,0.80748,1004,37,5,0,0,0,0,29,14098,580,0.042986,0,30,-1191.73
930,15.5,1296,1250,46,841331,72866.2,0,4.91967e+06,28.7403,0.790826,1039,36,8,0,0,0,0,50,14182,561,0.023176,0,30,-1192.21
931,15.5167,1296,1250,46,840412,72897.8,0,4.91967e+06,28.7324,0.802305,1035,41,7,1,0,0,0,26,14231,577,0.025279,0,30,-1192.69
932,15.5333,1296,1250,46,839487,72933.7,0,4.91967e+06,28.7244,0.813573,1024,21,11,0,0,0,0,28,14186,599,0.024595,0,30,-1193.17
933,15.55,1296,1250,46,838599,72990.4,0,4.91967e+06,28.7164,0.852085,1020,44,15,1,0,0,0,29,14086,591,0.03054,0,30,-1193.65
934,15.5667,1296,1250,46,837679,73012.5,0,4.91967e+06,28.7085,0.808728,1036,41,14,1,0,0,0,40,14260,572,0.023698,0,30,-1194.12
935,15.5833,1296,1250,46,836766,73045,0,4.91967e+06,28.7005,0.808861,1020,37,11,1,0,0,0,20,14086,579,0.026258,0,30,-1194.6
936,15.6,1296,1250,46,835859,73092.5,0,4.91967e+06,28.6926,0.77535,1034,29,18,0,0,0,0,29,14122,591,0.030867,0,30,-1195.08
937,15.6167,1296,1250,46,834956,73130.2,0,4.91967e+06,28.6846,0.788701,1043,49,9,1,0,0,0,32,14178,573,0.024038,0,30,-1195.56
938,15.6333,1296,1250,46,834038,73159,0,4.91967e+06,28.6767,0.732889,1059,27,15,0,0,0,0,35,14113,581,0.0358,0,30,-1196.03
939,15.65,1296,1250,46,833128,73188.2,0,4.91967e+06,28.6688,0.728228,1016,37,7,0,0,0,0,26,14213,592,0.020477,0,30,-1196.51
940,15.6667,1296,1250,46,832218,73234.4,0,4.91967e+06,28.6608,0.717064,1043,29,10,0,0,0,0,35,14301,580,0.035176,0,30,-1196.99
941,15.6833,1296,1250,46,831312,73278.5,0,4.91967e+06,28.6529,0.729729,1040,35,10,1,0,0,0,35,14198,590,0.031312,0,30,-1197.46
942,15.7,1296,1250,46,830413,73331.6,0,4.91967e+06,28.645,0.7734,1012,28,9,0,0,0,0,31,14205,588,0.025033,0,30,-1197.94
943,15.7167,1296,1250,46,829498,73360,0,4.91967e+06,28.637,0.736419,1036,39,11,0,0,0,0,31,14219,601,0.024599,0,30,-1198.42
944,15.7333,1296,1250,46,828615,73416.7,0,4.91967e+06,28.6291,0.762926,1037,37,16,0,0,0,0,47,14375,593,0.032871,0,31,-1198.89
945,15.75,1296,1250,46,827741,73483.2,0,4.91967e+06,28.6212,0.757328,1024,32,5,0,0,0,0,35,14355,587,0.059563,0,31,-1199.37
946,15.7667,1296,1250,46,826811,73498.6,0,4.91967e+06,28.6133,0.762445,1012,30,15,1,0,0,0,38,14234,590,0.0677,0,31,-1199.84
947,15.7833,1296,1250,46,825919,73542.4,0,4.91967e+06,28.6054,0.787017,1032,35,16,1,0,0,0,34,14261,593,0.044593,0,31,-1200.32
948,15.8,1296,1250,46,825069,73632.2,0,4.91967e+06,28.5974,0.789056,1034,36,12,2,0,0,0,37,14278,593,0.069257,0,31,-1200.8
949,15.8167,1296,1250,46,824149,73636.7,0,4.91967e+06,28.5895,0.732382,1020,46,14,1,0,0,0,20,14380,594,0.04107,0,31,-1201.27
950,15.8333,1296,1250,46,823189,73624.4,0,4.91967e+06,28.5816,0.763758,1029,25,6,0,0,0,0,24,14268,595,0.040774,0,31,-1201.75
951,15.85,1296,1250,46,822291,73660.4,0,4.91967e+06,28.5737,0.736024,1025,43,9,1,0,0,0,28,14292,592,0.035234,0,31,-1202.22
952,15.8667,1296,1250,46,821397,73704.6,0,4.91967e+06,28.5658,0.722252,1010,37,11,2,0,0,0,37,14358,589,0.039256,0,31,-1202.7
953,15.8833,1296,1250,46,820492,73724.5,0,4.91967e+06,28.558,0.731521,1001,43,7,0,0,0,0,31,14613,599,0.026908,0,31,-1203.17
954,15.9,1296,1250,46,818468,72610.2,0,4.91967e+06,28.5501,0.714976,1027,34,9,0,0,0,0,30,14405,600,0.027147,0,31,-1203.65
955,15.9167,1296,1250,46,817524,72576.5,0,4.91967e+06,28.5422,0.709109,1035,36,10,0,0,0,0,31,14430,610,0.025945,0,31,-1204.12
956,15.9333,1296,1250,46,816639,72608.4,0,4.91967e+06,28.5343,0.730046,1035,29,11,1,0,0,0,30,14388,593,0.028461,0,31,-1204.6
957,15.95,1296,1250,46,815794,72668.5,0,4.91967e+06,28.5264,0.805795,1017,43,7,0,0,0,0,33,14459,602,0.029382,0,31,-1205.07
958,15.9667,1296,1250,46,814911,72687.1,0,4.91967e+06,28.5185,0.760845,1040,42,15,0,0,0,0,27,14544,605,0.02889,0,31,-1205.55
959,15.9833,1296,1250,46,814055,72726.9,0,4.91967e+06,28.5107,0.794888,1035,43,10,0,0,0,0,28,14634,595,0.021244,0,31,-1206.02
960,16,1296,1249,47,813168,72748.1,0,4.91967e+06,28.5028,0.775415,1041,30,17,0,0,1,0,31,14472,601,0.02298,0,31,-1206.5
961,16.0167,1296,1249,47,812312,72787.1,0,4.91967e+06,28.4949,0.763908,1052,40,11,1,0,0,0,33,14633,592,0.028436,0,31,-1206.97
962,16.0333,1296,1249,47,811446,72809.9,0,4.91967e+06,28.4871,0.778104,1028,52,8,0,0,0,0,31,14554,594,0.02638,0,31,-1207.45
963,16.05,1296,1249,47,810570,72819.7,0,4.91967e+06,28.4792,0.730497,1039,36,8,0,0,0,0,31,14503,589,0.020036,0,31,-1207.92
964,16.0667,1296,1249,47,809696,72833.4,0,4.91967e+06,28.4714,0.749445,1034,32,6,0,0,0,0,27,14547,586,0.021401,0,31,-1208.39
965,16.0833,1296,1249,47,808838,72865.7,0,4.91967e+06,28.4635,0.7263,1056,35,3,0,0,0,0,38,14371,599,0.022611,0,31,-1208.87
966,16.1,1296,1249,47,807966,72887.7,0,4.91967e+06,28.4557,0.691332,1033,28,5,0,0,0,0,25,14593,599,0.025721,0,31,-1209.34
967,16.1167,1296,1249,47,807125,72927.9,0,4.91967e+06,28.4478,0.749666,1008,49,6,1,0,0,0,38,14426,596,0.027441,0,31,-1209.81
